-- phpMyAdmin SQL Dump
-- version 4.3.11
-- http://www.phpmyadmin.net
--
-- Host: 127.0.0.1
-- Generation Time: Jun 08, 2015 at 01:09 PM
-- Server version: 5.6.24
-- PHP Version: 5.6.8

SET SQL_MODE = "NO_AUTO_VALUE_ON_ZERO";
SET time_zone = "+00:00";


/*!40101 SET @OLD_CHARACTER_SET_CLIENT=@@CHARACTER_SET_CLIENT */;
/*!40101 SET @OLD_CHARACTER_SET_RESULTS=@@CHARACTER_SET_RESULTS */;
/*!40101 SET @OLD_COLLATION_CONNECTION=@@COLLATION_CONNECTION */;
/*!40101 SET NAMES utf8 */;

--
-- Database: `youapp`
--
CREATE DATABASE IF NOT EXISTS `youapp` DEFAULT CHARACTER SET latin1 COLLATE latin1_swedish_ci;
USE `youapp`;

-- --------------------------------------------------------

--
-- Table structure for table `about`
--

CREATE TABLE IF NOT EXISTS `about` (
  `id_about` int(11) NOT NULL,
  `question` text COLLATE utf8_unicode_ci NOT NULL
) ENGINE=InnoDB DEFAULT CHARSET=utf8 COLLATE=utf8_unicode_ci;

-- --------------------------------------------------------

--
-- Table structure for table `accesslevel`
--

CREATE TABLE IF NOT EXISTS `accesslevel` (
  `id_access_level` int(11) NOT NULL,
  `description` varchar(45) COLLATE utf8_unicode_ci NOT NULL
) ENGINE=InnoDB AUTO_INCREMENT=3 DEFAULT CHARSET=utf8 COLLATE=utf8_unicode_ci;

--
-- Dumping data for table `accesslevel`
--

INSERT INTO `accesslevel` (`id_access_level`, `description`) VALUES
(1, 'Admin'),
(2, 'User');

-- --------------------------------------------------------

--
-- Table structure for table `characterattribute`
--

CREATE TABLE IF NOT EXISTS `characterattribute` (
  `id_character_attribute` int(11) NOT NULL,
  `attribute` varchar(85) COLLATE utf8_unicode_ci NOT NULL
) ENGINE=InnoDB DEFAULT CHARSET=utf8 COLLATE=utf8_unicode_ci;

-- --------------------------------------------------------

--
-- Table structure for table `conversationgroup`
--

CREATE TABLE IF NOT EXISTS `conversationgroup` (
  `id_conversation_group` bigint(20) NOT NULL
) ENGINE=InnoDB AUTO_INCREMENT=10 DEFAULT CHARSET=utf8 COLLATE=utf8_unicode_ci;

--
-- Dumping data for table `conversationgroup`
--

INSERT INTO `conversationgroup` (`id_conversation_group`) VALUES
(1),
(2),
(3),
(4),
(5),
(6),
(7),
(8),
(9);

-- --------------------------------------------------------

--
-- Table structure for table `conversationparticipant`
--

CREATE TABLE IF NOT EXISTS `conversationparticipant` (
  `id_person` bigint(20) NOT NULL,
  `id_conversation_group` bigint(20) NOT NULL,
  `new_messages` tinyint(1) NOT NULL,
  `last_conversation_clear` datetime NOT NULL
) ENGINE=InnoDB DEFAULT CHARSET=utf8 COLLATE=utf8_unicode_ci;

--
-- Dumping data for table `conversationparticipant`
--

INSERT INTO `conversationparticipant` (`id_person`, `id_conversation_group`, `new_messages`, `last_conversation_clear`) VALUES
(1, 9, 1, '1970-01-01 01:00:00'),
(2, 4, 1, '1970-01-01 01:00:00'),
(2, 5, 1, '1970-01-01 01:00:00'),
(3, 1, 1, '2012-10-27 21:30:04'),
(3, 4, 1, '1970-01-01 01:00:00'),
(3, 5, 0, '2012-10-19 11:03:01'),
(3, 6, 0, '1970-01-01 01:00:00'),
(3, 7, 1, '2012-10-18 17:58:08'),
(3, 8, 0, '1970-01-01 01:00:00'),
(3, 9, 1, '1970-01-01 01:00:00'),
(4, 1, 1, '1970-01-01 01:00:00'),
(4, 4, 1, '1970-01-01 01:00:00'),
(4, 8, 1, '1970-01-01 01:00:00'),
(5, 7, 1, '1970-01-01 01:00:00'),
(5, 8, 1, '1970-01-01 01:00:00'),
(6, 9, 0, '2013-05-08 11:01:25');

-- --------------------------------------------------------

--
-- Table structure for table `diet`
--

CREATE TABLE IF NOT EXISTS `diet` (
  `id_diet` int(11) NOT NULL,
  `name` varchar(85) COLLATE utf8_unicode_ci NOT NULL
) ENGINE=InnoDB DEFAULT CHARSET=utf8 COLLATE=utf8_unicode_ci;

-- --------------------------------------------------------

--
-- Table structure for table `education`
--

CREATE TABLE IF NOT EXISTS `education` (
  `id_education` int(11) NOT NULL,
  `name` varchar(85) COLLATE utf8_unicode_ci NOT NULL
) ENGINE=InnoDB DEFAULT CHARSET=utf8 COLLATE=utf8_unicode_ci;

-- --------------------------------------------------------

--
-- Table structure for table `facebookfriendship`
--

CREATE TABLE IF NOT EXISTS `facebookfriendship` (
  `id_source` bigint(20) NOT NULL,
  `id_target` bigint(20) NOT NULL
) ENGINE=InnoDB DEFAULT CHARSET=utf8 COLLATE=utf8_unicode_ci;

--
-- Dumping data for table `facebookfriendship`
--

INSERT INTO `facebookfriendship` (`id_source`, `id_target`) VALUES
(514580703, 79300277),
(514580703, 210100447),
(514580703, 507067440),
(514580703, 514322805),
(514580703, 538165390),
(514580703, 554585908),
(514580703, 564396061),
(514580703, 584677401),
(514580703, 599776549),
(514580703, 603704688),
(514580703, 605801105),
(514580703, 609236192),
(514580703, 610691395),
(514580703, 624856661),
(514580703, 638465207),
(514580703, 640059377),
(514580703, 640103487),
(514580703, 660767278),
(514580703, 673848705),
(514580703, 678204394),
(514580703, 684986788),
(514580703, 689449370),
(514580703, 690528284),
(514580703, 726090886),
(514580703, 726923659),
(514580703, 744830831),
(514580703, 750654494),
(514580703, 753007053),
(514580703, 762660689),
(514580703, 764624467),
(514580703, 769309516),
(514580703, 776264078),
(514580703, 783359603),
(514580703, 785339588),
(514580703, 790911379),
(514580703, 820219110),
(514580703, 822675383),
(514580703, 905785076),
(514580703, 907760320),
(514580703, 1036253068),
(514580703, 1060359733),
(514580703, 1072841708),
(514580703, 1082790275),
(514580703, 1103644430),
(514580703, 1115495576),
(514580703, 1154164022),
(514580703, 1155122347),
(514580703, 1161518281),
(514580703, 1188950790),
(514580703, 1189084853),
(514580703, 1197193505),
(514580703, 1220716169),
(514580703, 1229591727),
(514580703, 1231761346),
(514580703, 1249931839),
(514580703, 1252161617),
(514580703, 1257111037),
(514580703, 1265202697),
(514580703, 1281852588),
(514580703, 1298087201),
(514580703, 1304022040),
(514580703, 1329752726),
(514580703, 1338087617),
(514580703, 1358556289),
(514580703, 1368258513),
(514580703, 1377204424),
(514580703, 1394349118),
(514580703, 1395514158),
(514580703, 1422661081),
(514580703, 1440324064),
(514580703, 1446347874),
(514580703, 1452588155),
(514580703, 1460241898),
(514580703, 1494344208),
(514580703, 1502703907),
(514580703, 1516214972),
(514580703, 1524991583),
(514580703, 1537815650),
(514580703, 1568831997),
(514580703, 1574978381),
(514580703, 1595911905),
(514580703, 1597235208),
(514580703, 1600488750),
(514580703, 1637874324),
(514580703, 1646402420),
(514580703, 1693856349),
(514580703, 1710201003),
(514580703, 1752229431),
(514580703, 1756117558),
(514580703, 1828325479),
(514580703, 1836261801),
(514580703, 100000030293607),
(514580703, 100000048530637),
(514580703, 100000072263249),
(514580703, 100000153991685),
(514580703, 100000155887671),
(514580703, 100000163051065),
(514580703, 100000185608770),
(514580703, 100000203326532),
(514580703, 100000206185212),
(514580703, 100000207622875),
(514580703, 100000212585367),
(514580703, 100000218028588),
(514580703, 100000218276626),
(514580703, 100000219436069),
(514580703, 100000228373433),
(514580703, 100000241975043),
(514580703, 100000262546179),
(514580703, 100000275056029),
(514580703, 100000278952887),
(514580703, 100000280146499),
(514580703, 100000285171868),
(514580703, 100000316311656),
(514580703, 100000348990675),
(514580703, 100000361321069),
(514580703, 100000384505883),
(514580703, 100000394127582),
(514580703, 100000406970912),
(514580703, 100000407456650),
(514580703, 100000419086181),
(514580703, 100000419713463),
(514580703, 100000433858309),
(514580703, 100000437118150),
(514580703, 100000445114491),
(514580703, 100000450797869),
(514580703, 100000465385513),
(514580703, 100000478530290),
(514580703, 100000516117596),
(514580703, 100000526117696),
(514580703, 100000531072805),
(514580703, 100000539957301),
(514580703, 100000544917250),
(514580703, 100000552043920),
(514580703, 100000586522299),
(514580703, 100000600468514),
(514580703, 100000608477338),
(514580703, 100000616773731),
(514580703, 100000622725051),
(514580703, 100000625119438),
(514580703, 100000680732780),
(514580703, 100000688346503),
(514580703, 100000690212221),
(514580703, 100000702016689),
(514580703, 100000712971112),
(514580703, 100000716385832),
(514580703, 100000727648144),
(514580703, 100000731389584),
(514580703, 100000731858913),
(514580703, 100000738206487),
(514580703, 100000746118097),
(514580703, 100000748026747),
(514580703, 100000761090937),
(514580703, 100000766300635),
(514580703, 100000778950253),
(514580703, 100000785411966),
(514580703, 100000805752478),
(514580703, 100000808206798),
(514580703, 100000815492352),
(514580703, 100000874069529),
(514580703, 100000875927360),
(514580703, 100000916862977),
(514580703, 100000928984517),
(514580703, 100000930067248),
(514580703, 100000943247859),
(514580703, 100000966972732),
(514580703, 100000986252546),
(514580703, 100001039294248),
(514580703, 100001043133582),
(514580703, 100001091513166),
(514580703, 100001211228243),
(514580703, 100001300891853),
(514580703, 100001308448601),
(514580703, 100001338470943),
(514580703, 100001363351117),
(514580703, 100001369923795),
(514580703, 100001418226717),
(514580703, 100001462340345),
(514580703, 100001482393522),
(514580703, 100001576738297),
(514580703, 100001636622802),
(514580703, 100001725871842),
(514580703, 100001830270678),
(514580703, 100001887236442),
(514580703, 100001890169136),
(514580703, 100001897932145),
(514580703, 100001940517912),
(514580703, 100001979972123),
(514580703, 100002069394341),
(514580703, 100002269159186),
(514580703, 100002344744513),
(514580703, 100002354038413),
(514580703, 100002415994270),
(514580703, 100002419390972),
(514580703, 100002523729584),
(514580703, 100002886507761),
(514580703, 100002906624978),
(514580703, 100002955846996),
(514580703, 100003086867443),
(514580703, 100003150576393),
(514580703, 100003196111231),
(514580703, 100003322329176),
(514580703, 100003931084461),
(514580703, 100004289702560),
(514580703, 100004742132988),
(514580703, 100004976583870),
(514580703, 100005008234286),
(698827801, 513986947),
(698827801, 528307744),
(698827801, 554952235),
(698827801, 556500261),
(698827801, 556644030),
(698827801, 569232671),
(698827801, 586044227),
(698827801, 591543636),
(698827801, 597479947),
(698827801, 629681854),
(698827801, 645192082),
(698827801, 648741387),
(698827801, 649787744),
(698827801, 652537597),
(698827801, 665361998),
(698827801, 665780089),
(698827801, 666006092),
(698827801, 666202068),
(698827801, 666302778),
(698827801, 666490519),
(698827801, 707616396),
(698827801, 713757670),
(698827801, 714425726),
(698827801, 715787158),
(698827801, 722710747),
(698827801, 729595972),
(698827801, 730405777),
(698827801, 740530743),
(698827801, 756780961),
(698827801, 770679609),
(698827801, 770822570),
(698827801, 779837041),
(698827801, 783754033),
(698827801, 784253307),
(698827801, 785408587),
(698827801, 785921601),
(698827801, 786502434),
(698827801, 820892968),
(698827801, 866515248),
(698827801, 1002986929),
(698827801, 1016841880),
(698827801, 1019791201),
(698827801, 1027654825),
(698827801, 1035097947),
(698827801, 1040408122),
(698827801, 1044872559),
(698827801, 1045540801),
(698827801, 1046758879),
(698827801, 1049390090),
(698827801, 1050843817),
(698827801, 1052226025),
(698827801, 1054477279),
(698827801, 1054952098),
(698827801, 1055465729),
(698827801, 1076283657),
(698827801, 1076569203),
(698827801, 1080907185),
(698827801, 1091732286),
(698827801, 1126894941),
(698827801, 1135636974),
(698827801, 1137265249),
(698827801, 1141224263),
(698827801, 1146964094),
(698827801, 1154580375),
(698827801, 1156731335),
(698827801, 1166340645),
(698827801, 1190033924),
(698827801, 1190461783),
(698827801, 1195538208),
(698827801, 1200352272),
(698827801, 1203422570),
(698827801, 1209947464),
(698827801, 1210614880),
(698827801, 1215997079),
(698827801, 1219932403),
(698827801, 1234292637),
(698827801, 1255196563),
(698827801, 1261579581),
(698827801, 1263081263),
(698827801, 1268024929),
(698827801, 1273024264),
(698827801, 1286529613),
(698827801, 1290275832),
(698827801, 1307709250),
(698827801, 1313415999),
(698827801, 1314313946),
(698827801, 1333140706),
(698827801, 1336543990),
(698827801, 1346501539),
(698827801, 1351274046),
(698827801, 1351882018),
(698827801, 1356797510),
(698827801, 1357887188),
(698827801, 1363464667),
(698827801, 1368139575),
(698827801, 1369243971),
(698827801, 1370071033),
(698827801, 1378869929),
(698827801, 1379665907),
(698827801, 1384887786),
(698827801, 1397320790),
(698827801, 1404093973),
(698827801, 1418937176),
(698827801, 1421499118),
(698827801, 1430329713),
(698827801, 1448348455),
(698827801, 1451323051),
(698827801, 1465309854),
(698827801, 1474511389),
(698827801, 1475105167),
(698827801, 1493755797),
(698827801, 1513462658),
(698827801, 1517351678),
(698827801, 1527041125),
(698827801, 1542725090),
(698827801, 1551876883),
(698827801, 1557296069),
(698827801, 1558225900),
(698827801, 1558451416),
(698827801, 1583135483),
(698827801, 1584005070),
(698827801, 1584813754),
(698827801, 1612842694),
(698827801, 1629942037),
(698827801, 1708609764),
(698827801, 100000122066375),
(698827801, 100000137427660),
(698827801, 100000338599167),
(698827801, 100000381724228),
(698827801, 100000487189710),
(698827801, 100000553339295),
(698827801, 100000860062124),
(698827801, 100000930582589),
(698827801, 100001381680193),
(698827801, 100001678245282),
(698827801, 100002117326166),
(698827801, 100002200970151),
(698827801, 100002300782607),
(1447030326, 705340),
(1447030326, 1529853),
(1447030326, 501592400),
(1447030326, 503045902),
(1447030326, 503322227),
(1447030326, 506004191),
(1447030326, 506248986),
(1447030326, 507354686),
(1447030326, 511603545),
(1447030326, 514897232),
(1447030326, 516296724),
(1447030326, 518930325),
(1447030326, 519087752),
(1447030326, 520412160),
(1447030326, 520862930),
(1447030326, 521271684),
(1447030326, 528556212),
(1447030326, 529203443),
(1447030326, 529905857),
(1447030326, 530824611),
(1447030326, 530874099),
(1447030326, 532612840),
(1447030326, 532889689),
(1447030326, 533288000),
(1447030326, 533348211),
(1447030326, 533606548),
(1447030326, 534200083),
(1447030326, 535563370),
(1447030326, 538153858),
(1447030326, 540750994),
(1447030326, 542119463),
(1447030326, 547118890),
(1447030326, 552023080),
(1447030326, 552169611),
(1447030326, 552194975),
(1447030326, 553492738),
(1447030326, 555298448),
(1447030326, 555360988),
(1447030326, 556446589),
(1447030326, 558999732),
(1447030326, 561783412),
(1447030326, 563250038),
(1447030326, 563384761),
(1447030326, 567240799),
(1447030326, 567561680),
(1447030326, 568245466),
(1447030326, 569928254),
(1447030326, 571195130),
(1447030326, 571203157),
(1447030326, 571977111),
(1447030326, 572705471),
(1447030326, 573502145),
(1447030326, 576905110),
(1447030326, 578512185),
(1447030326, 580545422),
(1447030326, 581110892),
(1447030326, 586167581),
(1447030326, 587100131),
(1447030326, 590202038),
(1447030326, 590876669),
(1447030326, 592417726),
(1447030326, 593181046),
(1447030326, 595278384),
(1447030326, 595466091),
(1447030326, 596057257),
(1447030326, 597475194),
(1447030326, 597475480),
(1447030326, 597672228),
(1447030326, 602259353),
(1447030326, 602656352),
(1447030326, 606319571),
(1447030326, 607698166),
(1447030326, 609331763),
(1447030326, 609492701),
(1447030326, 609633001),
(1447030326, 609854122),
(1447030326, 610172731),
(1447030326, 611054876),
(1447030326, 616020580),
(1447030326, 624112349),
(1447030326, 627174821),
(1447030326, 629905311),
(1447030326, 630539180),
(1447030326, 630766611),
(1447030326, 632304535),
(1447030326, 635115166),
(1447030326, 636857532),
(1447030326, 639589101),
(1447030326, 639846873),
(1447030326, 643379529),
(1447030326, 643869587),
(1447030326, 651919059),
(1447030326, 661378814),
(1447030326, 668167622),
(1447030326, 672668715),
(1447030326, 674744718),
(1447030326, 675689627),
(1447030326, 677671630),
(1447030326, 678361943),
(1447030326, 681145055),
(1447030326, 681812164),
(1447030326, 682162831),
(1447030326, 685158816),
(1447030326, 685746022),
(1447030326, 690001122),
(1447030326, 694667840),
(1447030326, 698149896),
(1447030326, 704975982),
(1447030326, 706498919),
(1447030326, 707226251),
(1447030326, 709909010),
(1447030326, 711414649),
(1447030326, 713267025),
(1447030326, 715756007),
(1447030326, 718500482),
(1447030326, 724958773),
(1447030326, 725732343),
(1447030326, 728713078),
(1447030326, 730534872),
(1447030326, 737194171),
(1447030326, 737454484),
(1447030326, 739408353),
(1447030326, 742302181),
(1447030326, 747385569),
(1447030326, 750221420),
(1447030326, 754747297),
(1447030326, 757022262),
(1447030326, 758173928),
(1447030326, 760535214),
(1447030326, 763997247),
(1447030326, 769325093),
(1447030326, 770009951),
(1447030326, 773547286),
(1447030326, 774692828),
(1447030326, 774768623),
(1447030326, 781320060),
(1447030326, 781769828),
(1447030326, 781808999),
(1447030326, 783528655),
(1447030326, 783565452),
(1447030326, 785339030),
(1447030326, 786285571),
(1447030326, 788783490),
(1447030326, 789075971),
(1447030326, 817299675),
(1447030326, 843847883),
(1447030326, 848765316),
(1447030326, 855395092),
(1447030326, 867730626),
(1447030326, 897170275),
(1447030326, 1001648798),
(1447030326, 1003252881),
(1447030326, 1006322992),
(1447030326, 1007726900),
(1447030326, 1008007866),
(1447030326, 1012536492),
(1447030326, 1013576674),
(1447030326, 1014330735),
(1447030326, 1015242411),
(1447030326, 1016373183),
(1447030326, 1017982016),
(1447030326, 1024698796),
(1447030326, 1028705001),
(1447030326, 1029635948),
(1447030326, 1032354009),
(1447030326, 1033337683),
(1447030326, 1036277590),
(1447030326, 1041510864),
(1447030326, 1041973257),
(1447030326, 1042537939),
(1447030326, 1044663087),
(1447030326, 1045498179),
(1447030326, 1045596530),
(1447030326, 1048680925),
(1447030326, 1049985995),
(1447030326, 1050667516),
(1447030326, 1053680132),
(1447030326, 1059006689),
(1447030326, 1060854216),
(1447030326, 1062482548),
(1447030326, 1066848285),
(1447030326, 1067005071),
(1447030326, 1068192311),
(1447030326, 1069567338),
(1447030326, 1076597024),
(1447030326, 1077936256),
(1447030326, 1078014050),
(1447030326, 1086131515),
(1447030326, 1086803018),
(1447030326, 1090207784),
(1447030326, 1091721477),
(1447030326, 1100201359),
(1447030326, 1100631920),
(1447030326, 1105611760),
(1447030326, 1110831668),
(1447030326, 1111905815),
(1447030326, 1114902719),
(1447030326, 1115873741),
(1447030326, 1116115054),
(1447030326, 1116908019),
(1447030326, 1117294741),
(1447030326, 1118661949),
(1447030326, 1119523755),
(1447030326, 1123311634),
(1447030326, 1124377785),
(1447030326, 1125865341),
(1447030326, 1128693785),
(1447030326, 1129025221),
(1447030326, 1130164470),
(1447030326, 1130533100),
(1447030326, 1130783523),
(1447030326, 1131555220),
(1447030326, 1133260303),
(1447030326, 1133982441),
(1447030326, 1134984752),
(1447030326, 1135166847),
(1447030326, 1135192182),
(1447030326, 1149279400),
(1447030326, 1158234019),
(1447030326, 1159103543),
(1447030326, 1162733527),
(1447030326, 1162843157),
(1447030326, 1169332647),
(1447030326, 1173242855),
(1447030326, 1175543811),
(1447030326, 1176721117),
(1447030326, 1181022842),
(1447030326, 1183882251),
(1447030326, 1186973406),
(1447030326, 1187091417),
(1447030326, 1192428049),
(1447030326, 1199453133),
(1447030326, 1207396948),
(1447030326, 1207622385),
(1447030326, 1212241778),
(1447030326, 1215771693),
(1447030326, 1216162995),
(1447030326, 1218236103),
(1447030326, 1218476429),
(1447030326, 1223762351),
(1447030326, 1224434995),
(1447030326, 1234669314),
(1447030326, 1242202708),
(1447030326, 1245822500),
(1447030326, 1246231553),
(1447030326, 1247051404),
(1447030326, 1247494854),
(1447030326, 1257901222),
(1447030326, 1270985993),
(1447030326, 1273321048),
(1447030326, 1275640028),
(1447030326, 1276623341),
(1447030326, 1279937162),
(1447030326, 1280777801),
(1447030326, 1281827605),
(1447030326, 1283081420),
(1447030326, 1286195981),
(1447030326, 1288571747),
(1447030326, 1290670045),
(1447030326, 1294850870),
(1447030326, 1295314788),
(1447030326, 1299642059),
(1447030326, 1300329178),
(1447030326, 1302835800),
(1447030326, 1314464980),
(1447030326, 1318806403),
(1447030326, 1320737506),
(1447030326, 1323321758),
(1447030326, 1328417219),
(1447030326, 1332280942),
(1447030326, 1333105731),
(1447030326, 1333129031),
(1447030326, 1333790719),
(1447030326, 1333989221),
(1447030326, 1336212304),
(1447030326, 1344438729),
(1447030326, 1345037132),
(1447030326, 1345788861),
(1447030326, 1347306282),
(1447030326, 1348530690),
(1447030326, 1348550315),
(1447030326, 1350407170),
(1447030326, 1350837040),
(1447030326, 1351501426),
(1447030326, 1355810008),
(1447030326, 1362730651),
(1447030326, 1363512736),
(1447030326, 1365168112),
(1447030326, 1366047050),
(1447030326, 1367731462),
(1447030326, 1368069500),
(1447030326, 1372855708),
(1447030326, 1379736498),
(1447030326, 1380901215),
(1447030326, 1383961437),
(1447030326, 1385144300),
(1447030326, 1386369831),
(1447030326, 1386504825),
(1447030326, 1386793583),
(1447030326, 1389874587),
(1447030326, 1391028981),
(1447030326, 1393381001),
(1447030326, 1396986357),
(1447030326, 1398063688),
(1447030326, 1400247385),
(1447030326, 1401006402),
(1447030326, 1404530697),
(1447030326, 1404804809),
(1447030326, 1405835095),
(1447030326, 1406001082),
(1447030326, 1406383898),
(1447030326, 1409118529),
(1447030326, 1409777427),
(1447030326, 1416009681),
(1447030326, 1418100901),
(1447030326, 1419754342),
(1447030326, 1419866900),
(1447030326, 1421401108),
(1447030326, 1423174886),
(1447030326, 1423581191),
(1447030326, 1423673960),
(1447030326, 1424347929),
(1447030326, 1425244710),
(1447030326, 1425688028),
(1447030326, 1427722606),
(1447030326, 1427944345),
(1447030326, 1432205003),
(1447030326, 1434765038),
(1447030326, 1435434580),
(1447030326, 1436494023),
(1447030326, 1436962696),
(1447030326, 1441667487),
(1447030326, 1442891776),
(1447030326, 1444806284),
(1447030326, 1445066432),
(1447030326, 1446061251),
(1447030326, 1446832218),
(1447030326, 1447555057),
(1447030326, 1451497788),
(1447030326, 1454101997),
(1447030326, 1456041181),
(1447030326, 1457500436),
(1447030326, 1459083427),
(1447030326, 1462461436),
(1447030326, 1462565677),
(1447030326, 1469124105),
(1447030326, 1471120376),
(1447030326, 1471565063),
(1447030326, 1478066349),
(1447030326, 1479304705),
(1447030326, 1481052082),
(1447030326, 1481282490),
(1447030326, 1481493455),
(1447030326, 1481630882),
(1447030326, 1482154679),
(1447030326, 1483867557),
(1447030326, 1485396365),
(1447030326, 1486489330),
(1447030326, 1488274696),
(1447030326, 1488308064),
(1447030326, 1490270224),
(1447030326, 1492767592),
(1447030326, 1492986871),
(1447030326, 1493542596),
(1447030326, 1496570800),
(1447030326, 1497274714),
(1447030326, 1500974957),
(1447030326, 1503781010),
(1447030326, 1503948106),
(1447030326, 1505003008),
(1447030326, 1507634161),
(1447030326, 1510893256),
(1447030326, 1512091553),
(1447030326, 1520607073),
(1447030326, 1522483633),
(1447030326, 1523228674),
(1447030326, 1524637716),
(1447030326, 1524654786),
(1447030326, 1526117167),
(1447030326, 1530352351),
(1447030326, 1533307921),
(1447030326, 1533369511),
(1447030326, 1534548201),
(1447030326, 1535307547),
(1447030326, 1536429194),
(1447030326, 1537300541),
(1447030326, 1537462988),
(1447030326, 1537691578),
(1447030326, 1538326783),
(1447030326, 1538412569),
(1447030326, 1540146390),
(1447030326, 1544994630),
(1447030326, 1546016849),
(1447030326, 1550929999),
(1447030326, 1554600600),
(1447030326, 1555915929),
(1447030326, 1565630377),
(1447030326, 1567848225),
(1447030326, 1568266716),
(1447030326, 1568538236),
(1447030326, 1571161479),
(1447030326, 1576662791),
(1447030326, 1582696547),
(1447030326, 1592770708),
(1447030326, 1597164627),
(1447030326, 1602240676),
(1447030326, 1602422919),
(1447030326, 1603001088),
(1447030326, 1604353809),
(1447030326, 1609422156),
(1447030326, 1609592723),
(1447030326, 1609622739),
(1447030326, 1613531033),
(1447030326, 1614405650),
(1447030326, 1616451869),
(1447030326, 1616885039),
(1447030326, 1617159803),
(1447030326, 1618824520),
(1447030326, 1620279648),
(1447030326, 1622626495),
(1447030326, 1624062388),
(1447030326, 1625412883),
(1447030326, 1629489641),
(1447030326, 1635331308),
(1447030326, 1639775518),
(1447030326, 1640244063),
(1447030326, 1643257422),
(1447030326, 1645214252),
(1447030326, 1650483825),
(1447030326, 1653162043),
(1447030326, 1658450047),
(1447030326, 1658973617),
(1447030326, 1668147628),
(1447030326, 1672742568),
(1447030326, 1706068734),
(1447030326, 1832236595),
(1447030326, 100000020762344),
(1447030326, 100000100252096),
(1447030326, 100000102018433),
(1447030326, 100000105961153),
(1447030326, 100000135622557),
(1447030326, 100000160055530),
(1447030326, 100000160282732),
(1447030326, 100000161253781),
(1447030326, 100000190545501),
(1447030326, 100000208344907),
(1447030326, 100000279713338),
(1447030326, 100000380746672),
(1447030326, 100000401452896),
(1447030326, 100000512492648),
(1447030326, 100000570598149),
(1447030326, 100000698297868),
(1447030326, 100000702824783),
(1447030326, 100000741101584),
(1447030326, 100000762752842),
(1447030326, 100000839513769),
(1447030326, 100000888277338),
(1447030326, 100000948088694),
(1447030326, 100000966972732),
(1447030326, 100001012239304),
(1447030326, 100001042376597),
(1447030326, 100001118556256),
(1447030326, 100001218844384),
(1447030326, 100001224859344),
(1447030326, 100001239128640),
(1447030326, 100001381216559),
(1447030326, 100001445331398),
(1447030326, 100001486269878),
(1447030326, 100001488976237),
(1447030326, 100001583857764),
(1447030326, 100001587345656),
(1447030326, 100001646950111),
(1447030326, 100001686046159),
(1447030326, 100001719230082),
(1447030326, 100001760205637),
(1447030326, 100001789985625),
(1447030326, 100001801744129),
(1447030326, 100001825744572),
(1447030326, 100001960739046),
(1447030326, 100001993657478),
(1447030326, 100002072432242),
(1447030326, 100002308531230),
(1447030326, 100002327421293),
(1447030326, 100002429887506),
(1447030326, 100002553796278),
(1447030326, 100002636530465),
(1447030326, 100002649311571),
(1447030326, 100002690243064),
(1447030326, 100002886860766),
(1447030326, 100002922120919),
(1447030326, 100002927753305),
(1447030326, 100002954257561),
(1447030326, 100002968222090),
(1447030326, 100003251812737),
(1447030326, 100003469115074),
(1447030326, 100003472014007),
(1447030326, 100003533651799),
(1447030326, 100003537942823),
(1447030326, 100004024110470),
(100000966972732, 404853),
(100000966972732, 705340),
(100000966972732, 9802466),
(100000966972732, 28135454),
(100000966972732, 121100813),
(100000966972732, 121403804),
(100000966972732, 122500373),
(100000966972732, 164201325),
(100000966972732, 500394566),
(100000966972732, 510772158),
(100000966972732, 514470761),
(100000966972732, 515715387),
(100000966972732, 529461927),
(100000966972732, 529653006),
(100000966972732, 535376266),
(100000966972732, 557510213),
(100000966972732, 561615381),
(100000966972732, 593172008),
(100000966972732, 610270632),
(100000966972732, 626182889),
(100000966972732, 632115071),
(100000966972732, 649787744),
(100000966972732, 670433554),
(100000966972732, 682057500),
(100000966972732, 690764177),
(100000966972732, 698827801),
(100000966972732, 724321711),
(100000966972732, 729361514),
(100000966972732, 731239967),
(100000966972732, 734710390),
(100000966972732, 742356888),
(100000966972732, 747385569),
(100000966972732, 767885602),
(100000966972732, 789450838),
(100000966972732, 801452887),
(100000966972732, 1001177277),
(100000966972732, 1039018795),
(100000966972732, 1045503949),
(100000966972732, 1061633830),
(100000966972732, 1065962533),
(100000966972732, 1073161306),
(100000966972732, 1083291704),
(100000966972732, 1085643757),
(100000966972732, 1096663054),
(100000966972732, 1104040489),
(100000966972732, 1118276176),
(100000966972732, 1121911499),
(100000966972732, 1141224263),
(100000966972732, 1149669218),
(100000966972732, 1174366116),
(100000966972732, 1180770372),
(100000966972732, 1182409069),
(100000966972732, 1182420336),
(100000966972732, 1194773768),
(100000966972732, 1203394254),
(100000966972732, 1208545655),
(100000966972732, 1227788017),
(100000966972732, 1245081854),
(100000966972732, 1245707761),
(100000966972732, 1257551529),
(100000966972732, 1259876708),
(100000966972732, 1263567476),
(100000966972732, 1264016677),
(100000966972732, 1266373302),
(100000966972732, 1269258367),
(100000966972732, 1278428457),
(100000966972732, 1283002409),
(100000966972732, 1288689646),
(100000966972732, 1298259655),
(100000966972732, 1352127219),
(100000966972732, 1358424532),
(100000966972732, 1361816036),
(100000966972732, 1362645184),
(100000966972732, 1375428818),
(100000966972732, 1382770972),
(100000966972732, 1403297165),
(100000966972732, 1410171453),
(100000966972732, 1411037058),
(100000966972732, 1412780970),
(100000966972732, 1421372642),
(100000966972732, 1436921697),
(100000966972732, 1447030326),
(100000966972732, 1449787373),
(100000966972732, 1450308735),
(100000966972732, 1451262938),
(100000966972732, 1472060978),
(100000966972732, 1475105167),
(100000966972732, 1476497717),
(100000966972732, 1482662501),
(100000966972732, 1484856549),
(100000966972732, 1489313915),
(100000966972732, 1502134354),
(100000966972732, 1504396267),
(100000966972732, 1505097957),
(100000966972732, 1507066015),
(100000966972732, 1544095767),
(100000966972732, 1548242639),
(100000966972732, 1549952288),
(100000966972732, 1550385364),
(100000966972732, 1550415403),
(100000966972732, 1552747018),
(100000966972732, 1557247134),
(100000966972732, 1558125446),
(100000966972732, 1562085018),
(100000966972732, 1573426117),
(100000966972732, 1610165086),
(100000966972732, 1633076719),
(100000966972732, 1639823365),
(100000966972732, 1649501565),
(100000966972732, 1664123674),
(100000966972732, 1676336267),
(100000966972732, 1677012755),
(100000966972732, 1727238078),
(100000966972732, 1733320117),
(100000966972732, 1766724200),
(100000966972732, 1802204274),
(100000966972732, 1809226318),
(100000966972732, 100000013792911),
(100000966972732, 100000016465451),
(100000966972732, 100000068297596),
(100000966972732, 100000105091998),
(100000966972732, 100000126511909),
(100000966972732, 100000130397275),
(100000966972732, 100000154796310),
(100000966972732, 100000164025441),
(100000966972732, 100000166597943),
(100000966972732, 100000253343674),
(100000966972732, 100000276084862),
(100000966972732, 100000328131660),
(100000966972732, 100000333184389),
(100000966972732, 100000341089202),
(100000966972732, 100000370558074),
(100000966972732, 100000399722930),
(100000966972732, 100000403239154),
(100000966972732, 100000430731976),
(100000966972732, 100000495152513),
(100000966972732, 100000563423574),
(100000966972732, 100000582428883),
(100000966972732, 100000604572865),
(100000966972732, 100000608480496),
(100000966972732, 100000614466779),
(100000966972732, 100000638162500),
(100000966972732, 100000696030151),
(100000966972732, 100000708450403),
(100000966972732, 100000721509525),
(100000966972732, 100000902079735),
(100000966972732, 100000913507995),
(100000966972732, 100000956992633),
(100000966972732, 100001098669660),
(100000966972732, 100001169588766),
(100000966972732, 100001195576336),
(100000966972732, 100001199014011),
(100000966972732, 100001211464254),
(100000966972732, 100001280403256),
(100000966972732, 100001290192237),
(100000966972732, 100001682092356),
(100000966972732, 100001696126900),
(100000966972732, 100001870097895),
(100000966972732, 100001907595831),
(100000966972732, 100002007808719),
(100000966972732, 100002117326166),
(100000966972732, 100002175374713),
(100000966972732, 100002299887543),
(100000966972732, 100002330768804),
(100000966972732, 100002450285392),
(100000966972732, 100002498033494),
(100000966972732, 100002599578310),
(100000966972732, 100003308434114),
(100000966972732, 100003541962124),
(100000966972732, 100003556138599),
(100000966972732, 100003767307285),
(100000966972732, 100003847904030),
(100000966972732, 100004034304699),
(100000966972732, 100004038682840),
(100002117326166, 503767429),
(100002117326166, 510196179),
(100002117326166, 513501287),
(100002117326166, 539752543),
(100002117326166, 540963824),
(100002117326166, 563488034),
(100002117326166, 568022323),
(100002117326166, 575438147),
(100002117326166, 576113346),
(100002117326166, 587015754),
(100002117326166, 635396816),
(100002117326166, 649787744),
(100002117326166, 651155953),
(100002117326166, 657564113),
(100002117326166, 661615563),
(100002117326166, 662943534),
(100002117326166, 669839706),
(100002117326166, 675299060),
(100002117326166, 698827801),
(100002117326166, 715831725),
(100002117326166, 726071684),
(100002117326166, 767067434),
(100002117326166, 769327088),
(100002117326166, 771609838),
(100002117326166, 784085493),
(100002117326166, 817424161),
(100002117326166, 848239889),
(100002117326166, 1017524175),
(100002117326166, 1027428013),
(100002117326166, 1036548769),
(100002117326166, 1038711800),
(100002117326166, 1043558475),
(100002117326166, 1054064843),
(100002117326166, 1086295967),
(100002117326166, 1141224263),
(100002117326166, 1151407950),
(100002117326166, 1161126632),
(100002117326166, 1163592099),
(100002117326166, 1187067760),
(100002117326166, 1197974806),
(100002117326166, 1200352272),
(100002117326166, 1239200131),
(100002117326166, 1266975091),
(100002117326166, 1271372185),
(100002117326166, 1302466103),
(100002117326166, 1310652184),
(100002117326166, 1322607456),
(100002117326166, 1333140706),
(100002117326166, 1337787987),
(100002117326166, 1342771739),
(100002117326166, 1357887188),
(100002117326166, 1362962109),
(100002117326166, 1374390122),
(100002117326166, 1397320790),
(100002117326166, 1403895596),
(100002117326166, 1405371957),
(100002117326166, 1420088516),
(100002117326166, 1428377587),
(100002117326166, 1435483106),
(100002117326166, 1448348455),
(100002117326166, 1475105167),
(100002117326166, 1482662501),
(100002117326166, 1486082951),
(100002117326166, 1493755797),
(100002117326166, 1495350844),
(100002117326166, 1499869477),
(100002117326166, 1517397682),
(100002117326166, 1518795090),
(100002117326166, 1520979871),
(100002117326166, 1524351495),
(100002117326166, 1542649082),
(100002117326166, 1583135483),
(100002117326166, 1607913072),
(100002117326166, 1739213346),
(100002117326166, 100000137427660),
(100002117326166, 100000138313367),
(100002117326166, 100000265061724),
(100002117326166, 100000553339295),
(100002117326166, 100000789592019),
(100002117326166, 100001029534652),
(100002117326166, 100001588535245),
(100002117326166, 100001838606265),
(100002117326166, 100002043199780),
(100002117326166, 100002075569987),
(100002117326166, 100002329288207),
(100002117326166, 100002603777546),
(100003847904030, 100000966972732);

-- --------------------------------------------------------

--
-- Table structure for table `facebookgroup`
--

CREATE TABLE IF NOT EXISTS `facebookgroup` (
  `id_group` bigint(20) NOT NULL,
  `name` varchar(150) COLLATE utf8_unicode_ci NOT NULL,
  `gid` bigint(20) NOT NULL,
  `nid` bigint(20) DEFAULT NULL,
  `creator` bigint(20) DEFAULT NULL,
  `description` text COLLATE utf8_unicode_ci,
  `type` varchar(85) COLLATE utf8_unicode_ci DEFAULT NULL,
  `subtype` varchar(85) COLLATE utf8_unicode_ci DEFAULT NULL,
  `last_update` datetime DEFAULT NULL,
  `website` varchar(150) COLLATE utf8_unicode_ci DEFAULT NULL
) ENGINE=InnoDB AUTO_INCREMENT=38 DEFAULT CHARSET=utf8 COLLATE=utf8_unicode_ci;

--
-- Dumping data for table `facebookgroup`
--

INSERT INTO `facebookgroup` (`id_group`, `name`, `gid`, `nid`, `creator`, `description`, `type`, `subtype`, `last_update`, `website`) VALUES
(1, 'Marfan Syndrome', 2204143971, NULL, NULL, NULL, NULL, NULL, NULL, NULL),
(2, 'Ernst Gutknecht: Ein Mathematiker, ein Held!', 172833896184, NULL, NULL, NULL, NULL, NULL, NULL, NULL),
(3, 'Loft-Poker', 294640773935309, NULL, NULL, NULL, NULL, NULL, NULL, NULL),
(4, 'Krav Maga Windisch', 135892849684, NULL, NULL, NULL, NULL, NULL, NULL, NULL),
(5, 'I06 @ FHNW - der glorreiche Jahrgang', 319390757714, NULL, NULL, NULL, NULL, NULL, NULL, NULL),
(6, 'JUSO Baden-Brugg (PrOST)', 306751166036326, NULL, NULL, NULL, NULL, NULL, NULL, NULL),
(7, 'BM10e', 308626719148995, NULL, NULL, NULL, NULL, NULL, NULL, NULL),
(8, 'JUSO Aargau', 36809442212, NULL, NULL, NULL, NULL, NULL, NULL, NULL),
(9, 'Tamara Troxler''s Hammersprüche bzw. "Witze"', 159469627442876, NULL, NULL, NULL, NULL, NULL, NULL, NULL),
(10, '4c(ool isch''s gsi) <3 2006-2010', 149071985127051, NULL, NULL, NULL, NULL, NULL, NULL, NULL),
(11, 'DiveZone', 13135755062, NULL, NULL, NULL, NULL, NULL, NULL, NULL),
(12, 'Adina & Manu''s "Welcome Home Party"', 180898925372270, NULL, NULL, NULL, NULL, NULL, NULL, NULL),
(13, 'Bez. Kölliken 04-07', 116015028538134, NULL, NULL, NULL, NULL, NULL, NULL, NULL),
(14, 'Global LCP 2012/13', 306003282819778, NULL, NULL, NULL, NULL, NULL, NULL, NULL),
(15, 'LC Fribourg EB 2012/2013', 360711683987662, NULL, NULL, NULL, NULL, NULL, NULL, NULL),
(16, 'Swiss LCPs 12/13', 429590780403507, NULL, NULL, NULL, NULL, NULL, NULL, NULL),
(17, 'Cocomama', 118987214828908, NULL, NULL, NULL, NULL, NULL, NULL, NULL),
(18, '++ ICECREAM-SUPERSTAR - the creamy blog ++', 140369932741731, NULL, NULL, NULL, NULL, NULL, NULL, NULL),
(19, 'WENA LDS Home Group', 249686151792252, NULL, NULL, NULL, NULL, NULL, NULL, NULL),
(20, 'WENALDS 2012!', 319925578068566, NULL, NULL, NULL, NULL, NULL, NULL, NULL),
(21, 'WENALDS 2012 Sharings!', 382951278391423, NULL, NULL, NULL, NULL, NULL, NULL, NULL),
(22, 'Global Village Berne 2012', 330144197021720, NULL, NULL, NULL, NULL, NULL, NULL, NULL),
(23, 'Kick Off 2012', 285850921475379, NULL, NULL, NULL, NULL, NULL, NULL, NULL),
(24, 'Be.project by BearingPoint', 346896511999585, NULL, NULL, NULL, NULL, NULL, NULL, NULL),
(25, 'SPREAD THE INSPIRATION', 199625273467245, NULL, NULL, NULL, NULL, NULL, NULL, NULL),
(26, 'The word of the day/le mot du jour/das tägliche Wort', 281700445200774, NULL, NULL, NULL, NULL, NULL, NULL, NULL),
(27, 'LC FRIBOURG', 140543777599, NULL, NULL, NULL, NULL, NULL, NULL, NULL),
(28, 'IUR I - Université de Fribourg - 2011-2012', 163182967107791, NULL, NULL, NULL, NULL, NULL, NULL, NULL),
(29, 'Mondaysnobs', 284844811545322, NULL, NULL, NULL, NULL, NULL, NULL, NULL),
(30, 'Centre Fries', 8977451245, NULL, NULL, NULL, NULL, NULL, NULL, NULL),
(31, '4LIGA', 184101878305185, NULL, NULL, NULL, NULL, NULL, NULL, NULL),
(32, 'Sbic-elianer!', 101049393314221, NULL, NULL, NULL, NULL, NULL, NULL, NULL),
(33, 'Flintstones', 195075773857664, NULL, NULL, NULL, NULL, NULL, NULL, NULL),
(34, 'Projekt Berlin', 438446709528003, NULL, NULL, NULL, NULL, NULL, NULL, NULL),
(35, 'YouMeIBD', 221961054598286, NULL, NULL, NULL, NULL, NULL, NULL, NULL),
(36, 'Japan', 466500203402272, NULL, NULL, NULL, NULL, NULL, NULL, NULL),
(37, 'AG/CH - Friends of Friends', 380173318669599, NULL, NULL, NULL, NULL, NULL, NULL, NULL);

-- --------------------------------------------------------

--
-- Table structure for table `facebookpage`
--

CREATE TABLE IF NOT EXISTS `facebookpage` (
  `id_page` bigint(20) NOT NULL,
  `pid` bigint(20) NOT NULL,
  `name` varchar(150) COLLATE utf8_unicode_ci NOT NULL,
  `category` varchar(85) COLLATE utf8_unicode_ci DEFAULT NULL,
  `type` varchar(85) COLLATE utf8_unicode_ci DEFAULT NULL,
  `likes` bigint(20) DEFAULT NULL,
  `website` varchar(150) COLLATE utf8_unicode_ci DEFAULT NULL,
  `founded` int(11) DEFAULT NULL
) ENGINE=InnoDB AUTO_INCREMENT=210 DEFAULT CHARSET=utf8 COLLATE=utf8_unicode_ci;

--
-- Dumping data for table `facebookpage`
--

INSERT INTO `facebookpage` (`id_page`, `pid`, `name`, `category`, `type`, `likes`, `website`, `founded`) VALUES
(1, 85191657165, 'Melody Gardot', 'Musician/band', 'MUSICIAN/BAND', NULL, NULL, NULL),
(2, 264949839558, 'Little Dragon', 'Musician/band', 'MUSICIAN/BAND', NULL, NULL, NULL),
(3, 108072275881224, 'Tommy Castro', 'Musician/band', 'MUSICIAN/BAND', NULL, NULL, NULL),
(4, 112575758755297, 'Jon Lord', 'Musician/band', 'MUSICIAN/BAND', NULL, NULL, NULL),
(5, 109992889020145, 'Jon Cleary', 'Musician/band', 'MUSICIAN/BAND', NULL, NULL, NULL),
(6, 104007816301935, 'Barbara Dennerlein', 'Musician/band', 'MUSICIAN/BAND', NULL, NULL, NULL),
(7, 109619672397620, 'Bill Evans', 'Actor/director', 'ACTOR/DIRECTOR', NULL, NULL, NULL),
(8, 108265962532026, 'Keith Jarrett', 'Musician/band', 'MUSICIAN/BAND', NULL, NULL, NULL),
(9, 109241052434781, 'Guess How Much I Love You', 'Book', 'BOOK', NULL, NULL, NULL),
(10, 113338508679743, 'Das Kartengeheimnis', 'Book', 'BOOK', NULL, NULL, NULL),
(11, 107850909243964, 'Torture the Artist', 'Book', 'BOOK', NULL, NULL, NULL),
(12, 105548942811415, 'Oscar et la Dame rose', 'Book', 'BOOK', NULL, NULL, NULL),
(13, 166261933395456, 'Intouchables', 'Movie', 'MOVIE', NULL, NULL, NULL),
(14, 166762813391376, 'Trainspotting', 'Movie', 'MOVIE', NULL, NULL, NULL),
(15, 179403312117362, 'Kill Bill', 'Movie', 'MOVIE', NULL, NULL, NULL),
(16, 187199394665811, 'American Beauty', 'Movie', 'MOVIE', NULL, NULL, NULL),
(17, 108239329196451, 'Bienvenue chez les Ch''tis', 'Movie', 'MOVIE', NULL, NULL, NULL),
(18, 104055142962868, 'Léon', 'Movie', 'MOVIE', NULL, NULL, NULL),
(19, 53180527367, 'Slumdog Millionaire', 'Movie', 'MOVIE', NULL, NULL, NULL),
(20, 39644305296, 'Fight Club', 'Movie', 'MOVIE', NULL, NULL, NULL),
(21, 109951909034179, 'Twelve Monkeys', 'Movie', 'MOVIE', NULL, NULL, NULL),
(22, 176105760417, 'Death At A Funeral', 'Movie', 'MOVIE', NULL, NULL, NULL),
(23, 9588466619, 'Futurama', 'Tv show', 'TV SHOW', NULL, NULL, NULL),
(24, 274065822607103, 'Fachhochschule Nordwestschweiz FHNW', 'University', 'UNIVERSITY', NULL, NULL, NULL),
(25, 196924537001110, 'Le Pain Quotidien', 'Company', 'COMPANY', NULL, NULL, NULL),
(26, 169007386486180, 'Cakefriends', 'Restaurant/cafe', 'RESTAURANT/CAFE', NULL, NULL, NULL),
(27, 119682428047331, 'FHNW', 'Organization', 'ORGANIZATION', NULL, NULL, NULL),
(28, 115833858446843, 'Capri-Sonne', 'Product/service', 'PRODUCT/SERVICE', NULL, NULL, NULL),
(29, 104073103982, 'Black Ball Billard-Lounge', 'Bar', 'BAR', NULL, NULL, NULL),
(30, 102613406462433, 'Caribana Festival', 'Organization', 'ORGANIZATION', NULL, NULL, NULL),
(31, 31061022037, 'Donkey', 'Public figure', 'PUBLIC FIGURE', NULL, NULL, NULL),
(32, 115849815096298, 'Lastesel', 'Animal', 'ANIMAL', NULL, NULL, NULL),
(33, 107528222629452, 'Fantoche', 'Non-profit organization', 'FESTIVAL', NULL, NULL, NULL),
(34, 104883179610644, 'Hands Solo', 'Musician/band', 'MUSICIAN/BAND', NULL, NULL, NULL),
(35, 136776939681635, 'Frank the Tank', 'Musician/band', 'MUSICIAN/BAND', NULL, NULL, NULL),
(36, 14006993015, 'Bligg', 'Musician/band', 'MUSICIAN/BAND', NULL, NULL, NULL),
(37, 7619396355, 'David Guetta', 'Musician/band', 'MUSICIAN/BAND', NULL, NULL, NULL),
(38, 108487049226177, 'Bad Boys', 'Movie', 'MOVIE', NULL, NULL, NULL),
(39, 112063758806484, 'Der blutige Pfad Gottes', 'Movie', 'MOVIE', NULL, NULL, NULL),
(40, 108611105879781, 'Bad Boys II', 'Movie', 'MOVIE', NULL, NULL, NULL),
(41, 112371802123294, 'Transporter 1', 'Movie', 'MOVIE', NULL, NULL, NULL),
(42, 112127428799369, 'Transporter 2', 'Movie', 'MOVIE', NULL, NULL, NULL),
(43, 109550739071923, 'The Rock', 'Movie', 'MOVIE', NULL, NULL, NULL),
(44, 359252982311, 'Hey Mann Wo Ist Mein Auto', 'Movie general', 'MOVIE GENERAL', NULL, NULL, NULL),
(45, 11487688717, '"Snatch"', 'Movie', 'MOVIE', NULL, NULL, NULL),
(46, 9098498615, 'Adam Sandler', 'Entertainer', 'ENTERTAINER', NULL, NULL, NULL),
(47, 36211311648, 'Two and a Half Men', 'Tv show', 'TV SHOW', NULL, NULL, NULL),
(48, 140879489291903, 'JUNG, WILD & SEXY', 'Tv show', 'TV SHOW', NULL, NULL, NULL),
(49, 7807422276, 'How I Met Your Mother', 'Tv show', 'TV SHOW', NULL, NULL, NULL),
(50, 115910708423941, 'Gta 4', 'Games/toys', 'GAMES/TOYS', NULL, NULL, NULL),
(51, 152063891519142, 'Mark Webber', 'Athlete', 'ATHLETE', NULL, NULL, NULL),
(52, 109671612392705, 'Ronnie O’Sullivan', 'Public figure', 'PUBLIC FIGURE', NULL, NULL, NULL),
(53, 153448271375412, 'Fernando Alonso', 'Athlete', 'ATHLETE', NULL, NULL, NULL),
(54, 64760994940, 'Roger Federer', 'Athlete', 'ATHLETE', NULL, NULL, NULL),
(55, 125338090854262, 'Collaborative Innovation Networks: COINs Conference', 'Community', 'COMMUNITY', NULL, NULL, NULL),
(56, 154341371276874, 'Paul Panzer', 'Comedian', 'COMEDIAN', NULL, NULL, NULL),
(57, 114314315298472, 'Stockpulse', 'Internet/software', 'CORPORATE OFFICE', NULL, NULL, NULL),
(58, 102277456511467, 'Kaya Yanar', 'Comedian', 'COMEDIAN', NULL, NULL, NULL),
(59, 112915102084898, 'Wer sind diese Rechungswesen? Und was wollen sie von mir?', 'Church/religious organization', 'CHURCH/RELIGIOUS ORGANIZATION', NULL, NULL, NULL),
(60, 93922637103, 'digitec AG', 'Retail and consumer merchandise', 'RETAIL AND CONSUMER MERCHANDISE', NULL, NULL, NULL),
(61, 34344332222, 'Abby Sciuto', 'Public figure', 'PUBLIC FIGURE', NULL, NULL, NULL),
(62, 31091843175, 'Jake Harper (Two and a half men)', 'Actor/director', 'ACTOR/DIRECTOR', NULL, NULL, NULL),
(63, 13639749437, 'Al Bundy', 'Public figure', 'PUBLIC FIGURE', NULL, NULL, NULL),
(64, 8908606083, 'twoleftfeet.ch', 'Recreation/sports', 'RECREATION/SPORTS', NULL, NULL, NULL),
(65, 179679788385, 'Raserinitiative', 'Product/service', 'PRODUCT/SERVICE', NULL, NULL, NULL),
(66, 103700283002749, 'Miffy', 'Tv show', 'TV SHOW', NULL, NULL, NULL),
(67, 197832590242401, 'MetropolitanDeli', 'Local business', 'LOCAL BUSINESS', NULL, NULL, NULL),
(68, 336477869711119, 'Options', 'Retail and consumer merchandise', 'RETAIL AND CONSUMER MERCHANDISE', NULL, NULL, NULL),
(69, 141342679259734, 'Julionair', 'Musician/band', 'MUSICIAN/BAND', NULL, NULL, NULL),
(70, 134734004459, 'darwin deez', 'Musician/band', 'MUSICIAN/BAND', NULL, NULL, NULL),
(71, 133869149957621, 'Satellite Stories', 'Musician/band', 'MUSICIAN/BAND', NULL, NULL, NULL),
(72, 44689108683, 'BONAPARTE', 'Musician/band', 'MUSICIAN/BAND', NULL, NULL, NULL),
(73, 180306358658136, 'Holy Members Club', 'Musician/band', 'MUSICIAN/BAND', NULL, NULL, NULL),
(74, 33036879568, 'The Wombats', 'Musician/band', 'MUSICIAN/BAND', NULL, NULL, NULL),
(75, 146487481057, 'Vampire Weekend', 'Musician/band', 'MUSICIAN/BAND', NULL, NULL, NULL),
(76, 86185782848, 'Two Door Cinema Club', 'Musician/band', 'MUSICIAN/BAND', NULL, NULL, NULL),
(77, 48632437776, 'The bianca Story', 'Musician/band', 'MUSICIAN/BAND', NULL, NULL, NULL),
(78, 109728465712749, 'The Whitest Boy Alive', 'Musician/band', 'MUSICIAN/BAND', NULL, NULL, NULL),
(79, 127649477279912, 'Baby Genius', 'Musician/band', 'MUSICIAN/BAND', NULL, NULL, NULL),
(80, 25796438685, 'of Montreal', 'Musician/band', 'MUSICIAN/BAND', NULL, NULL, NULL),
(81, 7112765682, 'OK Go', 'Musician/band', 'MUSICIAN/BAND', NULL, NULL, NULL),
(82, 7153742831, 'The Dø', 'Musician/band', 'MUSICIAN/BAND', NULL, NULL, NULL),
(83, 7124595973, 'THE EELS', 'Musician/band', 'MUSICIAN/BAND', NULL, NULL, NULL),
(84, 6876902267, 'Christopher Christopher', 'Musician/band', 'MUSICIAN/BAND', NULL, NULL, NULL),
(85, 5932128890, 'The Kooks', 'Musician/band', 'MUSICIAN/BAND', NULL, NULL, NULL),
(86, 5229624654, 'The Decemberists', 'Musician/band', 'MUSICIAN/BAND', NULL, NULL, NULL),
(87, 156387294416412, 'Manipulation, mit Klaus Maria Brandauer', 'Movie', 'MOVIE', NULL, NULL, NULL),
(88, 91290503700, 'Inception', 'Movie', 'MOVIE', NULL, NULL, NULL),
(89, 82771544063, 'Avatar', 'Movie', 'MOVIE', NULL, NULL, NULL),
(90, 120001599615, 'The Cove', 'Movie', 'MOVIE', NULL, NULL, NULL),
(91, 264291375172, '3sat neues', 'Tv show', 'TV SHOW', NULL, NULL, NULL),
(92, 207975175882194, 'Rhinoslider & Rhinofader', 'Computers/internet', 'COMPUTERS/INTERNET', NULL, NULL, NULL),
(93, 112292442183453, 'Sounds! auf DRS 3', 'Movies/music', 'MOVIES/MUSIC', NULL, NULL, NULL),
(94, 158553304221517, 'androidnext', 'Website', 'WEBSITE', NULL, NULL, NULL),
(95, 296350467090087, 'Picasa Uploader', 'App page', 'APP PAGE', NULL, NULL, NULL),
(96, 198405580252660, 'RSS Graffiti', 'App page', 'APP PAGE', NULL, NULL, NULL),
(97, 260345107360331, 'Juvenat', 'Political organization', 'POLITICAL ORGANIZATION', NULL, NULL, NULL),
(98, 97220294896, 'SP Schweiz - PS Suisse', 'Political party', 'POLITICAL PARTY', NULL, NULL, NULL),
(99, 7544046722, 'Arduino', 'Electronics', 'ELECTRONICS', NULL, NULL, NULL),
(100, 175811089139949, 'Help, I''m Alive by Metric on Fantasies', 'Unknown', 'UNKNOWN', NULL, NULL, NULL),
(101, 137947732957611, 'Apple Inc.', 'Company', 'COMPUTERS & ELECTRONICS', NULL, NULL, NULL),
(102, 204577902909300, 'Web 2.0 scientific calculator', 'Personal website', 'PERSONAL WEBSITE', NULL, NULL, NULL),
(103, 112343825511850, 'Die Impro-Leck-TuEllen', 'Local business', 'LOCAL BUSINESS', NULL, NULL, NULL),
(104, 185659088141657, 'Samsung Galaxy S II', 'Electronics', 'ELECTRONICS', NULL, NULL, NULL),
(105, 196198827087395, 'Wir wollen 3sat neues zurück', 'Community', 'COMMUNITY', NULL, NULL, NULL),
(106, 6427302910, 'WordPress', 'Software', 'SOFTWARE', NULL, NULL, NULL),
(107, 7639824123, 'Firebug', 'Product/service', 'PRODUCT/SERVICE', NULL, NULL, NULL),
(108, 371193692559, 'Elmastudio', 'Computers/internet', 'COMPUTERS/INTERNET', NULL, NULL, NULL),
(109, 100162593367117, 'kulturbanause', 'Website', 'WEBSITE', NULL, NULL, NULL),
(110, 108734602494994, 'Wikileaks', 'Non-profit organization', 'NON-PROFIT ORGANIZATION', NULL, NULL, NULL),
(111, 114759495257057, 'Ich schäme mich für das Resultat der Ausschaffungsinitiative', 'Non-profit organization', 'NON-PROFIT ORGANIZATION', NULL, NULL, NULL),
(112, 109795516727, 'Abenteuer Wissen', 'Tv show', 'TV SHOW', NULL, NULL, NULL),
(113, 176344829047536, 'I am a MAC', 'Website', 'WEBSITE', NULL, NULL, NULL),
(114, 110059075707662, '2008 iPhone... 2010 iPad... 2012 iBoard... 2014 iMat !', 'Product/service', 'PRODUCT/SERVICE', NULL, NULL, NULL),
(115, 24932281961, 'Nutella', 'Food/beverages', 'FOOD/BEVERAGES', NULL, NULL, NULL),
(116, 111723752218100, 'Rettet die Erde! Sie ist der einzige Planet mit Schokolade!', 'Cause', 'CAUSE', NULL, NULL, NULL),
(117, 156208391058049, 'Liebe ist eine echt tolle Krankheit, da müssen immer gleich beide ins Bett :-D', 'Cause', 'CAUSE', NULL, NULL, NULL),
(118, 371633470309, 'Langweile löst in mir ein "du musst scheiße labbern " Gefühl aus', 'Local business', 'LOCAL BUSINESS', NULL, NULL, NULL),
(119, 132004434312, 'Taucher.Net', 'Website', 'WEBSITE', NULL, NULL, NULL),
(120, 131582549993, 'NICHTLUSTIG', 'Website', 'WEBSITE', NULL, NULL, NULL),
(121, 108562295857694, '"Komm essen wir Opa" - Satzzeichen retten Leben', 'Cause', 'CAUSE', NULL, NULL, NULL),
(122, 131662583514782, 'BP - Wir tanken auch Ihren Golf voll', 'Community', 'COMMUNITY', NULL, NULL, NULL),
(123, 365327290536, 'Vorleser.net - kostenlose Hörbücher', 'Media/news/publishing', 'MEDIA/NEWS/PUBLISHING', NULL, NULL, NULL),
(124, 318156982005, 'Stadtkrieger', 'Author', 'AUTHOR', NULL, NULL, NULL),
(125, 197952668850, 'Digital Plus', 'Media/news/publishing', 'MEDIA/NEWS/PUBLISHING', NULL, NULL, NULL),
(126, 277153538098, 'Divertimento', 'Public figure', 'PUBLIC FIGURE', NULL, NULL, NULL),
(127, 117669438248580, 'Daniel Düsentrieb', 'Public figure', 'PUBLIC FIGURE', NULL, NULL, NULL),
(128, 227105521439, 'Useless Facts', 'Product/service', 'PRODUCT/SERVICE', NULL, NULL, NULL),
(129, 100236119832, 'BrainStore', 'Consulting/business services', 'CONSULTING/BUSINESS SERVICES', NULL, NULL, NULL),
(130, 97848298204, 'Unnützes Wissen', 'Product/service', 'PRODUCT/SERVICE', NULL, NULL, NULL),
(131, 94910898443, 'ApfelBlog.ch', 'Personal blog', 'PERSONAL BLOG', NULL, NULL, NULL),
(132, 14696440021, 'Mozilla Firefox', 'Product/service', 'PRODUCT/SERVICE', NULL, NULL, NULL),
(133, 167667043267721, 'The Whitest Boy Alive', 'Musician/band', 'MUSICIAN/BAND', NULL, NULL, NULL),
(134, 117930184893219, 'ZÜRICH OPENAIR (official)', 'Concert venue', 'CONCERT VENUE', NULL, NULL, NULL),
(135, 321925461176900, 'Achtung Technik Los', 'Community', 'COMMUNITY', NULL, NULL, NULL),
(136, 263976463550, 'AHAAHAHAHAHAHAHAHAHAHAHA  ok im done , no wait  AHAHAHAHAHAHAHAHAHAHAH', 'Professional sports team', 'PROFESSIONAL SPORTS TEAM', NULL, NULL, NULL),
(137, 138039566244509, 'Climate CoLab', 'Community organization', 'COMMUNITY ORGANIZATION', NULL, NULL, NULL),
(138, 57557773881, 'AIESEC in Switzerland', 'Non-profit organization', 'NON-PROFIT ORGANIZATION', NULL, NULL, NULL),
(139, 122993781064089, 'STAFF FINDER für Stunden-, Tages- oder Kurzeinsätze (Jobs)', 'Product/service', 'PRODUCT/SERVICE', NULL, NULL, NULL),
(140, 393623424922, 'AIESEC Geneva', 'Non-profit organization', 'NON-PROFIT ORGANIZATION', NULL, NULL, NULL),
(141, 195811363795458, 'Yalea - Sprachreisen', 'Education', 'EDUCATION', NULL, NULL, NULL),
(142, 129826430363114, 'Emmi CAFFÈ LATTE', 'Food/beverages', 'FOOD/BEVERAGES', NULL, NULL, NULL),
(143, 132640032818, 'AIESEC Local Committee Vienna, Austria', 'Non-profit organization', 'EXCHANGE PROGRAM', NULL, NULL, NULL),
(144, 366250900057845, 'BSC Zelgli Aarau', 'Community organization', 'COMMUNITY ORGANIZATION', NULL, NULL, NULL),
(145, 209118161295, 'The Annoying Orange', 'Public figure', 'PUBLIC FIGURE', NULL, NULL, NULL),
(146, 168020689894262, 'Be.project by BearingPoint', 'Consulting/business services', 'CONSULTING/BUSINESS SERVICES', NULL, NULL, NULL),
(147, 266755436689219, 'Brunch etc', 'Restaurant/cafe', 'BREAKFAST & BRUNCH RESTAURANT', NULL, NULL, NULL),
(148, 101359746631009, 'WenaLDS 2012 by Aiesec Vienna ''52 (WU)', 'Non-profit organization', 'NON-PROFIT ORGANIZATION', NULL, NULL, NULL),
(149, 157509397638182, 'Centre Fries', 'Local business', 'COLLEGE/UNIVERSITY', NULL, NULL, NULL),
(150, 201399156597302, 'Career Days Fribourg', 'University', 'UNIVERSITY', NULL, NULL, NULL),
(151, 301605116518766, 'AIESEC Fribourg', 'Non-profit organization', 'NON-PROFIT ORGANIZATION', NULL, NULL, NULL),
(152, 109334162418862, 'University of Fribourg', 'University', 'UNIVERSITY', NULL, NULL, NULL),
(153, 130530700322541, 'Azurlingua, Nice, Ecole de Français', 'School', 'SCHOOL', NULL, NULL, NULL),
(154, 107967209224731, 'University of Fribourg', 'University', 'UNIVERSITY', NULL, NULL, NULL),
(155, 9246289234, 'La Redoute', 'Clothing', 'CLOTHING', NULL, NULL, NULL),
(156, 272315751201, 'Faire l''amour fait perdre env. 360 calories. "Salut, on fait un régime?"', 'Local business', 'LOCAL BUSINESS', NULL, NULL, NULL),
(157, 171555662872051, 'Unterschriften sammeln', 'Local business', 'LOCAL BUSINESS', NULL, NULL, NULL),
(158, 155934361130202, 'Dschungelnervensäge verliert Top bei Modenschau', 'Personal blog', 'PERSONAL BLOG', NULL, NULL, NULL),
(159, 179679205378972, 'SLR - studio left right', 'Professional services', 'PROFESSIONAL SERVICES', NULL, NULL, NULL),
(160, 110504115686310, 'Ich lese keine Anleitungen, ich drücke Knöpfe bis es klappt! ;)', 'Cause', 'CAUSE', NULL, NULL, NULL),
(161, 113306958683168, 'Ventimiglia', 'City', 'CITY', NULL, NULL, NULL),
(162, 372481096502, 'I hate it when Nate calls me when I`m in bed with Chuck Bass', 'Local business', 'LOCAL BUSINESS', NULL, NULL, NULL),
(163, 110851102288599, 'KiFF', 'Club', 'CLUB', NULL, NULL, NULL),
(164, 22611803768, 'Ed Westwick', 'Actor/director', 'ACTOR/DIRECTOR', NULL, NULL, NULL),
(165, 126897517325414, 'Luke...I am your father....lol Jk Dumbledore is', 'Actor/director', 'ACTOR/DIRECTOR', NULL, NULL, NULL),
(166, 489636540087, 'Dear John, why can''t more boys be like you?', 'Fictional character', 'FICTIONAL CHARACTER', NULL, NULL, NULL),
(167, 112527728759165, 'oooooh i''ve been tagged in a pic :) ...BLOODY HELL!! UNTAG! UNTAG!', 'Public figure', 'PUBLIC FIGURE', NULL, NULL, NULL),
(168, 270478328129, 'Nein Mama spät kanns gestern nicht gewesen sein beim Bäcker war noch Licht', 'Local business', 'LOCAL BUSINESS', NULL, NULL, NULL),
(169, 189859875931, 'Burton Snowboards', 'Product/service', 'PRODUCT/SERVICE', NULL, NULL, NULL),
(170, 181018790673, 'Old enough to know its a bad idea, young enough not to care', 'Product/service', 'PRODUCT/SERVICE', NULL, NULL, NULL),
(171, 120621558791, 'I want to be a galaxy', 'Product/service', 'PRODUCT/SERVICE', NULL, NULL, NULL),
(172, 113130795429, 'FLIMS / LAAX / FALERA', 'Company', 'COMPANY', NULL, NULL, NULL),
(173, 104434885937, 'Lachflash', 'Community', 'COMMUNITY', NULL, NULL, NULL),
(174, 83471501518, 'Laughing until it hurts and you can''t breathe!', 'Local business', 'LOCAL BUSINESS', NULL, NULL, NULL),
(175, 81210895552, 'Aare', 'Public places', 'PUBLIC PLACES', NULL, NULL, NULL),
(176, 72396555206, 'Volleyball', 'Athlete', 'ATHLETE', NULL, NULL, NULL),
(177, 58849673588, 'MBudget Kaugummi', 'Food/beverages', 'FOOD/BEVERAGES', NULL, NULL, NULL),
(178, 37921481300, 'tiramisù', 'Local business', 'LOCAL BUSINESS', NULL, NULL, NULL),
(179, 35216748478, 'laughing', 'Personal blog', 'PERSONAL BLOG', NULL, NULL, NULL),
(180, 33856193545, 'SANGRIA', 'Company', 'COMPANY', NULL, NULL, NULL),
(181, 21415640912, 'H&M', 'Clothing', 'CLOTHING STORE', NULL, NULL, NULL),
(182, 19136001940, 'Shisha', 'Wine/spirits', 'WINE/SPIRITS', NULL, NULL, NULL),
(183, 8526405673, 'The Twilight Saga', 'Movie', 'MOVIE', NULL, NULL, NULL),
(184, 117640604914520, 'Karibik - auswandern - Boot kapern - Pirat werden! Wer macht mit', 'Community', 'COMMUNITY', NULL, NULL, NULL),
(185, 107603642595771, 'Wenn wir unterwegs sind, unterhalten wir die gesamte Umgebung.!', 'Community', 'COMMUNITY', NULL, NULL, NULL),
(186, 171309406213761, 'Little Big Details', 'Computers/internet', 'COMPUTERS/INTERNET', NULL, NULL, NULL),
(187, 248132900755, 'Subway Canada', 'Company', 'COMPANY', NULL, NULL, NULL),
(188, 10150089593575092, 'Erlend Øye', 'Musician/band', 'MUSICIAN/BAND', NULL, NULL, NULL),
(189, 257290581050213, 'Spekulationsstopp-Initiative', 'Political organization', 'POLITICAL ORGANIZATION', NULL, NULL, NULL),
(190, 130406590371703, 'Jusos auf SP-Liste 2 in den Grossen Rat', 'Political organization', 'POLITICAL ORGANIZATION', NULL, NULL, NULL),
(191, 145770305460725, 'Mein Wecker ist ein Arschloch!!!', 'Cause', 'CAUSE', NULL, NULL, NULL),
(192, 354814117402, 'TechnikBlog.ch', 'Computers/internet', 'COMPUTERS/INTERNET', NULL, NULL, NULL),
(193, 241847612518046, 'Vono', 'Media/news/publishing', 'MEDIA/NEWS/PUBLISHING', NULL, NULL, NULL),
(194, 208606565921202, 'Fetecuetichete', 'Website', 'WEBSITE', NULL, NULL, NULL),
(195, 109692425799172, 'Happy Island', 'App page', 'APP PAGE', NULL, NULL, NULL),
(196, 252492084811430, 'SocialCity', 'App page', 'APP PAGE', NULL, NULL, NULL),
(197, 150729224989645, 'CautaReduceri.ro', 'Website', 'WEBSITE', NULL, NULL, NULL),
(198, 136690813099398, 'Bibliothèque Française Eugène Ionesco', 'Library', 'LIBRARY', NULL, NULL, NULL),
(199, 150372098332457, 'Air France Romania', 'Travel/leisure', 'TRAVEL/LEISURE', NULL, NULL, NULL),
(200, 156256341056181, 'Aoro', 'Health/beauty', 'HEALTH/BEAUTY', NULL, NULL, NULL),
(201, 139333526114486, 'danielrus.ro', 'Community', 'COMMUNITY', NULL, NULL, NULL),
(202, 153348034683391, 'GroupDeals.ro', 'Website', 'WEBSITE', NULL, NULL, NULL),
(203, 142699105770909, '273 de locuri pe care trebuie s? le vezi înainte s? pleci din România', 'Community', 'COMMUNITY', NULL, NULL, NULL),
(204, 328405625310, 'HypeStreet', 'Arts/humanities website', 'ARTS/HUMANITIES WEBSITE', NULL, NULL, NULL),
(205, 92323438005, 'Liberty Parade', 'Concert venue', 'CONCERT VENUE', NULL, NULL, NULL),
(206, 75192381854, 'Radio 21 Romania', 'Radio station', 'RADIO STATION', NULL, NULL, NULL),
(207, 71775107787, 'Mafia Wars', 'App page', 'APP PAGE', NULL, NULL, NULL),
(208, 101392683235776, 'FarmVille Cows', 'Games/toys', 'GAMES/TOYS', NULL, NULL, NULL),
(209, 226035540784839, 'Micadu', 'Personal website', 'PERSONAL WEBSITE', NULL, NULL, NULL);

-- --------------------------------------------------------

--
-- Table structure for table `friendshiptype`
--

CREATE TABLE IF NOT EXISTS `friendshiptype` (
  `id_friendship` int(11) NOT NULL,
  `type` varchar(85) COLLATE utf8_unicode_ci NOT NULL
) ENGINE=InnoDB DEFAULT CHARSET=utf8 COLLATE=utf8_unicode_ci;

-- --------------------------------------------------------

--
-- Table structure for table `importance`
--

CREATE TABLE IF NOT EXISTS `importance` (
  `weight` int(11) NOT NULL,
  `description` varchar(85) COLLATE utf8_unicode_ci NOT NULL
) ENGINE=InnoDB DEFAULT CHARSET=utf8 COLLATE=utf8_unicode_ci;

--
-- Dumping data for table `importance`
--

INSERT INTO `importance` (`weight`, `description`) VALUES
(0, 'Irrelevant'),
(1, 'A little important'),
(10, 'Somewhat important'),
(50, 'Very important'),
(250, 'Mandatory');

-- --------------------------------------------------------

--
-- Table structure for table `job`
--

CREATE TABLE IF NOT EXISTS `job` (
  `id_job` int(11) NOT NULL,
  `name` varchar(100) COLLATE utf8_unicode_ci NOT NULL
) ENGINE=InnoDB DEFAULT CHARSET=utf8 COLLATE=utf8_unicode_ci;

-- --------------------------------------------------------

--
-- Table structure for table `language`
--

CREATE TABLE IF NOT EXISTS `language` (
  `id_language` int(11) NOT NULL,
  `name` varchar(100) COLLATE utf8_unicode_ci NOT NULL,
  `code` varchar(10) COLLATE utf8_unicode_ci NOT NULL
) ENGINE=InnoDB DEFAULT CHARSET=utf8 COLLATE=utf8_unicode_ci;

-- --------------------------------------------------------

--
-- Table structure for table `languagelevel`
--

CREATE TABLE IF NOT EXISTS `languagelevel` (
  `id_languageLevel` int(11) NOT NULL,
  `name` varchar(85) COLLATE utf8_unicode_ci NOT NULL
) ENGINE=InnoDB DEFAULT CHARSET=utf8 COLLATE=utf8_unicode_ci;

-- --------------------------------------------------------

--
-- Table structure for table `location`
--

CREATE TABLE IF NOT EXISTS `location` (
  `id_location` int(11) NOT NULL,
  `name` varchar(150) COLLATE utf8_unicode_ci NOT NULL,
  `longitude` decimal(20,15) NOT NULL,
  `latitude` decimal(20,15) NOT NULL
) ENGINE=InnoDB DEFAULT CHARSET=utf8 COLLATE=utf8_unicode_ci;

--
-- Dumping data for table `location`
--

INSERT INTO `location` (`id_location`, `name`, `longitude`, `latitude`) VALUES
(677697, 'Galati, Gala?i, Romania', '28.050000000000000', '45.450000000000000'),
(1253785, 'Un, Uttar Pradesh, India', '77.254166700000000', '29.584722200000000'),
(1609350, 'Bankok, Bangkok, Thailand', '100.501444000000000', '13.753979000000000'),
(2139662, 'Ni, New Caledonia', '165.483333300000000', '-21.433333300000000'),
(2306104, 'Akra, Greater Accra, Ghana', '-0.196900000000000', '5.556020000000000'),
(2657896, 'Zurich, Zurich, Switzerland', '8.550000000000000', '47.366666700000000'),
(2657976, 'Windisch, Aargau, Switzerland', '8.218417167663574', '47.478986293049600'),
(2659394, 'Endingen, Aargau, Switzerland', '8.293385000000000', '47.536355000000000'),
(2660646, 'Geneva, Geneva, Switzerland', '6.145691871643070', '46.202215698009800'),
(2660718, 'Freiburg, Fribourg, Switzerland', '7.151284217834470', '46.802365534430800'),
(2660718, 'Fribourg, Fribourg, Switzerland', '7.151284217834470', '46.802365534430800'),
(2661604, 'Bale, Basel-City, Switzerland', '7.573271000000000', '47.558395000000000'),
(2661604, 'Basel, Basel-City, Switzerland', '7.573271000000000', '47.558395000000000'),
(2661646, 'Baden, Aargau, Switzerland', '8.305921554565430', '47.473330054805220'),
(3666464, 'Unti, Antioquia, Colombia', '-75.915521000000000', '6.766697000000000'),
(4164138, 'Miami, Florida, United States', '-80.193658900000000', '25.774265800000000'),
(4930956, 'Boston, Massachusetts, United States', '-71.059773200000000', '42.358430800000000'),
(5109797, 'Boston, New York, United States', '-78.737528900000000', '42.628949500000000'),
(7115581, 'Unterendingen, Aargau, Switzerland', '8.291669000000000', '47.548609000000000'),
(7115588, 'Endingen, Aargau, Switzerland', '8.290278000000000', '47.538887000000000'),
(7285727, 'Endingen, Aargau, Switzerland', '8.290067195892334', '47.530706405639650');

-- --------------------------------------------------------

--
-- Table structure for table `lookingfor`
--

CREATE TABLE IF NOT EXISTS `lookingfor` (
  `id_person` bigint(20) NOT NULL,
  `gender` char(1) COLLATE utf8_unicode_ci NOT NULL,
  `age_from` tinyint(4) NOT NULL,
  `age_to` tinyint(4) NOT NULL,
  `distance` int(11) DEFAULT NULL,
  `same_country` tinyint(1) NOT NULL DEFAULT '0',
  `same_city` tinyint(1) NOT NULL DEFAULT '0',
  `anywhere` tinyint(1) NOT NULL DEFAULT '1'
) ENGINE=InnoDB DEFAULT CHARSET=utf8 COLLATE=utf8_unicode_ci;

-- --------------------------------------------------------

--
-- Table structure for table `matching`
--

CREATE TABLE IF NOT EXISTS `matching` (
  `id_source` bigint(20) NOT NULL,
  `id_destination` bigint(20) NOT NULL,
  `replies_simon` double NOT NULL DEFAULT '0',
  `replies_jaccard` double NOT NULL DEFAULT '0',
  `replies_adamic_adar` double NOT NULL DEFAULT '0',
  `replies_cosim` double NOT NULL DEFAULT '0',
  `replies_score` double NOT NULL DEFAULT '0',
  `friends_simon` double NOT NULL DEFAULT '0',
  `friends_jaccard` double NOT NULL DEFAULT '0',
  `friends_adamic_adar` double NOT NULL DEFAULT '0',
  `friends_cosim` double NOT NULL DEFAULT '0',
  `friends_score` double NOT NULL DEFAULT '0',
  `groups_simon` double NOT NULL DEFAULT '0',
  `groups_jaccard` double NOT NULL DEFAULT '0',
  `groups_adamic_adar` double NOT NULL DEFAULT '0',
  `groups_cosim` double NOT NULL DEFAULT '0',
  `groups_score` double NOT NULL DEFAULT '0',
  `pages_simon` double NOT NULL DEFAULT '0',
  `pages_jaccard` double NOT NULL DEFAULT '0',
  `pages_adamic_adar` double NOT NULL DEFAULT '0',
  `pages_cosim` double NOT NULL DEFAULT '0',
  `pages_score` double NOT NULL DEFAULT '0',
  `final_score` double NOT NULL DEFAULT '0'
) ENGINE=InnoDB DEFAULT CHARSET=utf8 COLLATE=utf8_unicode_ci;

--
-- Dumping data for table `matching`
--

INSERT INTO `matching` (`id_source`, `id_destination`, `replies_simon`, `replies_jaccard`, `replies_adamic_adar`, `replies_cosim`, `replies_score`, `friends_simon`, `friends_jaccard`, `friends_adamic_adar`, `friends_cosim`, `friends_score`, `groups_simon`, `groups_jaccard`, `groups_adamic_adar`, `groups_cosim`, `groups_score`, `pages_simon`, `pages_jaccard`, `pages_adamic_adar`, `pages_cosim`, `pages_score`, `final_score`) VALUES
(1, 2, 0, 0, 0, 0, 0, 0, 0, 0, 0, 0, 0, 0, 0, 0, 0, 0, 0, 0, 0, 0, 1.9982631347136337),
(1, 3, 0, 0, 0, 0, 0, 0, 0, 0, 0, 0, 0, 0, 0, 0, 0, 0, 0, 0, 0, 0, 0.6319062870042961),
(1, 4, 0, 0, 0, 0, 0, 0, 0, 0, 0, 0, 0, 0, 0, 0, 0, 0, 0, 0, 0, 0, 0),
(1, 5, 0, 0, 0, 0, 0, 0, 0, 0, 0, 0, 0, 0, 0, 0, 0, 0, 0, 0, 0, 0, 0),
(1, 6, 0, 0, 0, 0, 0, 0, 0, 0, 0, 0, 0, 0, 0, 0, 0, 0, 0, 0, 0, 0, 0.12909944487358055),
(2, 1, 0, 0, 0, 0, 0, 0, 0, 0, 0, 0, 0, 0, 0, 0, 0, 0, 0, 0, 0, 0, 1.9982631347136337),
(2, 3, 1.2638125740085921, 0, 0, 0, 3.9965262694272674, 0, 0, 0, 0, 0.39965262694272674, 0, 0, 0, 0, 0, 0, 0, 0, 0, 0, 0.8846688018060145),
(2, 4, 1.2638125740085921, 0, 0, 0, 3.9965262694272674, 0, 0, 0, 0, 0.39965262694272674, 0, 0, 0, 0, 0, 0, 0, 0, 0, 0, 0.8846688018060145),
(2, 5, 0, 0, 0, 0, 0, 0, 0, 0, 0, 0, 0, 0, 0, 0, 0, 0, 0, 0, 0, 0, 0),
(2, 6, 0, 0, 0, 0, 0, 0, 0, 0, 0, 0, 0, 0, 0, 0, 0, 0, 0, 0, 0, 0, 0.17317165154288647),
(3, 1, 0, 0, 0, 0, 0, 0, 0, 0, 0, 0, 0, 0, 0, 0, 0, 0, 0, 0, 0, 0, 0.6319062870042961),
(3, 2, 1.2638125740085921, 0, 0, 0, 3.9965262694272674, 0, 0, 0, 0, 0.39965262694272674, 0, 0, 0, 0, 0, 0, 0, 0, 0, 0, 0.8846688018060145),
(3, 4, 0.39965262694272674, 0, 0, 0, 0.39965262694272674, 0, 0, 0, 0, 0.39965262694272674, 0, 0, 0, 0, 0, 0, 0, 0, 0, 0, 0.2797568388599087),
(3, 5, 0, 0, 0, 0, 0, 0, 0, 0, 0, 0, 0, 0, 0, 0, 0, 0, 0, 0, 0, 0, 0),
(3, 6, 0, 0, 0, 0, 0, 0, 0, 0, 0, 0, 0, 0, 0, 0, 0, 0, 0, 0, 0, 0, 0.22630641674259172),
(4, 1, 0, 0, 0, 0, 0, 0, 0, 0, 0, 0, 0, 0, 0, 0, 0, 0, 0, 0, 0, 0, 0),
(4, 2, 1.2638125740085921, 0, 0, 0, 3.9965262694272674, 0, 0, 0, 0, 0.39965262694272674, 0, 0, 0, 0, 0, 0, 0, 0, 0, 0, 0.8846688018060145),
(4, 3, 0.39965262694272674, 0, 0, 0, 0.39965262694272674, 0, 0, 0, 0, 0.39965262694272674, 0, 0, 0, 0, 0, 0, 0, 0, 0, 0, 0.2797568388599087),
(4, 5, 0, 0, 0, 0, 0, 0, 0, 0, 0, 0, 0, 0, 0, 0, 0, 0, 0, 0, 0, 0, 0),
(4, 6, 0, 0, 0, 0, 0, 0, 0, 0, 0, 0, 0, 0, 0, 0, 0, 0, 0, 0, 0, 0, 0.5),
(5, 1, 0, 0, 0, 0, 0, 0, 0, 0, 0, 0, 0, 0, 0, 0, 0, 0, 0, 0, 0, 0, 0),
(5, 2, 0, 0, 0, 0, 0, 0, 0, 0, 0, 0, 0, 0, 0, 0, 0, 0, 0, 0, 0, 0, 0),
(5, 3, 0, 0, 0, 0, 0, 0, 0, 0, 0, 0, 0, 0, 0, 0, 0, 0, 0, 0, 0, 0, 0),
(5, 4, 0, 0, 0, 0, 0, 0, 0, 0, 0, 0, 0, 0, 0, 0, 0, 0, 0, 0, 0, 0, 0),
(5, 6, 0, 0, 0, 0, 0, 0, 0, 0, 0, 0, 0, 0, 0, 0, 0, 0, 0, 0, 0, 0, 0.10327955589886445),
(6, 1, 0, 0, 0, 0, 0, 0, 0, 0, 0, 0, 0, 0, 0, 0, 0, 0, 0, 0, 0, 0, 0.12909944487358055),
(6, 2, 0, 0, 0, 0, 0, 0, 0, 0, 0, 0, 0, 0, 0, 0, 0, 0, 0, 0, 0, 0, 0.17317165154288647),
(6, 3, 0, 0, 0, 0, 0, 0, 0, 0, 0, 0, 0, 0, 0, 0, 0, 0, 0, 0, 0, 0, 0.22630641674259172),
(6, 4, 0, 0, 0, 0, 0, 0, 0, 0, 0, 0, 0, 0, 0, 0, 0, 0, 0, 0, 0, 0, 0.5),
(6, 5, 0, 0, 0, 0, 0, 0, 0, 0, 0, 0, 0, 0, 0, 0, 0, 0, 0, 0, 0, 0, 0.10327955589886445);

-- --------------------------------------------------------

--
-- Table structure for table `message`
--

CREATE TABLE IF NOT EXISTS `message` (
  `id_message` bigint(20) NOT NULL,
  `sender` bigint(20) NOT NULL,
  `conversation_group` bigint(20) NOT NULL,
  `text` text COLLATE utf8_unicode_ci NOT NULL,
  `timestamp` datetime NOT NULL
) ENGINE=InnoDB AUTO_INCREMENT=97 DEFAULT CHARSET=utf8 COLLATE=utf8_unicode_ci;

--
-- Dumping data for table `message`
--

INSERT INTO `message` (`id_message`, `sender`, `conversation_group`, `text`, `timestamp`) VALUES
(1, 3, 1, 'mjmhjhj', '2012-10-03 19:30:26'),
(2, 3, 1, 'dfef', '2012-10-09 14:25:51'),
(3, 2, 4, 'eeee', '2012-10-09 14:26:39'),
(4, 3, 4, 'ttt', '2012-10-09 14:26:53'),
(6, 3, 5, 'eeeerrtteertghnbfdwq', '2012-10-09 14:34:28'),
(8, 3, 4, 'ääpp', '2012-10-09 14:35:29'),
(9, 3, 1, 'eeewq', '2012-10-09 15:34:39'),
(10, 5, 7, 'hiii', '2012-10-10 17:43:02'),
(11, 5, 7, 'uuue', '2012-10-10 17:43:11'),
(12, 5, 7, 'Lorem ipsum dolor sit amet, consetetur sadipscing elitr, sed diam nonumy eirmod tempor invidunt ut labore et dolore magna aliquyam erat, sed diam voluptua. At vero eos et accusam et justo duo dolores', '2012-10-11 10:48:57'),
(13, 3, 7, 'uu', '2012-10-18 14:29:50'),
(14, 3, 7, 'ui', '2012-10-18 14:30:28'),
(15, 3, 7, 'niu', '2012-10-18 14:38:08'),
(16, 3, 7, 'lol', '2012-10-18 14:45:09'),
(17, 3, 7, 'gui', '2012-10-18 14:46:03'),
(18, 3, 7, 'kdfjaisjdfijasdfjasdlfjdölasfkjasfhjfhasvghdsfjsdkfj vfdfj aasdfkjas dfjdksfjasdfasdfjäasdjfösdfäasdfasfjäashf¨$afsdaäfhas¨$f$asdfää$asäfsdf', '2012-10-18 14:57:02'),
(19, 3, 7, 'fedfdf', '2012-10-18 15:17:26'),
(20, 3, 7, 'nöö', '2012-10-18 15:18:16'),
(21, 3, 7, 'li', '2012-10-18 17:10:04'),
(22, 3, 7, 'hiuuu', '2012-10-18 17:10:09'),
(23, 3, 7, 'aee', '2012-10-18 17:10:11'),
(24, 3, 7, 'gg', '2012-10-18 17:10:13'),
(25, 3, 7, 'ttt', '2012-10-18 17:10:16'),
(26, 3, 7, 'qqq', '2012-10-18 17:10:18'),
(27, 3, 7, 'zzzu', '2012-10-18 17:10:21'),
(28, 3, 1, 'nicht', '2012-10-19 09:00:29'),
(29, 3, 1, 'ti', '2012-10-19 09:00:48'),
(30, 3, 1, 'ww', '2012-10-19 09:00:51'),
(31, 3, 1, 'aaa', '2012-10-19 09:00:54'),
(32, 3, 1, 'gg', '2012-10-19 09:00:56'),
(33, 3, 1, 'ee', '2012-10-19 09:00:59'),
(34, 3, 1, 'qq', '2012-10-19 09:01:02'),
(35, 3, 1, 'hh', '2012-10-19 09:01:05'),
(36, 3, 1, 'ii', '2012-10-19 09:01:08'),
(37, 3, 1, 'guut', '2012-10-19 09:10:26'),
(38, 3, 1, 'rr', '2012-10-19 09:10:30'),
(39, 3, 1, 'ei', '2012-10-19 09:11:11'),
(40, 3, 1, 'uu', '2012-10-19 09:11:33'),
(41, 3, 1, 'qq', '2012-10-19 09:11:57'),
(42, 3, 1, '66', '2012-10-19 09:12:40'),
(43, 3, 1, '22', '2012-10-19 09:13:01'),
(44, 3, 1, 'qw', '2012-10-19 09:13:26'),
(45, 3, 1, 'iiii', '2012-10-19 09:14:03'),
(46, 3, 1, '655', '2012-10-19 09:16:35'),
(47, 3, 1, 'aa', '2012-10-19 09:18:35'),
(48, 3, 1, 'uu', '2012-10-19 09:19:15'),
(49, 3, 1, 'üü', '2012-10-19 09:19:18'),
(50, 2, 4, 'ei', '2012-10-19 10:40:45'),
(51, 3, 4, 'qw', '2012-10-19 10:40:47'),
(52, 3, 4, 'zt', '2012-10-19 10:40:50'),
(53, 3, 4, 'yx', '2012-10-19 10:40:52'),
(54, 4, 4, 'hz', '2012-10-19 10:40:54'),
(55, 3, 4, 'qe', '2012-10-19 10:40:56'),
(56, 3, 4, 'uu', '2012-10-19 10:40:58'),
(57, 4, 4, 'ew', '2012-10-19 10:41:00'),
(58, 3, 4, 'ju', '2012-10-19 10:41:03'),
(59, 3, 4, 'wd', '2012-10-19 10:41:06'),
(60, 3, 4, 'yc', '2012-10-19 10:41:09'),
(61, 3, 4, 'jrj', '2012-10-19 10:41:36'),
(62, 3, 4, 'eww', '2012-10-19 10:41:39'),
(63, 3, 4, 'jz', '2012-10-19 10:41:41'),
(64, 3, 4, '<yc', '2012-10-19 10:41:43'),
(65, 3, 4, 'rwq', '2012-10-19 10:41:46'),
(66, 3, 4, 'zj', '2012-10-19 10:41:48'),
(67, 3, 4, 'wewqwwqwaefdasgdfah', '2012-10-19 10:41:51'),
(68, 3, 4, 'ghzju', '2012-10-19 10:41:54'),
(69, 3, 4, 'g6t', '2012-10-19 10:41:56'),
(70, 3, 4, 'yxc', '2012-10-19 10:41:59'),
(71, 3, 4, 'bnzh', '2012-10-19 10:42:01'),
(72, 3, 4, 'qe', '2012-10-19 10:42:02'),
(73, 2, 4, 'ju', '2012-10-19 10:42:04'),
(74, 4, 4, 'nikl', '2012-10-19 10:42:07'),
(75, 3, 5, 'dfe', '2012-10-19 11:00:46'),
(76, 3, 5, 'qqq', '2012-10-19 11:01:28'),
(77, 3, 5, 'ght', '2012-10-19 11:01:30'),
(78, 3, 5, '<s', '2012-10-19 11:01:34'),
(79, 3, 7, 'ku', '2012-10-19 16:50:23'),
(80, 3, 7, 'loool', '2012-10-19 16:56:49'),
(81, 3, 7, 'qew', '2012-10-19 16:57:33'),
(82, 3, 8, 'pew pew!', '2012-10-19 16:58:17'),
(83, 3, 8, 'qwe', '2012-10-22 09:05:38'),
(84, 3, 1, 'ewrthdgkjhS', '2012-10-27 21:20:51'),
(85, 3, 1, 'hiii', '2012-10-27 21:29:54'),
(86, 3, 1, '2q', '2012-10-27 21:29:56'),
(87, 3, 6, 'dfe', '2012-10-29 16:48:37'),
(88, 3, 6, 'no!', '2012-10-29 16:49:19'),
(89, 3, 5, 'fe', '2012-10-29 16:56:36'),
(90, 3, 6, 'f', '2012-10-29 17:02:03'),
(91, 3, 6, 'fe', '2012-10-29 17:04:34'),
(92, 3, 4, 'Hi', '2012-11-02 14:34:31'),
(93, 3, 1, 'fe', '2012-11-09 10:47:09'),
(94, 3, 5, 'hu', '2012-11-09 11:25:25'),
(95, 6, 9, 'fee', '2013-04-04 14:55:27'),
(96, 6, 9, 'ttt', '2013-04-04 14:55:41');

-- --------------------------------------------------------

--
-- Table structure for table `mood`
--

CREATE TABLE IF NOT EXISTS `mood` (
  `id_mood` int(11) NOT NULL,
  `rating` tinyint(1) NOT NULL COMMENT '-5 to +5',
  `description` varchar(45) COLLATE utf8_unicode_ci DEFAULT NULL
) ENGINE=InnoDB AUTO_INCREMENT=18 DEFAULT CHARSET=utf8 COLLATE=utf8_unicode_ci;

--
-- Dumping data for table `mood`
--

INSERT INTO `mood` (`id_mood`, `rating`, `description`) VALUES
(14, 2, NULL),
(15, 0, NULL),
(16, 5, NULL),
(17, -5, NULL);

-- --------------------------------------------------------

--
-- Table structure for table `person`
--

CREATE TABLE IF NOT EXISTS `person` (
  `id_person` bigint(20) NOT NULL,
  `access_level` int(11) NOT NULL,
  `fb_id` bigint(20) NOT NULL,
  `first_name` varchar(85) COLLATE utf8_unicode_ci NOT NULL,
  `last_name` varchar(85) COLLATE utf8_unicode_ci NOT NULL,
  `activated` tinyint(1) NOT NULL DEFAULT '0',
  `gender` char(1) COLLATE utf8_unicode_ci DEFAULT NULL,
  `nick` varchar(50) COLLATE utf8_unicode_ci DEFAULT NULL,
  `member_since` datetime DEFAULT NULL,
  `last_online` datetime DEFAULT NULL,
  `birthday` date DEFAULT NULL,
  `email` varchar(85) COLLATE utf8_unicode_ci DEFAULT NULL,
  `location` int(11) DEFAULT NULL,
  `location_name` varchar(150) COLLATE utf8_unicode_ci DEFAULT NULL,
  `education` int(11) DEFAULT NULL,
  `job` int(11) DEFAULT NULL,
  `diet` int(11) DEFAULT NULL,
  `diet_strict` tinyint(1) DEFAULT NULL,
  `religion` int(11) DEFAULT NULL,
  `religion_serious` int(11) DEFAULT NULL,
  `sign` tinyint(4) DEFAULT NULL,
  `sign_serious` int(11) DEFAULT NULL,
  `description` varchar(160) COLLATE utf8_unicode_ci DEFAULT NULL,
  `useFBMatching` tinyint(1) DEFAULT '1',
  `useQuestionMatching` tinyint(1) DEFAULT '1',
  `useDistanceMatching` tinyint(1) DEFAULT '1',
  `useSymptomsMatching` tinyint(1) DEFAULT '1',
  `useMedicationMatching` tinyint(1) DEFAULT '1'
) ENGINE=InnoDB AUTO_INCREMENT=7 DEFAULT CHARSET=utf8 COLLATE=utf8_unicode_ci;

--
-- Dumping data for table `person`
--

INSERT INTO `person` (`id_person`, `access_level`, `fb_id`, `first_name`, `last_name`, `activated`, `gender`, `nick`, `member_since`, `last_online`, `birthday`, `email`, `location`, `location_name`, `education`, `job`, `diet`, `diet_strict`, `religion`, `religion_serious`, `sign`, `sign_serious`, `description`, `useFBMatching`, `useQuestionMatching`, `useDistanceMatching`, `useSymptomsMatching`, `useMedicationMatching`) VALUES
(1, 2, 100002117326166, 'Linda', 'Bäbler', 1, 'F', 'Lindaaa', '2012-03-22 15:18:51', '2012-03-22 15:18:51', '1986-10-14', NULL, 7285727, 'Endingen, Aargau, Switzerland', NULL, NULL, NULL, NULL, NULL, NULL, NULL, NULL, NULL, 1, 1, 1, 1, 1),
(2, 2, 698827801, 'Michael', 'Henninger', 1, 'M', 'afweawef', '2012-03-22 16:15:12', '2012-03-22 16:15:12', '1985-05-14', NULL, 7285727, 'Endingen, Aargau, Switzerland', NULL, NULL, NULL, NULL, NULL, NULL, NULL, NULL, NULL, 1, 1, 1, 1, 1),
(3, 2, 100000966972732, 'Jonas', 'Lauener', 1, 'M', 'jolau', '2012-05-14 00:00:00', '2012-11-09 11:48:57', '2012-06-06', NULL, 3666464, 'Unti, Antioquia, Colombia', NULL, NULL, NULL, NULL, NULL, NULL, NULL, NULL, 'Hallo! NA dfdf eee', 1, 1, 1, 1, 1),
(4, 2, 1447030326, 'Sarah', 'Gloor', 1, 'F', 'Sarah', '2012-07-19 10:22:11', '2012-07-19 10:22:11', '1991-12-30', NULL, 2660718, 'Fribourg, Fribourg, Switzerland', NULL, NULL, NULL, NULL, NULL, NULL, NULL, NULL, 'As curious, open-minded!', 1, 1, 1, 1, 1),
(5, 2, 100003847904030, 'Allano', 'Richardorena', 1, 'M', 'allah', '2012-10-10 17:23:37', '2012-10-11 10:38:34', '1984-02-06', NULL, 2139662, 'Ni, New Caledonia', NULL, NULL, NULL, NULL, NULL, NULL, NULL, NULL, 'Ich bin der beste!', 1, 1, 1, 1, 1),
(6, 2, 514580703, 'Andreea', 'Salbatecu', 1, 'F', 'Andreea', '2013-04-04 00:00:00', '2013-05-14 11:06:09', '1985-11-30', NULL, 2660718, 'Freiburg, Fribourg, Switzerland', NULL, NULL, NULL, NULL, NULL, NULL, NULL, NULL, '', 0, 0, 1, 1, 1);

-- --------------------------------------------------------

--
-- Table structure for table `personabout`
--

CREATE TABLE IF NOT EXISTS `personabout` (
  `id_person` bigint(20) NOT NULL,
  `id_about` int(11) NOT NULL,
  `description` text COLLATE utf8_unicode_ci NOT NULL
) ENGINE=InnoDB DEFAULT CHARSET=utf8 COLLATE=utf8_unicode_ci;

-- --------------------------------------------------------

--
-- Table structure for table `personblocked`
--

CREATE TABLE IF NOT EXISTS `personblocked` (
  `id_blocker` bigint(20) NOT NULL,
  `id_blocked` bigint(20) NOT NULL,
  `since` datetime DEFAULT NULL
) ENGINE=InnoDB DEFAULT CHARSET=utf8 COLLATE=utf8_unicode_ci;

-- --------------------------------------------------------

--
-- Table structure for table `personfacebookgroup`
--

CREATE TABLE IF NOT EXISTS `personfacebookgroup` (
  `id_person` bigint(20) NOT NULL,
  `id_group` bigint(20) NOT NULL,
  `visible` tinyint(1) NOT NULL DEFAULT '0'
) ENGINE=InnoDB DEFAULT CHARSET=utf8 COLLATE=utf8_unicode_ci;

--
-- Dumping data for table `personfacebookgroup`
--

INSERT INTO `personfacebookgroup` (`id_person`, `id_group`, `visible`) VALUES
(1, 1, 0),
(2, 2, 0),
(2, 3, 0),
(2, 4, 0),
(2, 5, 0),
(3, 6, 0),
(3, 7, 0),
(3, 8, 0),
(3, 9, 0),
(3, 10, 0),
(3, 11, 0),
(3, 34, 0),
(3, 35, 0),
(4, 13, 0),
(4, 14, 0),
(4, 15, 0),
(4, 16, 0),
(4, 17, 0),
(4, 18, 0),
(4, 19, 0),
(4, 20, 0),
(4, 21, 0),
(4, 22, 0),
(4, 23, 0),
(4, 24, 0),
(4, 25, 0),
(4, 26, 0),
(4, 27, 0),
(4, 28, 0),
(4, 29, 0),
(4, 30, 0),
(4, 31, 0),
(4, 32, 0),
(4, 33, 0),
(6, 36, 0),
(6, 37, 0);

-- --------------------------------------------------------

--
-- Table structure for table `personfacebookpage`
--

CREATE TABLE IF NOT EXISTS `personfacebookpage` (
  `id_person` bigint(20) NOT NULL,
  `id_page` bigint(20) NOT NULL,
  `visible` tinyint(1) NOT NULL DEFAULT '0',
  `profile_section` varchar(85) COLLATE utf8_unicode_ci DEFAULT NULL,
  `created_time` bigint(20) DEFAULT NULL
) ENGINE=InnoDB DEFAULT CHARSET=utf8 COLLATE=utf8_unicode_ci;

--
-- Dumping data for table `personfacebookpage`
--

INSERT INTO `personfacebookpage` (`id_person`, `id_page`, `visible`, `profile_section`, `created_time`) VALUES
(1, 1, 0, 'music', 1317229175),
(1, 2, 0, 'music', 1315080204),
(1, 3, 0, 'music', 1298720655),
(1, 4, 0, 'music', 1298720654),
(1, 5, 0, 'music', 1298720654),
(1, 6, 0, 'music', 1298720654),
(1, 7, 0, 'music', 1298070420),
(1, 8, 0, 'music', 1298070213),
(1, 9, 0, 'books', 1327182352),
(1, 10, 0, 'books', 1298072852),
(1, 11, 0, 'books', 1298072852),
(1, 12, 0, 'books', 1298072852),
(1, 13, 0, 'movies', 1327179851),
(1, 14, 0, 'movies', 1311782861),
(1, 15, 0, 'movies', 1308680119),
(1, 16, 0, 'movies', 1307139428),
(1, 17, 0, 'movies', 1305397985),
(1, 18, 0, 'movies', 1304866421),
(1, 19, 0, 'movies', 1304866421),
(1, 20, 0, 'movies', 1300652644),
(1, 21, 0, 'movies', 1298072159),
(1, 22, 0, 'movies', 1298072158),
(1, 23, 0, 'television', 1322060009),
(1, 24, 0, 'other', 1332251566),
(1, 25, 0, 'other', 1327178685),
(1, 26, 0, 'other', 1327178615),
(1, 27, 0, 'other', 1326823084),
(1, 28, 0, 'other', 1323441558),
(1, 29, 0, 'other', 1308060617),
(1, 30, 0, 'other', 1307892457),
(1, 31, 0, 'other', 1304602826),
(1, 32, 0, 'other', 1304597169),
(1, 33, 0, 'other', 1298073843),
(1, 66, 0, 'television', 1333401892),
(1, 67, 0, 'other', 1333402472),
(1, 68, 0, 'other', 1333402059),
(2, 29, 0, 'other', 1299141339),
(2, 34, 0, 'music', 1311183180),
(2, 35, 0, 'music', 1279518984),
(2, 36, 0, 'music', 1231999365),
(2, 37, 0, 'music', 1252774092),
(2, 38, 0, 'movies', 1299876996),
(2, 39, 0, 'movies', 1298223242),
(2, 40, 0, 'movies', 1297933973),
(2, 41, 0, 'movies', 1273749527),
(2, 42, 0, 'movies', 1273749527),
(2, 43, 0, 'movies', 1273749527),
(2, 44, 0, 'movies', 1273749527),
(2, 45, 0, 'movies', 1220713273),
(2, 46, 0, 'movies', 1217518691),
(2, 47, 0, 'television', 1298223243),
(2, 48, 0, 'television', 1289471132),
(2, 49, 0, 'television', 1288366033),
(2, 50, 0, 'games', 1322142594),
(2, 51, 0, 'favorite_athletes', 1310644727),
(2, 52, 0, 'favorite_athletes', 1298236525),
(2, 53, 0, 'favorite_athletes', 1298222981),
(2, 54, 0, 'favorite_athletes', 1298222978),
(2, 55, 0, 'other', 1318852473),
(2, 56, 0, 'other', 1305666152),
(2, 57, 0, 'other', 1298106761),
(2, 58, 0, 'other', 1292500067),
(2, 59, 0, 'other', 1275555086),
(2, 60, 0, 'other', 1265633841),
(2, 61, 0, 'other', 1256067163),
(2, 62, 0, 'other', 1251921796),
(2, 63, 0, 'other', 1218283109),
(2, 64, 0, 'other', 1269373582),
(2, 65, 0, 'other', 1272437979),
(3, 27, 0, 'other', 1342020585),
(3, 69, 0, 'music', 1330636444),
(3, 70, 0, 'music', 1319486164),
(3, 71, 0, 'music', 1316880364),
(3, 72, 0, 'music', 1315497788),
(3, 73, 0, 'music', 1314444498),
(3, 74, 0, 'music', 1307547713),
(3, 75, 0, 'music', 1305574512),
(3, 76, 0, 'music', 1305574504),
(3, 77, 0, 'music', 1300497772),
(3, 78, 0, 'music', 1297809884),
(3, 79, 0, 'music', 1282511614),
(3, 80, 0, 'music', 1281019786),
(3, 81, 0, 'music', 1276448054),
(3, 82, 0, 'music', 1270768971),
(3, 83, 0, 'music', 1270768994),
(3, 84, 0, 'music', 1270310943),
(3, 85, 0, 'music', 1270769002),
(3, 86, 0, 'music', 1270769043),
(3, 87, 0, 'movies', 1298405710),
(3, 88, 0, 'movies', 1291751971),
(3, 89, 0, 'movies', 1291751970),
(3, 90, 0, 'movies', 1286572954),
(3, 92, 0, 'other', 1332848880),
(3, 93, 0, 'other', 1331074776),
(3, 94, 0, 'other', 1329496109),
(3, 95, 0, 'other', 1328249509),
(3, 96, 0, 'other', 1326964740),
(3, 97, 0, 'other', 1324083150),
(3, 98, 0, 'other', 1318877049),
(3, 99, 0, 'other', 1314133660),
(3, 100, 0, 'other', 1312889835),
(3, 101, 0, 'other', 1311797057),
(3, 102, 0, 'other', 1308489628),
(3, 103, 0, 'other', 1305574754),
(3, 104, 0, 'other', 1304267517),
(3, 105, 0, 'other', 1301947693),
(3, 106, 0, 'other', 1299613222),
(3, 107, 0, 'other', 1297898080),
(3, 108, 0, 'other', 1295967044),
(3, 109, 0, 'other', 1295353179),
(3, 110, 0, 'other', 1291751762),
(3, 111, 0, 'other', 1290977212),
(3, 112, 0, 'other', 1290813595),
(3, 113, 0, 'other', 1290166258),
(3, 114, 0, 'other', 1287689335),
(3, 115, 0, 'other', 1285702558),
(3, 116, 0, 'other', 1285437644),
(3, 117, 0, 'other', 1285437597),
(3, 119, 0, 'other', 1281188339),
(3, 120, 0, 'other', 1277751044),
(3, 121, 0, 'other', 1276791063),
(3, 122, 0, 'other', 1276791017),
(3, 123, 0, 'other', 1276214195),
(3, 124, 0, 'other', 1276212592),
(3, 125, 0, 'other', 1275775598),
(3, 126, 0, 'other', 1275089776),
(3, 127, 0, 'other', 1274905931),
(3, 128, 0, 'other', 1274478218),
(3, 129, 0, 'other', 1274367944),
(3, 130, 0, 'other', 1273260939),
(3, 131, 0, 'other', 1270828763),
(3, 132, 0, 'other', 1270767012),
(3, 133, 0, 'music', 1338926634),
(3, 134, 0, 'other', 1339788558),
(3, 135, 0, 'other', 1340190559),
(3, 186, 0, 'other', 1345210934),
(3, 188, 0, 'music', 1345911235),
(3, 189, 0, 'other', 1346876131),
(3, 190, 0, 'other', 1347824653),
(4, 136, 0, 'favorite_teams', 1317149069),
(4, 137, 0, 'other', 1342547379),
(4, 138, 0, 'other', 1340218384),
(4, 139, 0, 'other', 1336327562),
(4, 140, 0, 'other', 1335223291),
(4, 141, 0, 'other', 1334416938),
(4, 142, 0, 'other', 1333543857),
(4, 143, 0, 'other', 1332069260),
(4, 144, 0, 'other', 1330803182),
(4, 145, 0, 'other', 1327264897),
(4, 146, 0, 'other', 1327232286),
(4, 147, 0, 'other', 1325111051),
(4, 148, 0, 'other', 1324496943),
(4, 149, 0, 'other', 1321111660),
(4, 150, 0, 'other', 1320177929),
(4, 151, 0, 'other', 1320054771),
(4, 152, 0, 'other', 1317131742),
(4, 153, 0, 'other', 1316621448),
(4, 154, 0, 'other', 1316616479),
(4, 155, 0, 'other', 1315005985),
(4, 156, 0, 'other', 1314689011),
(4, 157, 0, 'other', 1305534581),
(4, 158, 0, 'other', 1299320411),
(4, 159, 0, 'other', 1291330475),
(4, 160, 0, 'other', 1291330284),
(4, 161, 0, 'other', 1285971792),
(4, 162, 0, 'other', 1284579915),
(4, 163, 0, 'other', 1282583978),
(4, 164, 0, 'other', 1281458720),
(4, 165, 0, 'other', 1275219115),
(4, 166, 0, 'other', 1274134265),
(4, 167, 0, 'other', 1272821084),
(4, 168, 0, 'other', 1271102605),
(4, 169, 0, 'other', 1262656548),
(4, 170, 0, 'other', 1265031861),
(4, 171, 0, 'other', 1261752524),
(4, 172, 0, 'other', 1233956753),
(4, 173, 0, 'other', 1248131211),
(4, 174, 0, 'other', 1255010693),
(4, 175, 0, 'other', 1239721610),
(4, 176, 0, 'other', 1264434932),
(4, 177, 0, 'other', 1240613539),
(4, 178, 0, 'other', 1242403798),
(4, 179, 0, 'other', 1240613542),
(4, 180, 0, 'other', 1271240294),
(4, 181, 0, 'other', 1220790608),
(4, 182, 0, 'other', 1249418893),
(4, 183, 0, 'other', 1234094840),
(4, 184, 0, 'other', 1272383609),
(4, 185, 0, 'other', 1271675224),
(6, 193, 0, 'other', 1346589363),
(6, 194, 0, 'other', 1339739908),
(6, 195, 0, 'other', 1327206756),
(6, 196, 0, 'other', 1323271408),
(6, 197, 0, 'other', 1322483196),
(6, 198, 0, 'other', 1320567804),
(6, 199, 0, 'other', 1306858790),
(6, 200, 0, 'other', 1298737984),
(6, 201, 0, 'other', 1296556593),
(6, 202, 0, 'other', 1287229917),
(6, 203, 0, 'other', 1283597955),
(6, 204, 0, 'other', 1277550800),
(6, 205, 0, 'other', 1246880109),
(6, 206, 0, 'other', 1248880805),
(6, 207, 0, 'other', 1272445166),
(6, 209, 0, 'other', 1366796523);

-- --------------------------------------------------------

--
-- Table structure for table `personfriendshiptype`
--

CREATE TABLE IF NOT EXISTS `personfriendshiptype` (
  `id_person` bigint(20) NOT NULL,
  `id_friendship` int(11) NOT NULL
) ENGINE=InnoDB DEFAULT CHARSET=utf8 COLLATE=utf8_unicode_ci;

-- --------------------------------------------------------

--
-- Table structure for table `personlanguage`
--

CREATE TABLE IF NOT EXISTS `personlanguage` (
  `id_person` bigint(20) NOT NULL,
  `id_language` int(11) NOT NULL,
  `id_level` int(11) DEFAULT NULL
) ENGINE=InnoDB DEFAULT CHARSET=utf8 COLLATE=utf8_unicode_ci;

-- --------------------------------------------------------

--
-- Table structure for table `personrating`
--

CREATE TABLE IF NOT EXISTS `personrating` (
  `id_rater` bigint(20) NOT NULL,
  `id_rated` bigint(20) NOT NULL,
  `rating` tinyint(4) NOT NULL DEFAULT '0',
  `last_update` datetime NOT NULL
) ENGINE=InnoDB DEFAULT CHARSET=utf8 COLLATE=utf8_unicode_ci;

-- --------------------------------------------------------

--
-- Table structure for table `persontag`
--

CREATE TABLE IF NOT EXISTS `persontag` (
  `id_person` bigint(20) NOT NULL,
  `id_tag` bigint(20) NOT NULL
) ENGINE=InnoDB DEFAULT CHARSET=utf8 COLLATE=utf8_unicode_ci;

--
-- Dumping data for table `persontag`
--

INSERT INTO `persontag` (`id_person`, `id_tag`) VALUES
(3, 2),
(3, 5),
(3, 8),
(3, 12),
(3, 14),
(3, 16),
(3, 17),
(4, 1),
(4, 2),
(4, 3),
(4, 5),
(4, 7),
(4, 9),
(6, 1),
(6, 5),
(6, 8),
(6, 9),
(6, 18);

-- --------------------------------------------------------

--
-- Table structure for table `picture`
--

CREATE TABLE IF NOT EXISTS `picture` (
  `id_picture` int(11) NOT NULL,
  `id_person` bigint(20) NOT NULL,
  `caption` varchar(200) COLLATE utf8_unicode_ci DEFAULT NULL,
  `picture` mediumblob NOT NULL,
  `picture_format_name` varchar(10) COLLATE utf8_unicode_ci NOT NULL,
  `mood` int(11) DEFAULT NULL,
  `thumbnail` blob,
  `thumbnail_format_name` varchar(10) COLLATE utf8_unicode_ci DEFAULT NULL
) ENGINE=InnoDB AUTO_INCREMENT=6 DEFAULT CHARSET=utf8 COLLATE=utf8_unicode_ci;

--
-- Dumping data for table `picture`
--

INSERT INTO `picture` (`id_picture`, `id_person`, `caption`, `picture`, `picture_format_name`, `mood`, `thumbnail`, `thumbnail_format_name`) VALUES
(1, 3, 'Profile Picture', 0xffd8ffe000104a46494600010200000100010000ffdb004300080606070605080707070909080a0c140d0c0b0b0c1912130f141d1a1f1e1d1a1c1c20242e2720222c231c1c2837292c30313434341f27393d38323c2e333432ffdb0043010909090c0b0c180d0d1832211c213232323232323232323232323232323232323232323232323232323232323232323232323232323232323232323232323232ffc000110800b400b403012200021101031101ffc4001f0000010501010101010100000000000000000102030405060708090a0bffc400b5100002010303020403050504040000017d01020300041105122131410613516107227114328191a1082342b1c11552d1f02433627282090a161718191a25262728292a3435363738393a434445464748494a535455565758595a636465666768696a737475767778797a838485868788898a92939495969798999aa2a3a4a5a6a7a8a9aab2b3b4b5b6b7b8b9bac2c3c4c5c6c7c8c9cad2d3d4d5d6d7d8d9dae1e2e3e4e5e6e7e8e9eaf1f2f3f4f5f6f7f8f9faffc4001f0100030101010101010101010000000000000102030405060708090a0bffc400b51100020102040403040705040400010277000102031104052131061241510761711322328108144291a1b1c109233352f0156272d10a162434e125f11718191a262728292a35363738393a434445464748494a535455565758595a636465666768696a737475767778797a82838485868788898a92939495969798999aa2a3a4a5a6a7a8a9aab2b3b4b5b6b7b8b9bac2c3c4c5c6c7c8c9cad2d3d4d5d6d7d8d9dae2e3e4e5e6e7e8e9eaf2f3f4f5f6f7f8f9faffda000c03010002110311003f005c75ed401c75c8a931498e6bed6e7c526336f19a52a71934ec77c0a3073482e866062931edf8e2a4031d863da823da8191e01ed4b8c1a7e338c0c9fa5489033296e83d49fe9d694a4a2aed9a42129b4a2ae400127fc29c2262338279c74f6ffeb5598a27077a153c1cf72074f7c55f0f6d2c7b0a48ad819c1c8ce3938fcfa7eb5e5d7cd29d3765a9ead1caa735793b18bb73903279a44ff58ea4f03073ec73fe06a4bd0d10636d133a918dc086c1cf231d7b562fdb6517592542003702c0138c11c7e742cca949268a5964e2ec6dc50348c50024e09c01d87a9a8d801d38c75351ade24b1876214b123049c8f4fc78fe552643a1c1ce410303dabaa15d3d6e7355c334ec90103b6334608ea2962398958fde201c7a669db4574c64a4ae8e29c5c5d866063d282063d6a4db8ec0d1b78e01a62b91e076068c0c53f1d8628228b82230a052e327da9d824f4c53b1ed4304458a29e568a43b1291c52918a7ecfcfe94a5726a8c137622238a30715215ebd680a73eb402dc8f07de9c91976daa0e7ad48232e7680493e9569635b488b3300e4719ea39f4ebd335cd89c4c6841b6f53b709859d79ab2d087cb543b501241c640cf6ed4a12788125490403b4b00c467d0f3d6a5b58a396606e498d08241dd82063af3c7e944f05adb3bdc413dc3c78e4920e074ea0706be5f138c9557be87d561f0b1a6ac916a1135c03e5c012307041c8c8e3ae39aa573a64d0485a1612a9cee8d88caf19c0f707ebd39e2b39f584d3c036ad338392c0918fa600079fafe152ff0068c3a846278a5292a8058100153dc9c739fae735c0dbb9d7a150dfb41bc8259382e83190080738ea08e304638e0e3a565ea707db1838442e086dc09cb0c9e0fae41ebd7fae95cb594ee66958c7700805a25c8718e090471ef9fcaab5c456f328489940182aa495507b8c8e809cf1918cd5c590d18526a3f669de19ed991d4640190303b8f5eb5aeb70972a90c4e4191461c13b769ee7d4e33f9d65ccb99c457281b0490a09f941e7033c8039e33d0e79eb59a05cda3b0b798989092e07519e38cf3dabb68d771d19cd529267706e9212a1d83e7000047381d3db8a9d1cbe094daa7a1073ce6b8dd36ec13912912648039393c75fd7f4ae92d3535b92b1a00aeabba41d43103923dfbd7a5431f272517b1c15b030e5725b9a2ca41c1047d45263ff00adc54b82e010410076e2931fe715eda77573e7a4acda23c668c1a9029a31fe7d298911fe1463da9fb7de8c1cf23e940d323db453c839a282ac89c8a31526df6a319ed4d339c8b1d4d001cf7e6a5d9cf3d3daa1b8b81691eeeac4e00c0393f8d6752a2845c9f434a34dd49a8aea4f15cc76ec405dd26324f3851eb8155d0492cdbf2a4124076e4e074c0eb55a6d462b0b7767505d88dc410001e83df3fc87a56645aa4d75215886d766230bc040074cf6ea057c862b112af51b7b1f6b87a11a34d45236eeaed149465566cfca01dd8f6fc3daa8cd7f73e5156558e3c920b649c76c771d2b46c45969f6ccd33ab484609c804923a03d4fd3dfb537135edac972ed6f6d659192e402579c727920fd7f3c572491d28e2aeeec33ed5766078e84107dbd6ab89becf30612bab0c619372e0e3d7afe55b924ba69722c91e68ddc0699d02aa80739c93d719e9cd569ec3cf549242a1581238c6d07d4fafbd5a6adb12d3b998faf92585c4e5ce472ebbce738393c1ce3ebd3b557b991a752d0b649c004838231d4679fff005d6f5af87ede556b8288224f980619c93d303af6279c71f80a27d3b64f1e62f93938c6324f233ef814f990b9198365a94d0a049d431c90010770c8c707a8fafa1a64f7f00550aac9b7a65b903b64743df818eb5d34fa6796a92b42b8e08200e2b16eac206058c6a79e01e98c50a4ae0e0d232adae9a02db4e4104a939c0e39ab769a8b40cc7ee90c0e4e467dbdea9dc446de557fbc0124a80318fa74a92e6c26b88a211e064655c90037a639ce7b5689a336775a3ea86f08825c0931d3df92307b8207e15ad8ce3fc6bceb4eb891a310bb34571113939c3290460fae38e7db35dd68fa87f6958895b025562b201fde1dff001e2be832eaee51e496e7cfe674127ed225bda7d28dbc7a54b8e28c7f9c57a678e44471eb411df152114628b9499091cf4fd68a98ff009e28a0a26dbcd007e7f4a9760a36f5a2e604406462b0f5fbb5b7281586e50793db3d4fe438f7fa5740530a493802bcd75ebe679a66dd82cd8c93d0127f4000af2f34ace34f91753dbc9e8294dd47d04b8be37e42c6d948d82904fa90437e0726a55bdfb1c6c8a4167e58e0e4f7ff000ac18e4fb35b65b962c0903838c1c55792f95e62598919c91df3ef5f3963e976d4df4d49dae0cf33e5883804e49e79001f6eff005a9a7d65268d7ed1125d3a9cc7199484073c038201fa76c77cd73b14f14a8dbe30c4f0199ca803d31c671fe41a9622caca11080718623048cf6f414eddc57b9d258dcdc4ad1b5e94705be58540000f4181803af402bb1b1b06d4d1656851235e762ae4100f4e49c0c9ee40fd33c5e8c85a6248560064e5471d78c9e9d7b76aef6d64b996d0db5a80b0821a5623963d87e7c003ff00d7949f44691454687ed1758550212f908bd09ff3deacebb6c915a5b42abf396dcc71d4f61fad743a27878aa8b8badcd349c807f857a01fa1a8759b53737ea17fd5ae14103be3923d8566db46b14b633acedc5c69f03300e36038238e474ac8d674784c65fca0849c9283a1fa0ed5dad8d88874f58c0e14919f4c1e954b50b6050800127ad67ccd48d5c53563c86fac9add891865e991cf5acfb79b7da98b398d588c11c0e4f1ea3bd761af69ed0ab3a8caf5231d2b90b244171730e326452c077241c83f9647e35db0774704e2d320bb0442f22cccb3c5d0f5c8ec0e7f9fa5743e09bd54134331daec54827a31e47f87e55cedcc79b86643f32903248c3291907d3a7ad6a693612452f9cb31f36462db71f749ea08ec3dba577e12b3a734ce2c4d2f6b068f485c1031de976f34db4769205765d84a8247a66a7c715f48a57573e5651e56d321d99346ce71536ca36fbd32125721228a90af3451766962d6da36f35314c0a367359f31814af30965336403b7033d327fce7f0af1ed41965f34484878c9600ff173823fafe75ecf7501960751d48383e8718ff1af17d5aca589ee98827cbce41e49c1e7f53d6bc6cca2dc93e87d2e5125ec9a5b9cf5dea13392885b939639e49a8239ee19bfd6373d726925dcb21231c9e94867611856db919c00a01c9f538c9af352563d46ddf565eb689a56f99c019c127b7e55b769028c156248ee47f21dab234e467c1627dc5751a6db7da2e23895492c40000e4fb0a99686913a1f0f593dcdcc311dc7cc61923924f61fcabd76df4c82ce086350aac48c229c85c73927b9f53f975ae674dd1c69b1a93b4dc471a4831c00413903f0c7d4e2acde6be86ee1224ca05240078e4f7f5e9fcab91caed9d6a1a1d35cdcc5636ed2337cd21c01f4e07158b1dc452dc87770100381ea01ea7ea4e6b9ed635c96e27882b6403d01e9fe7158773afc96eb851970bb719aa51ba0f84f406d52182d034aeaa00c924f7eb5cf5df8bec958a42a5c824120579d5cdf6a178e0cb70ca83a20278ad3d1ad2cb6c935f5e2c51af442df331ff0e954a8add90eabbd91bd77abdb5ec45658b693d0ff008d701a95b7d8b57b79e100ac8e133fef1c633f8d6fea37b612064b498003a03dff003ac632994889cff1065279c303907f3ad611e55a185495ce795decef272caf2c21994823a0048c9f4381907f0ae8b48d42289a2e498c118c12783e9ec3d2b9979ee74ed4a6719c48ed9e720f39208ad9b7bdb762ac6dc2be47cc33824771ef5a2766998b574d1ea1697313c01c3a95c0e9eb56e07f30161cfbf51f85715693f985104a06ec1604e3f33dabacd26e6d7ecc7cdbcb74da4a80f205c0c9e9935ef61714aa2b3e87838cc1f23baea5fdb49b690ded806005fda127b0994ff5a951a39194472a3961901181cfe55d6aa47b9e6fb29f62220fafe9454cc855b04107e945573aee3e56713aef8d359d2ae6ee21059ec898a46e636cb90402705ba727f215d96917335fe9c93dc46239b73a3283900ab1538fcabcc7c767fe26170a79fde3e0fa66661fd2bd4b434234c39c12679ce47fd756ae0a551b934cecc6d38469464959968273d79ae2fc47a43c1a93dc2425edae108900008562304907b70a7a75ce6bbc294d6895c618023d08ad2a463515a47261b132a12bad8f99355b57b3be785c60839e3d3d6a96ce471c1c57aafc4bf0da45b35381000ff23803a10383f4e2bccc2174c0ea307f235e356a7ece563e9e8d555a0a48d1d3482b8ee00cd7a7f83058e989fda376be64c7889319c7bd79269eecb76cbd011d3debd174a286d94cce5634186c1e7f3ae5a8ae76d26747ac78da77b85fb3c0a3693820720743939fc715cdfdae79d99c95462c48dadf2e3d39e4547aa6b7a6a46cb6d6a091c09189249f603ad73ad77a931dc2d1e20790241b49fc0f350a9f546ae7ad8eeb40437ba82c52b649c93f80eb567c4be1bb9b6b637b1233201b9b03b7ae2a8f8144f73a879ae06c5015c0e4027d3f0cd7b65f58c771a3a1da08db8c11daa75be9d0abab2bf53e64babb9502ac4ac598f240e83ebdaa4b6d3eea68e479752f22327e5444dccdf53dbf339aee754f03a5cdf30b09442c4e4c6dd0fd0f6fa55cb2f85ba83c1be7ba48ba6141c93efed5a466ada113834ecce08da2f9617cc2ec380e410c7f01c56bdaf85a65b31733bb027955239c7bd7a169ff000fedac1849313338eedd07d055fd4ac634b6f2c28181c6076a9954e88153bee7896b562a2f566c12b21daea06727b11ef4d58ad200a59e40a40db9c0007a74fe59aea2fd16d2ec9601b0d9008e87d6b3aee2b49a68edc2165098707818eb9c7af19aa4db48c64acd91694eb717011195541e49193f9f06bd174b8956dc2801b3c9231d6bca7c3f1343e214b55dccae4a90307f103dbfc6bd6ecac25b7b6c4129c80708e323d87b7e1f957b7828a8c398f0f3095e5c972d3408d90c8a47b8155e4d26c65396b487776608011f4239156acd9e5b38de420b1ce481dc123fa558d9c576dd3478dcd384ac9988fa243b8edbabe41fdd4ba7c0fd68ad92a28a568f634f6d53b9e49e2a8aeb54bc825b4b1b8905c6e6c471970a7ce7620e3b8047e75eb1a3c6534e556528c6495b6b02080646209079e4735e7cfad5eda43a7dda43b2290175403063906430c673820ab7419c0c62b76c3c58daa78bad6d21645819a5f98b70630323f1c027f1f6ae08548a76ea7a589a72a90b2d91d96ca5d955b4bd460d5ec8dd40acb1872a0b77c00723db9aba02162a1812002403d8d74f31e4ba6d36adb191aee94354d1ee6d481b9d4ed27b11c8fd457ce77d6b2e9da93c0ea54e72323a8e9fe7e86bea3641803d6bcc3e29e83a6258a6a4ac63bc122a222f224c9e411db0013f9d73e229a9c6fd4f532eaee0f91ad0f2a89d3cc19003a9e0fa8f435dbe93a46a1ae2882d58088e19f27031c5706f1491b6e6f941271cf3c7ff00aebd93e1880fb58e490aa719e09e7ad79152e95cfa2a5abb1593c3179a7a95b4d3ccce067cc0a58fa9238e3f3a9ec7c0dac6b6c6e2fc1b6b64e4bb8e48ef803fad7b44063d80484723181c0aadabea76567a7c8d31511ed208e991e958f3686fadf952387f0fe909a5dd1b70a8b14449041c9763dcfbe0f4fa57a2c2ea74a6e9f283d6bcfb4cd5ec5eca7be6d90c4242b12e7900753f893fa54efe38b15b664866c83c118eb4a0dead9b54a6a4925a588b552e6ef7db805f3c0e9fad6969be278908b5bdfdc5c0c02afd0fb83dc579eeade313e713100aa0f04e493f8555b2d446bfa8241732e0f964a301820f040fd0d2e476b8e728b3d7e6bf898164915b8e4020e2b98d5b55c2373c735c41bfbed1ee1a27762a7ee9cf5155afb5996e41ed9eb9a141b6999b924ac8afae5db4f392a464715830dd94725d4b3904119ea7b1ab92b92c589c9acbd52f0da902380bcae84ab83c2f6cd75c60ac8e19cb56759e02d126b8d65afe7daab0af00b65896191c7d3bfd47d3d5523c0c0e06315e4bf0c6f677d766376e4b4b01541e81483fe3fad7b0ac5c8e4d7b54da54d247cd62f99d7d4ced3466c13be19c7fe3c6a496e218ae2181db0f313b063838193cf6a4d2509b223d25718ff81135e750dc449e367dd7f792f95747724a98083781f29c924738e838ed55ce9222343da4e5a9e97b37723045150417524d1078ecae36762428c8fc4e68abb99ba4cf3bd46e623a24170c15e08ae0c25f6e010c8076ce4818383d864e4f4c7f025ec56de26996e617b862248a2c00704ab672403c632303a924f6abd6f7f05fe8d731336c08ab33c66520994155c90c3246093c0f639cd45e15587fb5de649a0b39ade1793215406900c0073c1046e19e3ef0f5af2a53fdeab6c7b7cb6a6d34757a26aa965e166b1513a48b13b2c8f1e0649c0038c92063a8fc4d72f79ad6a1a75d1559e6568d4609624952dd09e338273ef91d3a0eb2d26d26fdad253720f9d310620703cd6624e41cf1f37af614ef89767602282e810ba8be23ca3e098c1c939208e09ea473923d2ab10db8dd3d8ca972c67cbcbb92f877c513ea17422be2aac14b0c0030493c1ae47c6d1acf76d3cb70f26188890f0a8307a02464e71cfa56559df8b304430dc35c8280486718c1c8c11b413d4e0e475cd6ce9764fafd8de131979ed54484807919e7b11c73d39232707a5654ebca71e53a634a9d29731e77771157539e00c024e41f5c7eb5ddf80357162648988070307a703ffd75c25f23d9dd3c2c4150480724f1d88ce08fcaaee877c82f611bb863b5b1d413c66b09c5bba677539d9a68f763e2555881df918fceb87f1378926d41f6062101c019fccd654b733c6ec85fe53d2b2ee199a52393803f5ac153b1dbedb4d0ebb52d19adfc136d790b389490d2e09c6d6e9c76c71cfbd7250bba26371233dce6bd521d5f46b5d0e386f668da3788218fa923001e2bccf547b017b20b02ff0067272a1cf23da9d3bdda64cf54995ddb782c79349693bda5d473a67723061f853508380a393d075a1c94196014020124e39ad2c8c9b7dceb35c9a296d839218300571d4645732ae4e55bd3208f4acc5d4af6f6e82020408319239207a5694272e4fb1a9e5b09cae36403a0cfe7556ef4db9bf9ed85a60caaad9190091c74cd5c71819e86a6b798dbc91dc003e43ce402307d41fc2b684adabd8e7a97e875fe08f0ccf617315cdc40e1caf24b03c9e9d3a003f1af4a54f987f85794d878b6ee2658a594adb3b8dac3838e31c9edcd7abd8cab731c614832140c5370240f53824577d3c44671f77448f0f13426a6a4f532b482ab6570cc42a24ce493d00ea4feb5e7e6cf51d47504d4dae24f26e2e0c90c4e0e238b706049cf19008000ee2ba8b995a6b5934385b6cfa85f342c01e5620a0bb7b7008fa9ada5b066bfd90404c119503030a140181e9d2a2bd5e58ee74e1697bd27639f7bb9ecf62c53b00ea2420b6704fa1228adad4f4196e2fe49237444e02aed3c0fc28af3feb12fe63d1fabc3f951c85a3dada785f5859edc3dcc5142ae66db98650006049018e490475e07e15e77a7dff91a9cb72f02ed8a50090490a589c120e73d0f5e4803eb5ab7d7725cbdc4be561238634650b8c614283c9c92481ce338ebd2b0a7ba92ea78ece35ca4ee58e1402cc4b1ed9279381cf6e94b99f3127a278d8d95b1b76b4b7851270672d18da581231cf18c1240f6c572d71ac4da858c16b3b9924b4631a39058952c4919cf20640f618adad4d2097c2f6d1b47e54f61041136ee183b4c4907d4e09f7e31dab81d46e8d9dc471229454e2521b86240c91e9d07e22aa776b7d01a5712dafcf9533ce59a5270ab9c11839071c0ea07e47a5765e17f1549a16a51884093ce01668c900302a0ae0f41c9207d7d2b98f0eea1a559ebd06a3ac5b3496815bcd8100248c920e0e3be3ad52d6754b2b9f125cdde991bc762642d6d13800a838c023381dcd14d72c949112829c5a3d5fc41e037d47c47fda11d825ed94ea4322ca54a30383839e4678fc0f4af30d6f49874ad41d5adae2dd848591369dbb41e307a9f4ebd6bd23c3de2fbab2b192d26b8768a5082395c93e40312b1c0032492debc566f8b75b8bc431471f95b27b72ca9729c09012324a91d381c67af35dd2716bccc29b9c5fbdb18b15e2de58c3390164da038cf43dea2b88c906453d47354ecadee230cac2dd50e58b005493d071d3f4156d25e0a9e84722b9250b6c7a10a89ab18f7965772913c57126d523e524e3e9c55db2b5d56ed17ecfa634fb410c50120fa1c815d4e8968af632960a448dc0233d07f89a74babdcd93793136c0bc00063f4acd4afa2dcde2968e4ce51afef1408fecaa922f0493d0e31d2abb4335ccbe6cefb9f0381c01f415b178c6f2e1a670a19b9623b9f5a6c71a20cf53eb4d3481f2f429a42205031c9e4d5db50be54a5b390323f3a865396e69d112aa47407ad27a91b0aed914a1c22e1b0411820f706a3239e4d3246cfe02b58a56d4c66ee6bb2446d2155521368190c0138ea0027b9fe75623d48dadb0843b2a6f3b5c1390001c1c76e83ff00d75cade4e56d4165670a7b360807f31d71da88b54825b011a4cc278d470c70580c6718ebc0c0ef584f0f52dccb623995ec7a4786354b61e24bdba92e8452451a411165241c8058e4f439007e15ddc1af992716b0ea48d270001102318cfa6318af1bbc9dd2e6116c5419ada39029072c76f53ea70054b0ea97b65e5cec6159a2182a0f18072338209e3823d2a1d495d45ec525667b29d42e8939963247fd311fe3457090f8835eb885644b4d3f61e85d1f27ff001ea2b5d02ece57587974d8a5b5f26da785636b77dc4ee5d8c429c82319192393df2720d50f0a695732ea1fda323411a5ba93be6040666c955001c9241fc00e7d2b322bf92e616b722e0dcc8d22bc9b460ee62c71cf0320f3ee4568e937b6b0585ba5d6f664884a232e14330675c939c9200e3e83e9552ef6368d2849d948d67b8bf96cee9a78774770d6f2060a33210095c60939e18e31cfb6315c46bb1389a4965b79add9c8216442b9c0c719e0fe15a936b30bd94a2059904b34691216fba54303c8e9f787ebd2b325b89ee6de6324af222920ac873823b83f9f3571b34438412bdf531560965b72cbc80c401d49c004fe00516f18ce5f200048f738e07e78adff000ee9ef35b5d48236663ba28d54e0b647209f4000fd7a56958f837cd7136a53ecea7c984e481d792781d7b67eb5bd1c255aced05a1c55b134a8abcd94b4692e7cd501cc9e61036e7383818e3e981ffeaabd7b796f6970c974fb241c9500920ff2ae96c74ab2b119b7816338e1c9cb60f7c9e7a7a62ab6aba1c1a8212e03b0e437420fa67d2bd48652e31f79dd9e73cca329eda1c7dc788544522c11330618058e001f41fe350dbebe67ba0b3c489bb80533d7df24d3355d21ace45da08562400460f158d716f24032ca5483dc7e35cd5b0decd5d23d0a559495d33d2b45d50db48b130cc2cd93cf4cd75cfa15b6b70930c9b2603824743db3ed5e41a6ea4db406391e99e9f4aecf49f134d6b8dae5801c8279af2a74aef9a1b9e853a8ad69162fbc31ab58b3192d8ba0fe38cee18fc391f8d633aba12a7208e08c5764be2e0f1962ce0e3851c8cd73b7d3adddc3cc0052c72703193eb51172d99a351dd3338212727f2a5030718c63ad4a4a8cfa54324a0920679ef568cdbd0648e3381f8d44d9229c0734847e754b53368ad720185d7d54ff002ae69c93f30e0f5047ad74778fb2da463d94d737eded5e860d5e2ee615772ec7aa5d3ecdf3bb140029249200e8066b5ecf572411720303d495e4fe2307b573f6f097624103033cf7adb8ac6e6044936304719042020fe75dd4e9465ab8a671569a8f53abb4f1925adbac4888ea3bb0627f3a2b2e0b089a10cf1cacc7b8c2fe9456ff0052a7fca8e3fad3fe6653b0701186f0a10b9c92001bb3b4f5ee08fcc7a8aa7ae8097714454288e1942800ff007e5193f9d765e1e583c453c923476ed0c70bb3a9237e554950463a6428eb8c0e3a53626b2b2374baba5ab387658cc91966539248041e46e278c1f5af9be693b392b1ee475d8cdd6747b4d2acf4a48a30cca22b9b8456dc77840181feee490303d2b4352f032d868962a547dbaf83348e58911280015c7032370c9e7241038ab761afd968ba4ddbbda35c69f74ab12f9598cc939c12092012a02e7ebc773542e7c49a9dcf968ba44ee9183b3729e01249fcc926bbf098455a4a4f448e5c5579528b51dd9b56b047696f1a290000064003271d481c54ac1491d319e2b9efed8d570449a449b4fe63f0a961d412760668ae6ddfa64838afa5838a494558f9ba90a8df349dcbf75a6fda9cb0b895188c1c1047ea2aa1b5d56c79b7b88ee631fc127ca48fe5f9e29b34ba8c530962916680750a093f88ebf95685b5e7da11470c08cee53919fe94ed77d98d3715ad9a31aee6b5be8cdbdfc4d6b3e0ed320e01f63d2b0eeb4ebc9a06b36891db1949148f9b0320835dacf023a949903a1e704023f0aa1f665b5198c9f29ba63b5673a2a69a66b1c4fb3b591e5c9e65a5c147054ab10c0f04107915b3049e6282ac41ec41ab7e2ed37cb9d2fa35ca4b81210380debf88fd456059dc18a5dadd33c57cce2b0ee8c9db63e8e8555560a48df8ae664e37647bd5b8e676c648cd5289c3a823041ab09f2e315c2db3a53b16c6e3d4e68c734c46e95275348b140ef4d6a73100541238038f4aa4c8665eb131112c43f88e4fd05630f5ab7a8cbe6dc9eb80315587ddfc2bd7c2c6d4fd4e5a8fde3a4d0748177691dc381b03600cf5c1e7e95d8468a91ac600c28c007a62b17c2873a18071812b01edd0ff005ada0c1783835ee61e294133e6b1b524eb38df40e47000c5151bc8779e40a2b7b9cfcacf33b3bcb9b198cf6d33c522af553d73d8fb57a4f862ea4bf02e670866951e4760a012db8e4fb67268a2be32b6c8fb1a7b97ae2da29ef2e2698190db48a215639542514e40f5c9a956567c671d4f4a28afa5cb97ee51f3b9937ed18eba188703d7ad654d33c72ed53c71c51457a2b63cb7f10e59e4f9f9e80d32c27660d28445739ced1807ea28a2a2a6e8de9eccd26766383eb55940cb2f624d1452ea27b3294f047756f2db4aa1a270411f8f5af32994239c766207d334515e466ab43dbca5fbacd4b09188009ad45e828a2be6cf6c9c1e6a504f1f4a28a0a03d3f0aab7070a7e868a29a1339b94932b13ea69074a28af7697c28e19eecedbc2673a2b0f499bf90ad871c7e34515ec51fe1a3e6f15fc7915db9393451456a41ffd9, 'jpg', NULL, 0xffd8ffe000104a46494600010200000100010000ffdb004300080606070605080707070909080a0c140d0c0b0b0c1912130f141d1a1f1e1d1a1c1c20242e2720222c231c1c2837292c30313434341f27393d38323c2e333432ffdb0043010909090c0b0c180d0d1832211c213232323232323232323232323232323232323232323232323232323232323232323232323232323232323232323232323232ffc00011080032003203012200021101031101ffc4001f0000010501010101010100000000000000000102030405060708090a0bffc400b5100002010303020403050504040000017d01020300041105122131410613516107227114328191a1082342b1c11552d1f02433627282090a161718191a25262728292a3435363738393a434445464748494a535455565758595a636465666768696a737475767778797a838485868788898a92939495969798999aa2a3a4a5a6a7a8a9aab2b3b4b5b6b7b8b9bac2c3c4c5c6c7c8c9cad2d3d4d5d6d7d8d9dae1e2e3e4e5e6e7e8e9eaf1f2f3f4f5f6f7f8f9faffc4001f0100030101010101010101010000000000000102030405060708090a0bffc400b51100020102040403040705040400010277000102031104052131061241510761711322328108144291a1b1c109233352f0156272d10a162434e125f11718191a262728292a35363738393a434445464748494a535455565758595a636465666768696a737475767778797a82838485868788898a92939495969798999aa2a3a4a5a6a7a8a9aab2b3b4b5b6b7b8b9bac2c3c4c5c6c7c8c9cad2d3d4d5d6d7d8d9dae2e3e4e5e6e7e8e9eaf2f3f4f5f6f7f8f9faffda000c03010002110311003f00b42124e00e6a648634cee74047524f00fa74aa9ad5fc7a55aac8dcb3b602fad73b178ad10913a0989ea40e17e83a7e35ebe698e9c5fb2a7f33c8ca7051947db5457ec74171abd932b4292f9732f049fbac3f2ff3ef5ce4d7c60b977b5915c0e5d01c7e5e957f4fd320d72169cc2a32f811a8fbd9ec3bd694fe0989e3ba458f6b4440c95f6e9f9e6bc18d574e5cd7d4fa174b9d5ada1534ad521bf01321642385cd69f975e7b2c2fa65dbe372c9036460e073dabd0b47b9fed1d2e0b823e72a378c746ef5f499762dd58b8c9ea8f99ccf0aa93538ad03caa2af795ed457a7cc7957396f8956974b6305c423e48c364fa1e3fa66bcd7458e4bbbe5886f76240033d49afa4a4b4b5d4ec9919526b79930475041af079b44b8f0ef8d069eea4379b88989e1d09f94ff009f4af9bc6d3f79d45d4fa2caf11cd1549e8d1eafa3ea1a77852cd6d098a7bec658a36edad8e178f7acfd53c71776f75f63f29606661e63ba966cfb2f7a7b7c3dd4e3b886fefaf614883afcb1b05de49e8063f524d6f789878665d4eca7bc8e1b861105654930e7b6383cd79365d753e815dad0f2af104f2ea2f25e451484a603304d9b86475ed9ae93c237f2ca8966c8c71c9c8c1ad4f126a7a147a47d974b8110672171820fbe6b2bc010c77fab6a13ee4592245568e3e30493cf1f957a18194bda271d11e566518aa4f9b53b1d8dff003c5ff4ff001a2b52288b448d93ca83457bbed7ccf97e5f23ce754d622b2d2ade48efae62bb8cacb1aa90a1a36c927e53ea471db3581ae25eeaa61f11daa098872d3f967fd495c609cf623fcf1597e21963922b6b6b4944861509c7258648e719ee4f7ef57b411e23b67be959d93cf0439c85f331c600f4fc2bc4a70a95a564ae7d1cf970fadec6ebf8b24bcb8b29b527967b18c1731c6324e578e3d6b9c9ae2124b4665f2f398838f9c8ed5423d61f4fd4e38a7b3312238fbcd9e739aea6f92d2f2d96f2db5057c0ff0051267727b0ed5854a2e94acd1e8d3aded237b998f7735f3493cea15dba81fe7ad755e09d5b4ed16497cfb71189f3be7077127ae31d8735c839d80f3926b2754b996d91248df6b6e23f4aba4a57b43739f1118ce3696c7b9c1e2190dbc462b785a32836b19b1918e0e28af073afdfb92fb08ddce1738fc39a2baf9713d91e7fd5e81d8e890426ca37312160b6d825464656427f500fe02b62e228e485f7a2b60646e19c51457a9957f0a5ea71667fc68fa1c0f88c97d311d8e5883963d786e2aa5893b63e4f239a28af3f33fe29e9603f866c0ac4d77ef45f8ff4a28ae4c2ff00111d757e13a5b6b784dac24c31e760fe11e9451457b87947ffd9, 'jpg'),
(1, 4, 'Profile Picture', 0xffd8ffe000104a46494600010200000100010000ffdb004300080606070605080707070909080a0c140d0c0b0b0c1912130f141d1a1f1e1d1a1c1c20242e2720222c231c1c2837292c30313434341f27393d38323c2e333432ffdb0043010909090c0b0c180d0d1832211c213232323232323232323232323232323232323232323232323232323232323232323232323232323232323232323232323232ffc0001108007700b403012200021101031101ffc4001f0000010501010101010100000000000000000102030405060708090a0bffc400b5100002010303020403050504040000017d01020300041105122131410613516107227114328191a1082342b1c11552d1f02433627282090a161718191a25262728292a3435363738393a434445464748494a535455565758595a636465666768696a737475767778797a838485868788898a92939495969798999aa2a3a4a5a6a7a8a9aab2b3b4b5b6b7b8b9bac2c3c4c5c6c7c8c9cad2d3d4d5d6d7d8d9dae1e2e3e4e5e6e7e8e9eaf1f2f3f4f5f6f7f8f9faffc4001f0100030101010101010101010000000000000102030405060708090a0bffc400b51100020102040403040705040400010277000102031104052131061241510761711322328108144291a1b1c109233352f0156272d10a162434e125f11718191a262728292a35363738393a434445464748494a535455565758595a636465666768696a737475767778797a82838485868788898a92939495969798999aa2a3a4a5a6a7a8a9aab2b3b4b5b6b7b8b9bac2c3c4c5c6c7c8c9cad2d3d4d5d6d7d8d9dae2e3e4e5e6e7e8e9eaf2f3f4f5f6f7f8f9faffda000c03010002110311003f00f398473534b1078597d45450f5ab4df72803886c25e303d8fcc7d056ae851bea7afdac4dfc720247a77fe55977ebb2fa7f4de6ba2f87d0197c516ce7a024fe9401f416856eb6d6ea8a3000c574708f7ac4b3e368addb7538a009f031d68f2c119eb4f094f500500665dd989232a07d2bccfc65e1b1751bc8a987c73c57b010b9acfd434f8ee918151cfb5007c93a8e9b35bcacaca7838208acf495a3386cedf7ed5ee9e2cf0586df3db852c392beb5e57a8e98a24742a524538653d6803178e19390698c81be61d695e292d988037467a8a7677a6411c77ff1a0060f43c1f5a40483fe14ff00bc70460f7a603b4ed6fce80251d3dbf955bb6970db49c67a30aa5d3a53948ddc75f4a00f5af05eb1ae6a464b18b504124401024192c3dabba8ac3c4ee38d461ffbf7ff00d7af08d0f5b974ed460bb46f9e36e4ff00787a1afa0f46f11daea16b0c8b32ef750c8d9fbdedf5a008869de281ff0031087fefdfff005ea4fb078a00ff008ff87fef8ffebd6ea6a568ea0f9cbcfbd5afb4c0532241401ca9b1f14e7fe3fe1ffbf7ff00d7a2ba917b6b8ff58bf9d1401f2d4320ddc9ab4f3a2465891c0ac1b879470848e6abcb2cc22f989e68033eee432dc3b9eed9aec7e1f1487c4366ac70640cbf8ed27fa5712c0e09f7addf0e5e49078834d2870de78009f7e3fad007d2b67730228df2a06f735b76d791119122903d0d79affc2242eed83ff68ca27619763d093fd2b327d1ee74965ff89e448474532ff89a00f6c49165195231ed52ae3a1af37f0df889edb10dd4e920278656c8aefe0bb4b88d4a743de8016f2e12da06909e8335c0ea7e39baf35a0d3e0f31f38dc7a575bae0dd0153d08c1ae0af641650bc96f12efec48e9fe27da802d5a697a9eb09e6ea37ad186e7cb8c63f5aafabfc3ed32e232c259c49d896cd606ab078dec2c62d425b9291cc3e58a361953d813d01ac17d63c62aacd15d4b31040d9b771f7ed8a00a1adf8665d3dd94112283d71cfe35c9cd6b240fb9178ee2bd4f4c8758d6e1275284238e3eee33599e21f0bb5b279a8bf5a00f39c86008e08fd29701d718e4751566f2d4a92506245ea3d4553560e38255a8003ba319182b4e5657e73834127bf5f5a8c8da723bfad004fb9a36ddd08efeb5d37867556dcd6e1ca1e1948ec6b94f30e318e3d0d49657a6d2f2399491b58671401ef9a2badd4256e015b8500b2f623fbc2ba2581b0ab1b12a45739a2ba6b7a65a4b64e524dbb92403ee37f129f635d768f76aeff0066b88843703f849e09f6a00a47459e43b964c03da8aea8471e39c51401f2a2c685b24671542f650e0a85ad548db90075a8db47731bca7b738a00e60a7de153698e5357b497fb9321fc88a95a1db23afa714cb75f2e6ddfdde9401eafe2a7f11c612df4b591a171f31453903eb505b78392eb4cb7940b993542c7cd69e26db823b6463835ea564892d9c6d81ca03fa568c16ad8e4803e9401e7ba2f81a7b01ba5b9333f19ec3df8af46d094c509858e761c03ed538b655524827eb52697102eed8c7340116a1891c21c5573a3dacd121788315391f5abf7b105b8c8a92df2063a8a00ca9344b69c0135bf98a3a06e45584d22da34da96e88bec056b85a1970b4018a74d8517010035cff8834e596d5b2bc639aebe5e339ac6d4cab44ca7906803e78f11d89b3bb6206083c5739710061e72719ebed5e8de38b0218b819c579da4bb26643d3a63d6802b799d16418f46a5dac067aafad3e450a71f790f3501568c168db2a4f4a000907a7e55137af4a56c3f20629bcfd6803d5fe1678bed2c239b4cd418c449df0cbd81ef93dbb57aa5e3437b0868d9966ece87f223fa1ffebd7cefa5ceb6ab637f04ad1cb1398a60aa090a4e4301dfa9fcabd5216d574ad31754d36ee2b9b650647424796ca4754e3e5f75a00eef4ed5e4bbb40d382b32131c9c7561dff1ebf8d150f83afa2bcd0ccec7cb99a66f391baabf191fca8a00f10b5506519ad162a55976f4159f6b8f31738ab17ee5248d62fbf21c67d0773401cbde4616ee500746c63d2a848364b81deafdeaf95772a062d863cfad654d2ed71401f4d786ae12f344b0983643c287f415d75bed095e33f0bb5e336862d1dbe6b67dbff013c8fea3f0af4f82f86dc93401af75711c30b16200c51a436509f539ae66f676beba8edd58edce5b1e95ab6da90d39f6cca447d9c0c8fc68036eee2dc335893dcc96f1348b9254f4a8b54f185ac51058b123b7400d67591bdd4a40f3955889ced1de8036ad75a0efe54c0c727a377fa569fda5597ad65dc58472c5f370c3a1f4ac9fb55c59cde4ca7729e15a80372eee00538358b23b4c08ea2a626498739a458c2a1a00e27c5765e6db3647415e1773917d2e0fdd35f43f88368b694b740a6be7a9d77bb3f7964623e99a006ef241cfe34d3f778e39e94f887383e9533c384e0679ce280339c7e148a4ee1c55a9620a4f3c75a8f002e55739fd2803a0f0ea417c5ac26c7241561d7d0f35b674bd574946b2b3d4dd6d6639785b9007b835c8e8d752596a115c2820a38c8af7af092697af992f3744f313b7c993aa0febde8020f0cdddad868eb1cb3379eec5e6771cbb7033d3d001f8515dd2786b4ec12f17cc4e4ec1c7e145007cf56d3625c6334ebabdb79c83e6795b78041c1ac9172527e39f7159f7771bee1805c64e49a009a725ee640a7712d8dc45644a71213d6ad89b64124bfc4c70b548f231dcf5a00ebfe1f6a8b65acf92cd849c6c3f5edfaff3af6db63232e33c015f32c13bdbcf1c884864390457d09e0df1043ad6930dc023cd036c8be8c3aff8d00694572b6576ed3610b9c02c7000ada6b9b631e669a3031eb50ded95a5f22a4f0a4913f0eac3208ac9d27c3b6de1bd5a5b98236bab5751fb890eed841e0ae7a7ff00aa8034cff63f127cac7b6075abb05e303b2d74e9df033f771c56d5aeada2fd8d008845b0eff2da3c1539a9ae75bc9ff41b632b6305dfe55fcfbd0060dd5d6a291066b35883217cbbf4c0ef5c9e9936bbaeea32dc5c431c3a6a2fc84039938ea3dabac7b596f2789afe5f39e224c6b8002e7f9d693aa18bc94181ed40155620b029c755e6abbe1633562e7f768173d2b1f50bc10c0496ed401c578f752169a35c0538771b17ea6bc661fdedcfb2af1f85747e3dd74ea3a89b789b724479e7f8bffad5cdd870b31ee13fad004d6b17997491e3962314fbefdd4e148e067351db49e55fc6ff00dd7a65ecbf6895c8ec49a004c93853cd5700c5211d569d131231d3153baef4c8ea2801554121d3ef76f7adbd1b5e7d2f5186e63254a919c1c1f7ae7637653d38eeb53b6d750c0e3de803e81b0f8a7a69b34f33ccdc383f2d15e1315bdfb460c71b329e854e4514014cdcc91e721491d4d532ecee588e49ab1b49e48fceab4876b6075a00249031541d0714b819a8c0c0cf7a9e28b78cf38f5f5a008b6f39f7adcf0a788a6f0f6acae0936d21db2a0fd08f7159aa8259d625e83ad40e856e1547506803e9bd0358b7d56de278a5574719520f5ad4bb574c3276e86be68f0d78baf3c377a1a225edcb65a2cfea3d0d7d15e16f1158789f4b5b8b690367865eea7d08a00b71eacc8bb5ecf7bfa800e6a417d7f7036451794b8ef5a96f6d11fe1191ed5752dd1790aa2803220b795133f3173d58d68247e547b98f35331556c920002b9fd6f5d82d508de063de801baade2a311babc97c75e30fb321b3b57dd7527439fb83d69be2df1e95dd05936e95b3973d14579834cf737125c4ae598f2598f24d003705e42cc49e7927f5ab76785867cf5c0fe755718419eb8e6a78cec5751dc0c9a00638db2313d41cd4633bf3eb52382c85b3c8e298983c81400e0a37640c1ab08540fad3307a8e334cdceb956c1e7838a00924419dc31cf7c5348c0c8fc45190460ad47bc2920e45005849caae1738fad155b23fbf45004c1ce003c81c73503e18e48039a68b9264c951b0f507d2976056c2b6e1d437a8a00548d49e6a7037aed5e07ad26d1803d298d27f0ae68026899206f97963deab4ac373367e76fd29aefe50e797ed50125be627eb400df289618e95b5e16f145f7853561776ac5a32712c24f0e3fc6b2e023927a0e86abbaf3f5a00fa5b43f8a1a0ea702b1bb58252398e5f94835af378db4d4e7ed6873d36b6735f2b5bbf972035da787efd5d96291b9ed9e9401eaba8f8e659894b389dbb6e6e05719aadcde5d2bc93bb313ced1d2ba3b2b581a10ccabc8eb59daf88e2b5f2e3e4c8768c0e4d007975fc2ee2499b3c9c0aa11ae1467b7cc7fa5753acdba41682204103a915cb4af8e40c64d003b2049c9e0d1bf2cdeb50465de4c0e7b01567ca0abf303d3ae28016361b4827af5a7431fce41a646a4be3bd48a4f73cad004cca0645444654afad29977727aff3a4c8618ef4008a0952a7a8a8e44c8e9835209086e7a8a7b8046f5f4e680297cddba51564aae7ff00af450065f2edf31ab0920002f6a28a0099d83104719a6038c807f3a28a00825c6fe79a70fbbc7345140088484f97bd3f682a411c834514009b79e9fad685bcad6a55c71b483c7a5145007a8787f5259acd72738e791ed497f2c4f2c97533361461703a0ffebd14500707ad6a1f6b628836aeee87f3ae7677cb841d4f268a2802e436a634de719c74a6962c7007028a2801f13614b0fbc9fca9b33fcfb8719eb4514010b120f04e0d1bdb3d68a28017cc3dff003a9226e7da8a2801c48538c51451401fffd9, 'jpg', NULL, 0xffd8ffe000104a46494600010200000100010000ffdb004300080606070605080707070909080a0c140d0c0b0b0c1912130f141d1a1f1e1d1a1c1c20242e2720222c231c1c2837292c30313434341f27393d38323c2e333432ffdb0043010909090c0b0c180d0d1832211c213232323232323232323232323232323232323232323232323232323232323232323232323232323232323232323232323232ffc00011080032003203012200021101031101ffc4001f0000010501010101010100000000000000000102030405060708090a0bffc400b5100002010303020403050504040000017d01020300041105122131410613516107227114328191a1082342b1c11552d1f02433627282090a161718191a25262728292a3435363738393a434445464748494a535455565758595a636465666768696a737475767778797a838485868788898a92939495969798999aa2a3a4a5a6a7a8a9aab2b3b4b5b6b7b8b9bac2c3c4c5c6c7c8c9cad2d3d4d5d6d7d8d9dae1e2e3e4e5e6e7e8e9eaf1f2f3f4f5f6f7f8f9faffc4001f0100030101010101010101010000000000000102030405060708090a0bffc400b51100020102040403040705040400010277000102031104052131061241510761711322328108144291a1b1c109233352f0156272d10a162434e125f11718191a262728292a35363738393a434445464748494a535455565758595a636465666768696a737475767778797a82838485868788898a92939495969798999aa2a3a4a5a6a7a8a9aab2b3b4b5b6b7b8b9bac2c3c4c5c6c7c8c9cad2d3d4d5d6d7d8d9dae2e3e4e5e6e7e8e9eaf2f3f4f5f6f7f8f9faffda000c03010002110311003f00f57b296078c059158fb1aba4aa4658e001d735e2da4c1ac7db2deef4ed196ce361b8a995f29cf46cf04fb0f5af5686796e746ccf81291b580f5a00e5bc4175a5f890bd8416525d4bce641f2aa9ff0078d79078a3c05a8694cd398d0a678789b3f98af61bef05c9a823eeba99014fdd79321408dfde38ebf4aa16df0d5ad65124dab5e4e98f9a2773b0fe04d007cf4e8c8c55d4861d41ef4cfbbd791eb5e8bf10fc2f1697399624db1375c76f7af3a60d19dadf81ec6801770f55a299b0ff00768a00fb06de18120dec5460679ed566d5166d358a8cee62c0d71eba8493e9caf92616c1661ce57d6af457ed756a574dd482c6c39f297ccc7d31d28036935386ddc452823fdaec3ebe9562e6ea21116523a5645bc22c6cdcc96f70f9fbf24cbb7278fef11eb54b4b135dc72cb2db4d6b0924c51cc7e6dbeb8ec0d0073be3bb3fed3d1e66dbc81915f3ef99b94a9ea09c1afa2fc6d7b169be1db995880446401ea4f4af9e6083cc963dbfc6703f950041b17fb9455962aae576f438a2803d3be1978d63681743d4640b227cb0bb1fbcbd87d47f2af59b595b4bb976b5578d663b9fc9504337a907bfbd7c9b707131684956dd9183c8af5df87ff16a0b5b55d37c47236f88e22bada5b70f46c77f7a00f60325c5fcab24b14adb7bca7f901c0a4d52e23b4b52f2b287c7af4ac49fe2269ad066c55ae58f4d8a71f99af2af1e789359d455a36668636059917fbbe99a00cbf887e2efeddbcfb05abe6d626f9dc74661e9ec2b91dc628eddd4f2a33fad570028018fd69e183820f71400cf324f5a29fe59a2802a27fac5fad35bfd77e3451401eade0124da9c9ce3a6699e301fbcbaf645c7eb451401e60fccc3356ff8c7e3451400f1d051451401ffd9, 'jpg'),
(1, 5, 'Profile Picture', 0xffd8ffe000104a46494600010200000100010000ffdb004300080606070605080707070909080a0c140d0c0b0b0c1912130f141d1a1f1e1d1a1c1c20242e2720222c231c1c2837292c30313434341f27393d38323c2e333432ffdb0043010909090c0b0c180d0d1832211c213232323232323232323232323232323232323232323232323232323232323232323232323232323232323232323232323232ffc0001108007700b403012200021101031101ffc4001f0000010501010101010100000000000000000102030405060708090a0bffc400b5100002010303020403050504040000017d01020300041105122131410613516107227114328191a1082342b1c11552d1f02433627282090a161718191a25262728292a3435363738393a434445464748494a535455565758595a636465666768696a737475767778797a838485868788898a92939495969798999aa2a3a4a5a6a7a8a9aab2b3b4b5b6b7b8b9bac2c3c4c5c6c7c8c9cad2d3d4d5d6d7d8d9dae1e2e3e4e5e6e7e8e9eaf1f2f3f4f5f6f7f8f9faffc4001f0100030101010101010101010000000000000102030405060708090a0bffc400b51100020102040403040705040400010277000102031104052131061241510761711322328108144291a1b1c109233352f0156272d10a162434e125f11718191a262728292a35363738393a434445464748494a535455565758595a636465666768696a737475767778797a82838485868788898a92939495969798999aa2a3a4a5a6a7a8a9aab2b3b4b5b6b7b8b9bac2c3c4c5c6c7c8c9cad2d3d4d5d6d7d8d9dae2e3e4e5e6e7e8e9eaf2f3f4f5f6f7f8f9faffda000c03010002110311003f00f4a8155d78ab4b1f4e2b3ed5f6cb8f43cd6dc69900e2bcd8caeae75bd065bafef7a56e403e415990a7ef3f1ad58b8415b53d599d47a115c0e2ab4cbfe8ae3d8d5b9c656a091736edf4a72dc20f4479069d1e3c65767d58576faac79b6ff80d7256498f195cff00bc2ba3f196a89a26832de36d2cab85527ef1f4ae3a91728b48e896c71da8b456eacf33ac69dd98e00ae72e3c41a6c2a764be691fdc19ae0b5bf115d6a3706591892dca8e9b47d3b541616d2945624e1b9c7b53a785e58fbcc852bbb23a99fc504c87cbb6013b6e6e6a097c4e44608817711fde26b39ac814381819ce7159b716ee32c1b0b8c633cd5aa506f545b5248df87c508cfb24882b0383f362b5ed352b6ba4ca30dc3aa93c8af34903c677e739e0f1d2ad58dec913a14c93d09247f3aa9e12328fba64aa34eccf4733c63ab534dd443bd71edaa4d200c83e56f439a885edcb1eb5cab0afa97ed11d8b5ec63ffd747f69a2f719ae404d70fd5f14625ea6434d61d7562e63a8935253d0d566d4d376ddc2b11770eac79f7a88ae2507dea9528a06cea124f35722a3db8939a4d3cef8863d2ac989cbf4ae69692b218e038a2a758db68e28a659ec50c6c92e49fbc2ba0b5f9a153586c089867b1addb21fe8c87d6bae9ee44c9e35c3fe35a318f9055141f30fad5f4fba2bae8ad4e7a9b0d947cb503a8f20d587fbb5138fdc1aa9af78507b1e5f0201e329f1fdeaa1f1b2267f0c5990e5544ff301e9b49ad68d31e329ff00dea3e2ae8f26a7e1a85e14669219410abdc11822b922f5b9d533e71b3d39efefd628c6e1dce2bb6b0d1becc5924456da38cd5bd13c3b369af25c4cac5c920ee52368f4e9ef57eee5022236f3fef015a4e4dbb1a538251bb29dcc51456ee4aa83dfd8d7373c0ace48c63dab4eee67914c6c1c0f4241cd64c858370981f5a848a72b95ae6c1248590e01c7071d2b152ce788baece3079e7815d11666183c1fad741a26889a8108e186e5c86538e71d0d6d19b48ca7052388b4c18b1b7183dd7156963cf6a9f54b65d3efe4807014f047a76fe551c2770c8aca7277ba32565a31cb1d3d900539a4f355719eb514f382300d67ab655d211997d6abc84ef0474cd56695b771d2ac44c1980279cd6bcb6279933a2d21f0066b7d5d5dd5477f6ae7ac1708315d569b0216572338af3e72f7994b61e3499a41b94360d15dcd8cd6ff00644c85cfd28acfdacbb0f52ebea56c2ef61986475e6ba6b7bdb6f210095318f5af218f4e1a82c728958b1e5b0d5af25bdc4568424f22ed5e0835bc6ba8bb58f4aae06292b3d4f528668ddbe4756fa1ad35fba2bc43c2fe24bcb7d57c89e72e9bc29dc2bdaeddfcc81181c822bd0c354526ec79d8dc34a83498f9395a8987ee4d4cff0076a323f747e95bcd6a71c4f3955c78ce5fad75da94492d83238cab0c106b94236f8ce4f735d85e0cda1fa579f5348b6764fa1e73e28b78eded617854299c9c8f4da0ff0088ae25b5165c473dbc68738666763b87b0c5761e2b695d6d51700465d81c673d2b88d6347b75d1dc1769260e2412b2fcdd465723000381db3d79e68a52528a6cda0df2dd13358db5c32ccab1b231c165c1e719acbd4956df795f2cb038f98f4157f41b4b9b4b57799362cc80e1c7270490d8fc71587791ceda8b4ca8b28521914f20e3d8f0688a97334de8744f979134b53361bc6b8b9da443b4360ec3cd76be139522d4b6191fca61960a791b41cd71e8237575781371767c118218f27fcf6addd01268619a447c4c237dac7af2a6b7d1ec7259f53035ad971ab5c490bb3c4cdb9598609079feb55a15da983572e155a69197eeee3b71d00edfa556fe2c0ac9cae6528abdc8a419c537ca2c01f6ab423dc39a525500a5ccec472ea67b5bfca481500f91d47bd69b32edace9306418f5ad2326f71b491d2e9a73183ed5d45849b13ad72fa6ff00aa5fa57416e76a9ae09ff10a5b1aeba83a0da0f1f5a2b024b921c8cd14f91f60b8ed3f59b9d39fcb60485e307a8ad3b9f15c93c3b15482dc671d2aaebf1c46ed5d46ddcdcfd2b4ecb4fb1bbb458e3c7998ac1eeb43eeaa2a0e9aaad6e3c698058adcc6db5f21891debd9bc3573f6ad0ede4ce4ec19af24d2d3ca792d6e5f0ab90335ddf80f5449639ec5483e53fcb83d8d7560aa3557959f3b9ad373a7ccb5b6bf23b83d29847eecfd29e7a530fdc3f4af5e5b9f388f3e9405f19bfd6bafbbff008f43f4ae46e3fe4736fc2ba4d6b51834dd31e699b002f033d6bcf9c5c9348ec9f4387d7e0668d660a4ac6d827ebc572ba8ac36c825281d89f9147258f602bbd7921d4b422846d3326f1ec7a8ae07289a85a99c9288e4391cede0e3fcfae2b28d39412573ab0d38f234f7459b28b72b0bdb88da409bf0bc153dd7df1915c9ea26dde6622e0c0546e054720e7838fcebb1d59b4ebbb0956392446639428a4301ce067f11f5e2b9b58346f292292299e4f9cbbb64b31072093f41fe7ad6908352bdcb9544d5923121d9751a3bed5b8c7ceb8c73ea2b734eb179c4f0c6c03bc6caa4f62460573d34f1c972cf0a3a22be177704af6ad3d3bc451daeb76d6698f98167627a7603f9d6c93bb309c972ea46fe11d4d170b25ab60e3fd615fe62923f076ad907cb8187a8981aed671e6b315c1cf3cf7aa514b2231032a33c8351ca65639b7f0beab0ae7ec8587fb0c1bf91ac5bcb49206292c4f1b8fe17520feb5e9b05e3f186f97eb56e416f7b1343770a4c87b38cd4f2d85ca78ab2b6483d2a2f272471debd0b5bf022b4525ce9129dc067c890e73feeb7f8d7051bb6f64910abab61948c107d2a9376b932df53734e521056e271113ed59160bf28ada45cc46b81bbd41a31a627cc3454f2c47cc345755c56342eed6faf0f9861603af35674090da5f6c972a770e0d76571736d6e843aa63a015cc6bdf67d893db9c4848c0ae1bbbea7db51c43af4dd271b27b173c444453452c4f8dc4038ef5bbe0756b4d5d25072928dad8fd2b906d2b52d422467cedc647ad6c687ab1d26e561baf95908209ef8ab534a69a396ad06f0ce9c5ddf53dcba8a648ea91b33305503924e3159d1eb10369e93a306dcb9500f5ac0d42fe5bb1991fe507845e82bdb735b9f1becda76650bc8c9d7defa3914a745c0ce6b9bf1d6a5249a6b2062ce4727ae2b5e7b9fbd8c8ae5f5f6de8e0fd7a7b5616b1ab936696837e66d26d36fde5854601f4e3fa5735e223fd9dab2b3ff00c7addb6636ecafdd7dbd47e34fd02f0db4b6f0963b08718ff811ff00eb56f6b3a543ab699358cc331bae5091f75bb114ec9e8c519b8bba3161b82e9bb24103820ff85606a938f34a3339651ce4f1d2b9e5d7751f0e5d49a7dfc6668d3856e8d8ec73dc554bcf11c52fef044e4b0e01c0a5eca49e8762c4c5c4bd7732468d348d84519ae5ed2f59f5b4b96e0b3f4f4150dedfcd7ad993e551d1474155e13b668d876615d30a7cb177dce2ab539a4adb1ee5a5dd0b8b4460c492bf5a49598487fbc3ee8f5ac9f0dcac61206411cfb1adb913cd3b80e475ae4d8dafa0b6cdb8fa83dbd2b4e3e179eddeb1ad66496ea4310f914ed6607866effe19ad93c43903ef0a52d023ab15e43e4c98cfdd38fcabcfbc65a7241adc37f12811dfc6246007471c37e7c1fc6bbc8817523be0e6b07c4b666f7c136576bf33dab2b13df63000feb8a4b414b5473f6032056ec6bfbbac4d332c8b9ae8635023e7d2bcf7fc41141e1cb939a29f21f9cd15d21734ededa5bed4bc99e4ca8e71ef5b77de1b436e248db714e40cfa567eb453499e39a3e5c8f9b69addd1f521756ccf2700af39e2b9a3692d4fa6ab52a24aa41e843a76a910b30b2150e80ae0f5aa4da3ff006feb09b430817e795907217d07b9ae6351766d5e4485c80cdd01af55f02d83da6885e56dd24b21627db0001fcff3aaa1494a7663c63faa51f6907acbf52d2456d6f6c91db61634017073918ec7bfe7556766087838cf07a56aea560252268d8c730e0301dbd0d62a4825531c8bb664387527f223d457a96e87caca4dbbb284a0720900118eb9ac5d510342d800f18adf96323384c565dca6f56c8ea3a54b123870ed04b1ca0602cecbc1f6535dbdbdc2cd6c8c39e06307bd71fa946f6eef1bc45a376dc4a9f994e3a8f5e9d2b5745bd220401b7aa9c67d0fb8a698e48a7e36f0b2eab64b35baff00a542bf2b7723d0d7905ec11db4891a4c647d80c8a50a796ddd79eb8f5afa2b8917079c8e4fa0af34f883e13277ead649ca0ccc8a3aaff787d2b6a72e8cca4baa3cd9946da629c63d41cd193d294fa56c91173d6fc32ae96c8dfc2ca083eb5d1343bf207195c641ac3f05ee9f41b72dc90b815d2496e4c457254b7465ea2b89ab3b1d37d0a7616096ca123dc107001e7f5ad32ca6d54e3ef0c8cd40914890c82470d918560983e9cd173222a2c618038271eb512d8a86e25b3e5f693814fb0b749fc2c2d24e8c811875e08c7f5aa964c1a54faf7abb63266d0c71e3006da52d0b8ea8e16ca26b795e17e1a362adf50715be9fea87d2b3afa3316b774a78dcdb87bee00ff5ad053fb9fc2b81e950cca3229de68a63dc85761ef4575d80ecf50d2dee6e911d496600e5456bc1e1bb94b4091ee008feed5dd1e291b540b72a030036e3d2bb7400281818c55aa716743c4d48ae54f43ca17c0f746f04818939cf2b5d9e9b6775a6da2432303264b28f51819ae99546eed5535588196da4ce36e471f85690a518fbc88ab8ba956d193b90c1709728720075fbca7b5606bda7b24cb756c7132f4f423ba9f6ff00eb56dbdbc4ec4ecc48bdd0ed6fa8aa77a1de13b5cb023956ea3f0fc2b56b439d985637306ac8c032c570bf2bc6ff00795bb8aa17f6a609082ac307078accd7126b2ba6bfb3244cbf7957a38ff1eb8adad3753b7f136940ab2b5ca8cf3d5b1d47ae7fc2a5ea811ca6ad6a65b79768dceaa4a8c77a874b290c688ae1d0a805fd4f73f9d6d5c5bb248e482063fba6b9e9d1b4fba2e016b7739755192a7fbc3fa8fc7eb08ad1a3a48c8007391ebeb4b3c42585d1c06461820f39aa96b32baa90c1908c8607208abbd578e0638f6aa645accf08f16e84da0eb3244aa7ecd292f0b7b775fc3fc2b9f3f7857b9f8b3415d7b4a783004e83740c7b301d3e87a5787cb1bc32b472295752432b0c10476aeaa73e68f999ce3667b4fc3e40fe16b77f623f2245756cb9c60571ff000be459bc2c509e629dd7f91feb5da6c01b38ae5a9f133483d0ab28c4d146304b367f0033fcf15e65f11355b983558ede099a3063e76b60e33d3f4af46662fac8407e5860c9fab37f82d792fc43468fc4a4b0e0c4a57df93554926f5093b2353c17e24792fe2b3bc97731202331ebec4d76f63398addb3c12cd8cfd6bcafc33e16d5752bb86e620d6b02b0613baf5c1cfca3bff002af46899e2bf9e291f7324a51063000cf07f2a9ad18a7a335a4ddb542eb1187bc8a507e729b597d42e39ff00c7a984910fe14df103182e34e954e645bb002ff794801855bd4205b5674ce57aafb7b57154a769292096e7293c8c266e7bd144c8a6563bbbd15ae846a7bce9d7497fac875e3628070b8cd7583a51456d11cb7154fcd55f521992df3c8cb71f80a28ad63b323ed22acd0cc15648300a8e013fa551b9992e085954a498c8c7391f5a28aae837b9c8eaf002b27a03deb80b0d59fc2fe2fb7653fe8f3cca1d00cf53fe1c514566be2133d3b57b2093b945001c919ae62eed98c658ae0a9f6a28a97b951dca5127d954bc43f73d5a3f4f71fe15a90cc18019ca91b871eb45140ba8d2416cf515e5bf123424b5bd8f5580054b93b645cff1e339fc47ea3de8a2ae8b7ce13f84d9f849719b3d4a0e7e47571f88c7fecb5e8d9ceee3a704d1453a9f1b261f0995a74866bed4671cfeff00cb19f45503f98354351d26c6f75849ef2d52696241b37f20024f6e8791dfd68a2b36dad8d20937a9a2542a8db800740074e2b99d564921d7a4318049d8d8ce3f847f8514566b73796c3d6132de8bfd4a45ff004752e90a8240e7d69b25f3ded9dc4ac7957047b03c7f8514554be1666f639f66dcc4e68a28a820ffd9, 'jpg', NULL, 0xffd8ffe000104a46494600010200000100010000ffdb004300080606070605080707070909080a0c140d0c0b0b0c1912130f141d1a1f1e1d1a1c1c20242e2720222c231c1c2837292c30313434341f27393d38323c2e333432ffdb0043010909090c0b0c180d0d1832211c213232323232323232323232323232323232323232323232323232323232323232323232323232323232323232323232323232ffc00011080032003203012200021101031101ffc4001f0000010501010101010100000000000000000102030405060708090a0bffc400b5100002010303020403050504040000017d01020300041105122131410613516107227114328191a1082342b1c11552d1f02433627282090a161718191a25262728292a3435363738393a434445464748494a535455565758595a636465666768696a737475767778797a838485868788898a92939495969798999aa2a3a4a5a6a7a8a9aab2b3b4b5b6b7b8b9bac2c3c4c5c6c7c8c9cad2d3d4d5d6d7d8d9dae1e2e3e4e5e6e7e8e9eaf1f2f3f4f5f6f7f8f9faffc4001f0100030101010101010101010000000000000102030405060708090a0bffc400b51100020102040403040705040400010277000102031104052131061241510761711322328108144291a1b1c109233352f0156272d10a162434e125f11718191a262728292a35363738393a434445464748494a535455565758595a636465666768696a737475767778797a82838485868788898a92939495969798999aa2a3a4a5a6a7a8a9aab2b3b4b5b6b7b8b9bac2c3c4c5c6c7c8c9cad2d3d4d5d6d7d8d9dae2e3e4e5e6e7e8e9eaf2f3f4f5f6f7f8f9faffda000c03010002110311003f00f47f1d45bb4483dae53ff42ae47e227882d3c3f656be6af993c89948c1edea6bbbf19a6ed1138e9321ff00c7abca7e2cf87aeb55f10694f1c2c60fb305771db0c49af36708c9da47645b71563863e25d4f518f7451a40a7901475fceb2aeb5fd520704c8703afca39aebe4b7b6d2a0f2e28f231c6474ae7265491df7c7c9f6a6a30bec6ae1a6fa8fb3f1579b6f99631bc7a0eb521f11b37dc84fe55426f0fbd85847a803fb8662b834c8c2050c7a5673a54ef748caf2d99a3fdbf73ff3ca8aa3be2f5a2a3d9c7b0afe67d4fe2e5ce89f4953ff0042acdf14613462fb371f2481c7438ad6f167fc80dbfeba2ffe842b335c9ad664b7b09260259222db7db1ff00d7adaba77f7454dda28f1b71762fe381e312c3202cddfcbe7ffd5fcab9ed54c925e3001a2457c0c0386ebef5deaaa7db6632488924230a8412ac79ce71f4c7e35c8ea80c72f9ef2c664724346a8463ea4d446f7b9df2b72d8ad7f2bcbe1db6b775550d333e31ec2b0c47b9760ed5da6991695acdac91347e6cb6cf8237918c8f635720d0b4720a1b6910faaca7fae6aa49dce492b9c07d9d7d68af403e10d34938b8b9c7e1fe1454ea4721eb9af6ae975098020f2739e7a9c579ceafa8c917882dee998ec542847b1aeb6e833965208910fccbe95c7f88ad8bc464009d99c81d7a56f27adc85d8cdf14cb268f70bab2234b672604e13aa1ecc3d8f7f7af3dd5fc4d0cceed002c5bee8230057abe9f247a969220b84deac9b1830e08e95e41e31f0ecda06aa405dd6937fa97031c0ec7dff009d5c23193d4a75a718f297bc017922ea932125bcce4fb9af43dc12e9067973c0fe75e6bf0f97ccf1018b1c98c90476c1af59fb31128631a9c0ce4f514aaaf785097ba58119da3e94528ba85005690647068ac7534ba3b0d5f8f105a638dca437bf1deb9bd6557cd906d18f4c5145692328ee63e8e008001d005c7e5587f13114f85598a82cb3ae091c8a28aa86e8996ece2be19ffc8d9ff6c5bfa57b1cbf77f11fce8a2aab7c414f6382be76fed0b9f98ffad6efee68a28a828fffd9, 'jpg');
INSERT INTO `picture` (`id_picture`, `id_person`, `caption`, `picture`, `picture_format_name`, `mood`, `thumbnail`, `thumbnail_format_name`) VALUES
(1, 6, 'Profile Picture', 0xffd8ffe000104a46494600010200000100010000ffdb004300080606070605080707070909080a0c140d0c0b0b0c1912130f141d1a1f1e1d1a1c1c20242e2720222c231c1c2837292c30313434341f27393d38323c2e333432ffdb0043010909090c0b0c180d0d1832211c213232323232323232323232323232323232323232323232323232323232323232323232323232323232323232323232323232ffc0001108008400c803012200021101031101ffc4001f0000010501010101010100000000000000000102030405060708090a0bffc400b5100002010303020403050504040000017d01020300041105122131410613516107227114328191a1082342b1c11552d1f02433627282090a161718191a25262728292a3435363738393a434445464748494a535455565758595a636465666768696a737475767778797a838485868788898a92939495969798999aa2a3a4a5a6a7a8a9aab2b3b4b5b6b7b8b9bac2c3c4c5c6c7c8c9cad2d3d4d5d6d7d8d9dae1e2e3e4e5e6e7e8e9eaf1f2f3f4f5f6f7f8f9faffc4001f0100030101010101010101010000000000000102030405060708090a0bffc400b51100020102040403040705040400010277000102031104052131061241510761711322328108144291a1b1c109233352f0156272d10a162434e125f11718191a262728292a35363738393a434445464748494a535455565758595a636465666768696a737475767778797a82838485868788898a92939495969798999aa2a3a4a5a6a7a8a9aab2b3b4b5b6b7b8b9bac2c3c4c5c6c7c8c9cad2d3d4d5d6d7d8d9dae2e3e4e5e6e7e8e9eaf2f3f4f5f6f7f8f9faffda000c03010002110311003f00e9c20103fe1555906707ad5e033030fe9559baf6aef7d0f148d539efef526d18e3a1f5a00c1fc69e41f5a2e3f32a5daffa33919edfcc53826554e7b0a5ba1fe8efcf381fcc548a3e51c7614efa8fa1098b39e69ad1e3bd58ed8a691ef413d4aac98f4a8d978e48c5596008c9c73daabcbd33d698110f9653c83f28fe75329c8381cd4d69a64f74c36a11bc8552467249fd3b56ea6856364b9ba965b8907558000a3d893927f0a9e6468e126ae7397329558738e50f20f704f5a7e9127997b8e08033fad74e746d1ef6108d6b736e792b27980907e87afd2b32cf413657334a97b6ed1a10009818c904e013d40e481dfad4bab15a3348e1e52574654b295bc95401c3906a7cee8d8679208fd2adea7e1dd4ed257bc36c1e26c926360db7eb8e71ef5996eeced93ebd2a934f54632838bd516ecce6d6227fba3f9559e30339aab647fd1a3047418e3daacf001c1c530632400e38cfe1488a01a7be09cd0a3a13d2800c01daaab82b7d19c004a107f022ae11dba9aab3605cdb1f52c3f4cff4a4c15ee498e7fc694af5e29c739a33c038aa26c336f3c7d28a713f5fae28a064f0b0304993f98aa85b9c8e39a9a1606273900e3a66aa99141c719e98a86f61928271de97240ebf4a8bcd079c8fa538b91c923e99145c5623b924c2e3be07f3152a905471db155ee1c794dcf1c1fd452a48d9008dc31c1029dd02d8b19e39fca9848f538a4ce40ebf4a76d3804f43ebda8ba0dc63faf5152adba9b70f2a8504e14e402c7f1fe7518009193c7a9ac4f106a0f19d8859514643678acea4ecac8da8439a5766f9bf10ca11a66278c057c052338207e245666a9a9eb6f295d3a10f9c8240c13c7e5f8d3fc11a24bad4ad7372ec62520819eb5ea506996d6ea112250074e0573733b1df1826f53c19c789e26dd3c328727258124febc53ac7c557ba75c491dc2e4b10a52552c300e73cfb8ce6bdedec2de41868d79f6ae5fc47f0fac3588cc88bb2603865e0d4dcd1c3b17bc33e238354897122a9600321e0671db23a541e22f0fc3006d42d230809fdea28c004ff00101fcc57915f586bfe0ed536c175288f3f292491f4239af43d13c5ba8ea3a6795a8219132a4bc206e201048f4c1c751d8d546a38b4cca549356650b5188401d891f4e4d59e7d33525d40b13078d42a49f3141ced27922a2c9272011ed5d91926ae79d38b8bb0ac0800d2a0381ef461b1d09fc28048201c8c53b881f23a556b9237db9ffa698fcc1ab321001e9ce39aa574f8543c7caea49cfbff00f5e8dd05b52d92081c60d213f97d6a2de4f38c1a3248c6314d123c9cd14cc120e79c5145c5a9c76c902237fc24106e0724ac49d3f13906a3fb3decb8235fb223a8dd1ae7db3cd59874cb4bef32530467cb507ee0eb9fa53447687a4108ff00b663fc2b8f9bb9d76ec466deff006e46bd66093c808b8fe74c7b5bf423fe2756871ce42aff008d4c52d001fb887047f707f8530ad9e769820c67fe798ff0a5cc82d61af6fa9bc41575db3518e3e55c93e9d69bf67d4c80135cb224803240049ef55f5382d65d36e234822562b8042004723a1c55db68ed23b58516de03b51413e58c9c0009e94d3b85b4b8d5b4d44805f5cb603b808a483f9f5a5365a915c2eb9071c9251707f5ab28b68064db427bf112ff0085388b21c7d9a0c7b443fc2993d48ad60d4e2943cbabdbc9046773a85009039edd2b36fe532dc0777de1b94427803d48ad1bbfb345a7c8e90c68cd800aa004fe958da0585ceb3e23b6b6656292ca0bb11c1507a0fc0567277763a69ad2e7b5780accda6848c410641bb24724574eeedc9c9ae7f58d5e2d1214805d436c8176a929b98607619c702b948fc6baaadd6db57b3d520c82db331c8a3e99c1a4dab1d31d0f4b57c281939ab10b13838c8ac38f5253a60bd746442b9218722b32cfe23680b73f679679636ce01688e09fa8a84f52ded7347c5ba54377686731a968c163c7502bca6f647b1984d6a47961c864fee9ea3f3cd7b6c93dbea7a73bdbc8b246eb8041f51dfd2bc43ca68fc45240cc3cb90e393c641c0a8937713dae374cbdbfd496fa18ae42ceedbe32e30060e00c67a638a915bc4b9541a8e9a4f20641fe753c56d6967e217b40bb4ce0ed0470580c918fa0eb4cbcd3ed2198acb651a3f52a6303afd466b783e871575d46a1f12860bf6ad3880324f24f1ed9a469f5fc026e74e0483c9dc33efd78aacda7d9226e1100ac780a48c7e00d3ffb3208e332b58feec923cc688e091d4648eb5a987a0f7bcd79403f68b023a11ce3f9d453cbafce810cfa72e4f1c12091d8f34c5b6b173836b1609ee82a8681676a9a6859a0477323104ae4e38c734b5b8f4dcd2dde20c63ed36248e9cb0feb4a1b5f561fe936079200dc4f3f9d24b6104712cad61b636190e622011ea091822a994b3046608cf278d828bb1685f91fc4640026d33a1ce09047ebcd154825891836e9cf43b45145c7a1dc4fe0fb9f0fdaccef3a5c4528c065520838e011ef5c11dc0f439c76af5e7d76d7c4328d3650f148c0ec2adb86ec7718edfe35e63aae993e99a84d653ae24898a923a11d411ec460d610a919b71ec7557c2d4a324a4b7328b37190703afa1af42d33c0da77887c39617f6f2cd673b29597a48acc0904e0918c919e0fe15c60d3a72eaac0296c9193e9eb8aeb7c37acdf68969f6049e16462cc824425518f6c820804e091f5aa94a3b753a28e5d5e69cb93438bd434cb9b6bbb9b12bb9e298c4c40e321b19fc7ad68d9e8c45dc514d3a2c2240b2ba124aae792011cf15767b5d58cf79a9dccb045e76f72c5c0f3493c841fc58cfd3deb221be32c0999003fc5cf279c1ace752516923d5c265942ad272a974cec7c41e0ab6d3b426d4ec2fdee1236058301ca938c823b82453fc21e11d3759d30deddcb2be5b61453b7630393c8ea0823e993ed5a3049652f854e9f7b78d16fe4f95cb0e72011dc7a835cfa1bfd0639a0b7ba76b49583868f2378ce01c7507b115a73fbb7ea79cf2f97b5e44bddee739e3bb68743b9b8b1b694c815fe527a807b7be3a67be2ba4f8456315cdb45aa4aa7cd0648d09e4000e339f524fe86bcebc6378f3dfca64277962304f3ef9fa803fc9af4ef83f7487c1f1db79aa668e697283a8190467f33f9d24eeae62e0a3271ec767ad68915f03200a270085723240230467b641ae5ecbc15e54b18015763960c0e58e460824f38f6aeeb712a598e00acf9f538ecd83cc184648550149249381d074a2eba96a0ba6e59beb063a0b41172fb40cfae2bcaeeacf5786e10c336c9cb9057628503b75193ef5ead6dadd94e248a3954cd1aee68c919c6719c7a67bfb54d08b2bb6dcc88cc0e4e4038a9d374572bb193e164d4842e3508501c00b247c071d8907a1f635e41aff9d0f897548bc976d970cd1e3232a78201f5e011e8457d0e1e358fe52028f4af07f196aa9a66b394c1b99fcc9b6100e392011f5c5434ae4eb6394b4bfb9fedbb495a5779559644cf5c8383f9835ed1e3a413d858dd8836a15cb4c00ea40c293f9d783e8d34d2eaf0dc86ccd14c1f247b823f518af7993c4da66b3682d6faca5103618056e840c8e983deb45249ea10c354ad17c8ae729e1ab4b5b9f145ac17e51ed9890abd99802541f6cfeb815e89e2fd5acf4dd06e2299d7cdb889a3863233b8918ce3d06735e6125e5bdacac9120055be563c961918e4f4f5fad4b7f2bdfc65994c8e8016724fde2303f407f2a3daa72b23ae79455a343da368ea7c23e16d0f56f0e43753c2f2dc16659584854820f0300e3818c7d6aef82749b0d16f756d30006ea29f0a1f0498b00a91dcf539f7a8fc0115cd969d3b5c848eda770d0b33004b0c8231e9c0a66a16b3d8f8cecf588a55b85bb94aaa44a490a1403ec4e3f5ad0f3541a49f29bfe2eb492ebc297d042ab9f2c1c1e0055209fd074af35b5f02eaf796715e4421db2aee5467c300738c8231c8c11cf715eaf73e5dfe9d730399215788abb1182a08e4f3dc03562c2da3b1b082da224c7146a8a4f5200e2852b226505295d9e6d07c2dbb6b7dd36a10a4a46760424671d09c8fd0515e9df688fcef2370f30a9603db38cfe7452e661eca0792e93a841a45ebdd95334bb49c96c727d38e056eca74ff00110bbb88020d424806d24fcc08f41e80e0123ae7e95e79617d13b3c664e09c139e738e3f9d7416ad15afd9668e564951182ba1e48279047e02bceab1a935cb0763ec7198584da9d3579239f17c1e58d3cc08549dc01c7cc0e0e7f5ad4d3f45d5357d4a0fb140925b83b9dcc8005c60720fd41e3359fa8691142f797b716864552ad148b921c33609c03c903af1d735d1f84e66545ba6cc2533f678581009180091c67272003e80d5426a3f16b631c46239284bdeb491d178df46693c3700b44579ad0860990095030d8cfa706b85d0f4ed12da48aeb50b5f35892c509e0373c100e0e08ad9d4616d5a49eee7cbcb2c0324330030c38001c0008fcab9efb14cfb8e56308e42ee38dc33d463b5744d3ba958e6caeac7114e74e4de9a96afae960d4ae154811331655edb4f207e58a92de73730c73b4b9da33b41ea3b7eb4f9b44b5d56eadbcf24a84501a363938041047f5f7a4bd80d9bdbe9f6f094481597781b8b7cc7f1247a56766dd91d8f154d49d26b548f39d6a3965d5e4df9dc492723ae4649fcbf9574df0a6f5ed3c766d0c9882686450a7a160320fd700d50d72d992ea27201764041cf240e39f7e2b0ed6f66d2753b7bfb66db341289149e8483c83ec4123f1ae98ed667ccd5b73b6bb9f4cdedec76b034920660070aa0924fa003ad624fe2381a3f9ad2e366082cd195fae011c7e38ab9a7c8daad8c57b12310ea194153c6467155ef6c35090e519d189c00abd7eb50dbec6b4b96fef0ba66a7a4b9f26d610d78c088c328dc41e7048ec39273dab6360b3b58ed6339b999f39c6493d4b11e83d3e82a969b64d6509bcd49d45d04203607eed072471d49c64fe029fa3c57126a171aa5e36df3fe5b6888e6341d8fb9c64e3e942ec54dc6fee97dde1b30ed24852dedd0b3bb1e09032c4fd067f5af9975fd565f1078c6e2f01ca9958463180235ced0076181d3dcd7b2fc5ff112e9be131a7dbbe2e75070840ea230c0b93ec7017df27d2bc73c3d13b5e5e3ac61c2838c8c8c9383fa678f6a6adb98c9df41da1c062f10b44d909263040ce320115db4f7373a7d9acab199a170537203ba338c038cf39f6f4ac2960315e69f748bb599f69e3825091cfe04574f9700417255a38db2a318c30208e9c91926b1a92d4f572d84dc64e9fc464ae95afeab15bdc5ae97208654de923b000aa9009eb9ea476fa66b5606bad3b4e97ed851242c1832124020918271d78fd475a96091d2ce1820bb9962b74d91a0c8183c9c1edc939eb448ad339577460c8731c8701801923d3f3a2eb747a5ec2bc95ea4b45d2c555bf985a24c3cc7883024a3121588c8c91d01e719f4abb1ebb2cd66a5679164832c837104679241fe9ed55ef2effb257ec304504103282e2dd36ee38c10c472d83ce4d64d9e9d712891e59912d5d0947539639ed83d38eb427a68cd28d355629c92b1d7c5e26bbbbd1d229bce78564f9a446cbc9e80f232077f5e2b665f1fbf94ad1db0cb0c80e7181d33c672335c85a15b68922598aaae4a1c60e73d4fb7d292e0dcdf59de32fcd22a1f2d38c31041201f7ebee6a94db8d8c6a65947daba925eef635a0d56dd85d5da4b3a4e0a90c24c93820641ec39e9ef4550f0ae97a86a505c5b054b491edf72bc803000b0c640e8491f5c73452e799e2e2a8d18d56a2b4f991e8fe1ed122b28e7bfb5598b00a4aee03712791823a018e7b66b3755b9b4d3b5b9a28731dba9fdd839c018f53db39ad9965f2f458830ca991813d46002413f4e2934bd7a2b2827792ca3ba8c9370d8c12c5132064e4609279c7af5ac6118734a776ee72e0734af0a977adccc3ab43fd9f1956c9906eda0919e4e0f1f9fe35a3a7ea092c8372977003842e3764119233e83935c5593df7883549eeadad1228c664d85b6a20393804f61823f0e95bbe1b8a74bc92e6528f1c91e0146cf1c1e3b8ebcfad36dad51ece371387ad41dd7be8ddf0e5847a9789a57baba12db189a38218e4db805b041c1ce73dfd7f2ac0d6e64b0d6e7b50db504c422027041c918cf518c55af0fdb5c41aa5dccd234971248e91051820027007a9248ce3d0576af6c9a7f92d3dba7dac429f3380c54e06402470739e7ae6ab99b5aec79f96e2a74eaf2d3575630743b0961996eee56484104aef520b03e80f38f7a9b599c41217827672492234400027ae4938e7dbd29356d458624676624e3279eddeb16e6f9a5856440490b919f53fca884da95a27a389a2e57ab3dce535bb9d93b33e0be72401c03e83d866bb1f85fe10b6d5249b57d4ed9274b7611c31c8b95326012c41e0e38001eff004ae1355952072e18492039191900fb9fe95f47f85b4d8f4af0be9d68806561567207de661b98fe249aeb5b5cf01bd59627bdf206de001c003803dab36e35709f36491e99c53b5f80a40264254138603d7b11efd8fad79d5d78853cc7459b71524124f008fa5633a9246b4e17d4f4ab7bb8ae62de14b9c6391de89a5fb2c2f7578e9141102ccc4602003f535e5f1f8d9ec0a8fb6a6d072542e78f7359fe39f1d8f10d843636529583077e46d3249ee0f403b7a9fc2945ca46ce2d6c60f8c7596f126aaf7a015899c47029fe18d4f1f89f989f73577c0f688f1b4ef8224b83d7d31d3f526b92bb97055402163889e7d791fe35afe19d69574e9ac91c47708cb242cdc06e30549ed9ab9269591cf1f7a47631d94d779b7310730331debd81c024f60463f1ad2bc449adbe59633211f2b13f7802319fcab90b3d56e60be2d6d1179246048203107a718383f522bb5b1d1ae753b792e9a754b971f346c73f963807f1ae772f7accf5694274e9fb48369993f647b920a5d4300008c39c02475038faf355c3cc5c043b994e0b672003c67e94f3a76ab7b31b296478a08d8ee31c018a81c939cf61cf4a9574782c5a445ba9da430fca8141c0009271dce08239a4d7666dfdafece0d54dec6b47e125d7cdc451ddb40eb1a4892eddcbbc80181e9c118200c75f6c5731a8e8f7fe1bb24371771cd199303cb046146064e7b1c8ad697529ec2e95edae0c320b70ab20e9c000839f5c63dbad5dba905cdd426501d4c2e8e1c64119ee0f5e0543a8a31b347874737ab4e5cc9e97d8e5d2fd4b1f2e40cc57819fc6ae47ad4b3c87e522418002f1918eb51cb05a69d1b936d0a4df31c851f7738041ec31fceb2825d3dc35cc311d91a820af033ee7a7bd5a95fc8fafc1e3de2297b5946cb63d27c11757ada848a815c4884317e318c9073d4fa7e3455af00dbc93e8ad74b2c493190a91e5ee2a7d3391904638a2b78a763e6f30ad1fac4ad123d3ee4e9f6d689731c0fb638d8b4ca405518c81c1c9e4f3dc8c57172d9b4fe28115a810d94bf69581620701181008cf61c1c7183d85755aa6b10dcda482189bcb9268e1b725482c8b939c919209ef5a516b7a6f97369e2da386331a8b798ae77123e60d8e410df9e4562b5bf6478b4ea72689952df4fd2ada3d36ded08785a2459e42492e4fdecf60783c0c75a7695a9f86ef60b986d74cb7b310c8a2311a806620f00600ea0739ec7dab9ebc7922b5b8489b6132b1391d0e00231f9fd3ad4fa2d84b6a92db882d27b99668c44486200048241c0e71dbd0f7a14acdb3af0f2a73a739547ef743b7d16c74ebe78b585d385adc2ee8c2e4e060919c0c0278e0e33c9a778aad05cdb19e31fbe84123d4af71fd6b7c2ac10ac6836aa000003038acdbe9418d811c10462ba5c538d8d70d37466a513caaf671240d839c0c8fe55cbde6a7f67b48c1206411839e71d6b7b5622d3529adc7dd24b20f63dbfcfa561dd5aa4fa6ace5518c1292109e642d9c81f4519c7d3d6b9a841b9dbb1f4b8c946a61949753919af56e9d98166193b98e0607b0edfa9afaf34f5dba7db2fa44831e9f28af8e5addadaf5edd81c2c8011df19ff0c57d950716f1fa6c1fc8576a563e5d94b5eb16d4f43bcb48db6cb242c236f46c71fae2be60bfd2e68ad849752f96e59956de15c956c03f373c1e47a9afacbb7bd7ccde3df0cdf5878bb535b38e43149399542be000d86e80f6c914ae96e6d4a5676673f3595b1587172b2945cb478200247a8c73ec3f135541124ca9b4058fe6638c671d067d7353cda3dfb96996c1e15001259c103000c939c9c9e7f1a8644fb32346c4798396edcfa6297327b1ad49a51b47765b4d3e4d4e5962460ac580058e011ce403dce4f4ad287c369697d1c4aec588019403c7d09eb594f2b47022a92acca0823a838c9c7f8d77ff000f7c3baa6aeff6ad418a42985563cb1c75c1febdab39b7b20c2a8c66a73d91a5a2e870daa03e58dc79288393f5c724d777a5dbdd22284b12131fc4a071f8d6e586976b611858a10a71f7b1927ea6afe054468db5674e2730f68b9611d0e3fc436d35a599bcb38446cc4adc60740c36ee1ee3383599a369d6125ccfab5e5c343f66611f2405c3201939193d718aed757b759f4ab98db18319e48ce08e95e73a75cac17d710cf2b0b7958068d464c836292718238c753d33ef52d284d5f63c2aed29a6f622f12e89059b430f9aaf15ca148e550014603238c9041047e047a52cf025b0876bf992e1b71382a06d0703dc6483f415b37d616fe22b8b17b59156d9e51210dd63284ef5e0f07041fc2b0afb4cb88357fecd4613ace924903a104382719ebc1cf1d7b52a905ba4734e2d6db1cfeac8c962802a99656554c024fcccc7af61802a86993ce6cb56b7756056dc10ac700b170a719e3b6335d6dde8d30bad323be68123de239a32c090ca073e800cf5f5c0aad77636825bf85d8884c126e04704090b0fcce07eb594e36824f73d2c3e633a14d527aabdc9bc3179a9e9f18b4d30ac8f331697e5dca0818049ec3b64f1456bf80b4efb3689717115a318ae1c4422452198719393d179ce7da8ae98c34dc8ace55e6ea771be45dc274691d55cc70c6f0a0218e04646003c13d4ff002e6a082f5349d5fcf92217cad119e258496cb673900f24e33c1e87e94fb1d46e357974f6b7b293ceb328a6349461c2a302413c05e41c75e7d6a3f1169d0695a70bd8ee95e479b11c6841119db96191d704e3e98a8824dbb6d7381a76e6895a5be817586ba8edde6b73765846319209c938e98c91c77c62bbbd3e3b3b8d431e4ab5cda825e451b541624803df19fa0fad797c135f69b7d6312a8f35d4c84119201208fc781fa57ac787f4e6d3f4a8c4e4b5cc803ccc792588e9f874fceb48abb6ada1a61ef2668cdc03581a9ca163639e315b575280a735c678875158627248e01c735b3477c56a79c78c6e5cdec6d02979b76d0a392d93c003eb55ce95717b6a2349e337712066b7190cbc9247a12bc03eb91d6bb4f0e78463d717fb46faf1a0b99c16b6882e488c704907d7af638c7ad723a847f67b5d46e22c80516d80049624b0249fc1719ee78eb4528ae66ceda5899cbf77d0e1afa58a5d6ae444191548203820ee000618edce6bebcb26f32c606fef44a7f3515f1dc88cf7f2280de63b9c039c927ebcd7d77a1b97d0b4f662371b68f2473ced19a7b9cd5e3cacd35e6bcd7e205b1835b82e8afeee68b04e39054e0fe8457a3a1e6b9ef18e972ea5a296b75cdcdbb79918c673d88fcb9fc2a66afa19c5d99e611e9d2dfdbdddca0252dedde54503ab052573ee4e303dabc956479033c99c90393d49ef5eeba8d93681e1574fb6c91ddc87911b00598f450719c019e98fe55e673f83eeafeeeded74d0f25d4a4929c0503b927b014a6a304a3d4e8a742a4a2ea7d933fc2fa3dc788b5db7b145660dcb30ce1107527dbf9938afa7b48d2e1d3aca382140a88a001ed581e07f045af8474b11f135e4a01b89b1f78fa0f451dbd7a9f6ed42851814d2b6a6739dd72ad845181cd19a53c563eadab43a5dab4b2381d973dc9e8054ca6a2aec984253928c4cef17ea62dec96d227fdeccc0f0790aa724fe600fc6b8f86dbced5e2980202b472141921832f420751b801f8d59d7773410df4efba7b852c727eea83f2a81d8639f7eb59f74974da7433421d6368d6169064007248c91ec4d62af27767262e6b9d534b6dcd9d5e60d68352b43e45ec6ca2ecc2d942e4608047048c75e98e0f35866e6e5efe1d4bede1e7b4262f23ca0a514e19482382324839039349613df6a58d3ec62dd6aebb9e354dc495202b939e0607418eb9eb54de296d7c477d04d1b213925187206463f0c1a6e5cd7b1c93935ef2d8b1733b5c3cb34d21691e221491d58b73f4c806afd95a43756f1cc1649ae0a8df11202b282588048e09c1073ebd2a86ab60d0c76ee9828ea190018cfa83ef9cd6d5b5dc565a7bb5a04b85b79089267521647d84ed50792064e73dcd62d77222f5bb35e3f1942d3c724659a0702316cb100d1b9e849cf2319e00a2b8cd655b4dbd86e239b33c88b2b8550a109009031d8673d38a2b494e57dcdfeb125a1d15e22d87893f7401f3c36ecf18c920e318c71573c2f009a2d5c48c5a18ee9e34848055463b64673f8d1453a7fc465437346c3c3ba6c7343a9f92cd731c3b94b312011d0e2ba49b8071e94515d3137a1f0989a848c11b07b1af32f114af35c889d8ec660a40f4a28a25b1d0b66773a5dec80e9802c63cf8ed9642179206715e4be2dbc9bfb6b50556d83ed5221da3191bba1fc85145386cc783f88e2a606d6fedda36627786cb1cf39afa7fc153c93f833489646cbb5b2e4faf5a28a6b634c41d127dea94f4345149982d8f1bf163b4be31b881c93140bfbb5ec3a5771e1cd32d2c52378621e6cb82f2372c7db3e9451582fe233d7abfee913ac00014b4515b1e48c93eed79b6a9746efc42b04f1a3c70a864073c13d7bd14573563b309f1197e2676935b08c7e5110518f4e2bbfd22ca0b5d096054f323c7224f9b3f5a28a744f2a7fef1329de795a5e8a6fac6da0826976abec4c020671c5715addc3dd6b17cd205cc71ed520630074a28ad2a6ccc6bfc242d2bcd6171148c5921064407b1ff0a4b091a6b98e37c6d604103dcf27eb4515c6fa1cab72c69f125e6950cf38dedf2360f4c93cf1451453365b1fffd9, 'jpg', NULL, 0xffd8ffe000104a46494600010200000100010000ffdb004300080606070605080707070909080a0c140d0c0b0b0c1912130f141d1a1f1e1d1a1c1c20242e2720222c231c1c2837292c30313434341f27393d38323c2e333432ffdb0043010909090c0b0c180d0d1832211c213232323232323232323232323232323232323232323232323232323232323232323232323232323232323232323232323232ffc00011080032003203012200021101031101ffc4001f0000010501010101010100000000000000000102030405060708090a0bffc400b5100002010303020403050504040000017d01020300041105122131410613516107227114328191a1082342b1c11552d1f02433627282090a161718191a25262728292a3435363738393a434445464748494a535455565758595a636465666768696a737475767778797a838485868788898a92939495969798999aa2a3a4a5a6a7a8a9aab2b3b4b5b6b7b8b9bac2c3c4c5c6c7c8c9cad2d3d4d5d6d7d8d9dae1e2e3e4e5e6e7e8e9eaf1f2f3f4f5f6f7f8f9faffc4001f0100030101010101010101010000000000000102030405060708090a0bffc400b51100020102040403040705040400010277000102031104052131061241510761711322328108144291a1b1c109233352f0156272d10a162434e125f11718191a262728292a35363738393a434445464748494a535455565758595a636465666768696a737475767778797a82838485868788898a92939495969798999aa2a3a4a5a6a7a8a9aab2b3b4b5b6b7b8b9bac2c3c4c5c6c7c8c9cad2d3d4d5d6d7d8d9dae2e3e4e5e6e7e8e9eaf2f3f4f5f6f7f8f9faffda000c03010002110311003f00df2462a275560c5982a8192c7b56025eeab8ff005f1f1dbc81ff00c5d57d4753bb8ac9a3b9994f9a76aed8b693ff008f1aea95549687970a57958eb6cee1becce749d345f4e0e3771c7e278aab2ebd73617f13f887405b685c6c69506063dc8aecbc3ed67a06836363713c105c3282caec012c79c7d6ba0682d75285ed6e638e58d86191866b9dd467a31a5148e1750d2eca3b68752d2ae44f67291f287ddb0fa67d2abe722b1f50864f0b6ab73a7e9b18f2d5833a1eca4f5fcb350c9a8ea10c8ca4c2403807c86fe8d5ad3ad75a9c95a8f2bd0dddbec28ac0fed9bdf48ffefcb7ff0015456bed11cfc8cbd6da3e9f3e956b7cab72c52e7cbb90241968fa9651d723f1aca0ba55efc4fd374eb48dbfb3f25f64a724909bbf98ab91c773398de048218a18c89238b8e01e300752735c76aed2e9de268b5250fe6452c7285cf3f29fbbf8e2b8233723e9b1b83a341b70defb763dbb54f0fe9d77a925f4f2bc793c82dc1a4d4bc32fa8ebd05fd8df451ec0bfc21880076a92e9efef2d23b8b68e411ca8182345ce0fae6aed8a3a148a658d36a6e91d542a83d940fcc9fa7bd0d9c8a2b96e799fc539a4d3f5e95d6e40696044da072e7bfe1d2afdec5692e9da2df09207536f12dd2ab6d62c064e7be48e33eb5c4f896edbc5fe2bd4aee36736f6e3c8b72064155270df8919fc6b762b58ee20816e1e7484c40b471b0524f07209071c54f3f26c6f85c2c31136a5769763bcfedbf09ffd01a0ff00bf4945717f61b6f5b8ff00bfa3fc28a9f68cf53fb2697f23fbd17a5fb368511b7815d8b6524925c1627d3a605677812c6df5af88cad29de967135c05ea370200fd581fc2ac78de48ff00b77cbc9c4ff36147391d71f8554f8331187c7baa296247d8891bbaf2e86aa945eb73871d38d484671ebb9db78dbc50be1cbc48679b689577a75e95c6ebbf1392ff00457b3b2474ba95bcb92539c7978e71ee79aebbe2de8936a7a458dcdac891cb14a6362c3aab0ce33f5515e1ba8db4ba75e2a5dcde648cbbb38fe127f5e86aacae71c5c793ccd4f0e6a9e525cc096e5e67903743cf4e9f88fd6bd0db49d46e74e86ea3b38c293b7ca73feac7a9278229bf0d3c2d36a768356d40016e78b7455da48cf249af509ac6c6d74eb80f1a2c3e5b6f38ed8e6b3941b77368d68d2a7687c478ff00f645c7fcfd47ff007e8ff8d15a1213e6bfef07de3da8ae7d4e2fed6c47f3195e2fff0091824ffae27f9d1f0ad9bfe16aebbf31ff008f67effeda514577c363a5fc0cf53f1bff00c8a973f55ffd085781f8ff00fe43567ff5e917f2a28a5dcc63ba3e8bf0faaa68f611aa854fb3afca060741daa1f157fc8066ff00797f9d14544fe113dcf3fa28a2b23cc3ffd9, 'jpg'),
(4, 1, 'Profile Picture', 0xffd8ffe000104a46494600010200000100010000ffdb004300080606070605080707070909080a0c140d0c0b0b0c1912130f141d1a1f1e1d1a1c1c20242e2720222c231c1c2837292c30313434341f27393d38323c2e333432ffdb0043010909090c0b0c180d0d1832211c213232323232323232323232323232323232323232323232323232323232323232323232323232323232323232323232323232ffc000110800b400b403012200021101031101ffc4001f0000010501010101010100000000000000000102030405060708090a0bffc400b5100002010303020403050504040000017d01020300041105122131410613516107227114328191a1082342b1c11552d1f02433627282090a161718191a25262728292a3435363738393a434445464748494a535455565758595a636465666768696a737475767778797a838485868788898a92939495969798999aa2a3a4a5a6a7a8a9aab2b3b4b5b6b7b8b9bac2c3c4c5c6c7c8c9cad2d3d4d5d6d7d8d9dae1e2e3e4e5e6e7e8e9eaf1f2f3f4f5f6f7f8f9faffc4001f0100030101010101010101010000000000000102030405060708090a0bffc400b51100020102040403040705040400010277000102031104052131061241510761711322328108144291a1b1c109233352f0156272d10a162434e125f11718191a262728292a35363738393a434445464748494a535455565758595a636465666768696a737475767778797a82838485868788898a92939495969798999aa2a3a4a5a6a7a8a9aab2b3b4b5b6b7b8b9bac2c3c4c5c6c7c8c9cad2d3d4d5d6d7d8d9dae2e3e4e5e6e7e8e9eaf2f3f4f5f6f7f8f9faffda000c03010002110311003f005c75ed401c75c8a931498e6bed6e7c526336f19a52a71934ec77c0a3073482e866062931edf8e2a4031d863da823da8191e01ed4b8c1a7e338c0c9fa5489033296e83d49fe9d694a4a2aed9a42129b4a2ae400127fc29c2262338279c74f6ffeb5598a27077a153c1cf72074f7c55f0f6d2c7b0a48ad819c1c8ce3938fcfa7eb5e5d7cd29d3765a9ead1caa735793b18bb73903279a44ff58ea4f03073ec73fe06a4bd0d10636d133a918dc086c1cf231d7b562fdb6517592542003702c0138c11c7e742cca949268a5964e2ec6dc50348c50024e09c01d87a9a8d801d38c75351ade24b1876214b123049c8f4fc78fe552643a1c1ce410303dabaa15d3d6e7355c334ec90103b6334608ea2962398958fde201c7a669db4574c64a4ae8e29c5c5d866063d282063d6a4db8ec0d1b78e01a62b91e076068c0c53f1d8628228b82230a052e327da9d824f4c53b1ed4304458a29e568a43b1291c52918a7ecfcfe94a5726a8c137622238a30715215ebd680a73eb402dc8f07de9c91976daa0e7ad48232e7680493e9569635b488b3300e4719ea39f4ebd335cd89c4c6841b6f53b709859d79ab2d087cb543b501241c640cf6ed4a12788125490403b4b00c467d0f3d6a5b58a396606e498d08241dd82063af3c7e944f05adb3bdc413dc3c78e4920e074ea0706be5f138c9557be87d561f0b1a6ac916a1135c03e5c012307041c8c8e3ae39aa573a64d0485a1612a9cee8d88caf19c0f707ebd39e2b39f584d3c036ad338392c0918fa600079fafe152ff0068c3a846278a5292a8058100153dc9c739fae735c0dbb9d7a150dfb41bc8259382e83190080738ea08e304638e0e3a565ea707db1838442e086dc09cb0c9e0fae41ebd7fae95cb594ee66958c7700805a25c8718e090471ef9fcaab5c456f328489940182aa495507b8c8e809cf1918cd5c590d18526a3f669de19ed991d4640190303b8f5eb5aeb70972a90c4e4191461c13b769ee7d4e33f9d65ccb99c457281b0490a09f941e7033c8039e33d0e79eb59a05cda3b0b798989092e07519e38cf3dabb68d771d19cd529267706e9212a1d83e7000047381d3db8a9d1cbe094daa7a1073ce6b8dd36ec13912912648039393c75fd7f4ae92d3535b92b1a00aeabba41d43103923dfbd7a5431f272517b1c15b030e5725b9a2ca41c1047d45263ff00adc54b82e010410076e2931fe715eda77573e7a4acda23c668c1a9029a31fe7d298911fe1463da9fb7de8c1cf23e940d323db453c839a282ac89c8a31526df6a319ed4d339c8b1d4d001cf7e6a5d9cf3d3daa1b8b81691eeeac4e00c0393f8d6752a2845c9f434a34dd49a8aea4f15cc76ec405dd26324f3851eb8155d0492cdbf2a4124076e4e074c0eb55a6d462b0b7767505d88dc410001e83df3fc87a56645aa4d75215886d766230bc040074cf6ea057c862b112af51b7b1f6b87a11a34d45236eeaed149465566cfca01dd8f6fc3daa8cd7f73e5156558e3c920b649c76c771d2b46c45969f6ccd33ab484609c804923a03d4fd3dfb537135edac972ed6f6d659192e402579c727920fd7f3c572491d28e2aeeec33ed5766078e84107dbd6ab89becf30612bab0c619372e0e3d7afe55b924ba69722c91e68ddc0699d02aa80739c93d719e9cd569ec3cf549242a1581238c6d07d4fafbd5a6adb12d3b998faf92585c4e5ce472ebbce738393c1ce3ebd3b557b991a752d0b649c004838231d4679fff005d6f5af87ede556b8288224f980619c93d303af6279c71f80a27d3b64f1e62f93938c6324f233ef814f990b9198365a94d0a049d431c90010770c8c707a8fafa1a64f7f00550aac9b7a65b903b64743df818eb5d34fa6796a92b42b8e08200e2b16eac206058c6a79e01e98c50a4ae0e0d232adae9a02db4e4104a939c0e39ab769a8b40cc7ee90c0e4e467dbdea9dc446de557fbc0124a80318fa74a92e6c26b88a211e064655c90037a639ce7b5689a336775a3ea86f08825c0931d3df92307b8207e15ad8ce3fc6bceb4eb891a310bb34571113939c3290460fae38e7db35dd68fa87f6958895b025562b201fde1dff001e2be832eaee51e496e7cfe674127ed225bda7d28dbc7a54b8e28c7f9c57a678e44471eb411df152114628b9499091cf4fd68a98ff009e28a0a26dbcd007e7f4a9760a36f5a2e604406462b0f5fbb5b7281586e50793db3d4fe438f7fa5740530a493802bcd75ebe679a66dd82cd8c93d0127f4000af2f34ace34f91753dbc9e8294dd47d04b8be37e42c6d948d82904fa90437e0726a55bdfb1c6c8a4167e58e0e4f7ff000ac18e4fb35b65b962c0903838c1c55792f95e62598919c91df3ef5f3963e976d4df4d49dae0cf33e5883804e49e79001f6eff005a9a7d65268d7ed1125d3a9cc7199484073c038201fa76c77cd73b14f14a8dbe30c4f0199ca803d31c671fe41a9622caca11080718623048cf6f414eddc57b9d258dcdc4ad1b5e94705be58540000f4181803af402bb1b1b06d4d1656851235e762ae4100f4e49c0c9ee40fd33c5e8c85a6248560064e5471d78c9e9d7b76aef6d64b996d0db5a80b0821a5623963d87e7c003ff00d7949f44691454687ed1758550212f908bd09ff3deacebb6c915a5b42abf396dcc71d4f61fad743a27878aa8b8badcd349c807f857a01fa1a8759b53737ea17fd5ae14103be3923d8566db46b14b633acedc5c69f03300e36038238e474ac8d674784c65fca0849c9283a1fa0ed5dad8d88874f58c0e14919f4c1e954b50b6050800127ad67ccd48d5c53563c86fac9add891865e991cf5acfb79b7da98b398d588c11c0e4f1ea3bd761af69ed0ab3a8caf5231d2b90b244171730e326452c077241c83f9647e35db0774704e2d320bb0442f22cccb3c5d0f5c8ec0e7f9fa5743e09bd54134331daec54827a31e47f87e55cedcc79b86643f32903248c3291907d3a7ad6a693612452f9cb31f36462db71f749ea08ec3dba577e12b3a734ce2c4d2f6b068f485c1031de976f34db4769205765d84a8247a66a7c715f48a57573e5651e56d321d99346ce71536ca36fbd32125721228a90af3451766962d6da36f35314c0a367359f31814af30965336403b7033d327fce7f0af1ed41965f34484878c9600ff173823fafe75ecf7501960751d48383e8718ff1af17d5aca589ee98827cbce41e49c1e7f53d6bc6cca2dc93e87d2e5125ec9a5b9cf5dea13392885b939639e49a8239ee19bfd6373d726925dcb21231c9e94867611856db919c00a01c9f538c9af352563d46ddf565eb689a56f99c019c127b7e55b769028c156248ee47f21dab234e467c1627dc5751a6db7da2e23895492c40000e4fb0a99686913a1f0f593dcdcc311dc7cc61923924f61fcabd76df4c82ce086350aac48c229c85c73927b9f53f975ae674dd1c69b1a93b4dc471a4831c00413903f0c7d4e2acde6be86ee1224ca05240078e4f7f5e9fcab91caed9d6a1a1d35cdcc5636ed2337cd21c01f4e07158b1dc452dc87770100381ea01ea7ea4e6b9ed635c96e27882b6403d01e9fe7158773afc96eb851970bb719aa51ba0f84f406d52182d034aeaa00c924f7eb5cf5df8bec958a42a5c824120579d5cdf6a178e0cb70ca83a20278ad3d1ad2cb6c935f5e2c51af442df331ff0e954a8add90eabbd91bd77abdb5ec45658b693d0ff008d701a95b7d8b57b79e100ac8e133fef1c633f8d6fea37b612064b498003a03dff003ac632994889cff1065279c303907f3ad611e55a185495ce795decef272caf2c21994823a0048c9f4381907f0ae8b48d42289a2e498c118c12783e9ec3d2b9979ee74ed4a6719c48ed9e720f39208ad9b7bdb762ac6dc2be47cc33824771ef5a2766998b574d1ea1697313c01c3a95c0e9eb56e07f30161cfbf51f85715693f985104a06ec1604e3f33dabacd26e6d7ecc7cdbcb74da4a80f205c0c9e9935ef61714aa2b3e87838cc1f23baea5fdb49b690ded806005fda127b0994ff5a951a39194472a3961901181cfe55d6aa47b9e6fb29f62220fafe9454cc855b04107e945573aee3e56713aef8d359d2ae6ee21059ec898a46e636cb90402705ba727f215d96917335fe9c93dc46239b73a3283900ab1538fcabcc7c767fe26170a79fde3e0fa66661fd2bd4b434234c39c12679ce47fd756ae0a551b934cecc6d38469464959968273d79ae2fc47a43c1a93dc2425edae108900008562304907b70a7a75ce6bbc294d6895c618023d08ad2a463515a47261b132a12bad8f99355b57b3be785c60839e3d3d6a96ce471c1c57aafc4bf0da45b35381000ff23803a10383f4e2bccc2174c0ea307f235e356a7ece563e9e8d555a0a48d1d3482b8ee00cd7a7f83058e989fda376be64c7889319c7bd79269eecb76cbd011d3debd174a286d94cce5634186c1e7f3ae5a8ae76d26747ac78da77b85fb3c0a3693820720743939fc715cdfdae79d99c95462c48dadf2e3d39e4547aa6b7a6a46cb6d6a091c09189249f603ad73ad77a931dc2d1e20790241b49fc0f350a9f546ae7ad8eeb40437ba82c52b649c93f80eb567c4be1bb9b6b637b1233201b9b03b7ae2a8f8144f73a879ae06c5015c0e4027d3f0cd7b65f58c771a3a1da08db8c11daa75be9d0abab2bf53e64babb9502ac4ac598f240e83ebdaa4b6d3eea68e479752f22327e5444dccdf53dbf339aee754f03a5cdf30b09442c4e4c6dd0fd0f6fa55cb2f85ba83c1be7ba48ba6141c93efed5a466ada113834ecce08da2f9617cc2ec380e410c7f01c56bdaf85a65b31733bb027955239c7bd7a169ff000fedac1849313338eedd07d055fd4ac634b6f2c28181c6076a9954e88153bee7896b562a2f566c12b21daea06727b11ef4d58ad200a59e40a40db9c0007a74fe59aea2fd16d2ec9601b0d9008e87d6b3aee2b49a68edc2165098707818eb9c7af19aa4db48c64acd91694eb717011195541e49193f9f06bd174b8956dc2801b3c9231d6bca7c3f1343e214b55dccae4a90307f103dbfc6bd6ecac25b7b6c4129c80708e323d87b7e1f957b7828a8c398f0f3095e5c972d3408d90c8a47b8155e4d26c65396b487776608011f4239156acd9e5b38de420b1ce481dc123fa558d9c576dd3478dcd384ac9988fa243b8edbabe41fdd4ba7c0fd68ad92a28a568f634f6d53b9e49e2a8aeb54bc825b4b1b8905c6e6c471970a7ce7620e3b8047e75eb1a3c6534e556528c6495b6b02080646209079e4735e7cfad5eda43a7dda43b2290175403063906430c673820ab7419c0c62b76c3c58daa78bad6d21645819a5f98b70630323f1c027f1f6ae08548a76ea7a589a72a90b2d91d96ca5d955b4bd460d5ec8dd40acb1872a0b77c00723db9aba02162a1812002403d8d74f31e4ba6d36adb191aee94354d1ee6d481b9d4ed27b11c8fd457ce77d6b2e9da93c0ea54e72323a8e9fe7e86bea3641803d6bcc3e29e83a6258a6a4ac63bc122a222f224c9e411db0013f9d73e229a9c6fd4f532eaee0f91ad0f2a89d3cc19003a9e0fa8f435dbe93a46a1ae2882d58088e19f27031c5706f1491b6e6f941271cf3c7ff00aebd93e1880fb58e490aa719e09e7ad79152e95cfa2a5abb1593c3179a7a95b4d3ccce067cc0a58fa9238e3f3a9ec7c0dac6b6c6e2fc1b6b64e4bb8e48ef803fad7b44063d80484723181c0aadabea76567a7c8d31511ed208e991e958f3686fadf952387f0fe909a5dd1b70a8b14449041c9763dcfbe0f4fa57a2c2ea74a6e9f283d6bcfb4cd5ec5eca7be6d90c4242b12e7900753f893fa54efe38b15b664866c83c118eb4a0dead9b54a6a4925a588b552e6ef7db805f3c0e9fad6969be278908b5bdfdc5c0c02afd0fb83dc579eeade313e713100aa0f04e493f8555b2d446bfa8241732e0f964a301820f040fd0d2e476b8e728b3d7e6bf898164915b8e4020e2b98d5b55c2373c735c41bfbed1ee1a27762a7ee9cf5155afb5996e41ed9eb9a141b6999b924ac8afae5db4f392a464715830dd94725d4b3904119ea7b1ab92b92c589c9acbd52f0da902380bcae84ab83c2f6cd75c60ac8e19cb56759e02d126b8d65afe7daab0af00b65896191c7d3bfd47d3d5523c0c0e06315e4bf0c6f677d766376e4b4b01541e81483fe3fad7b0ac5c8e4d7b54da54d247cd62f99d7d4ced3466c13be19c7fe3c6a496e218ae2181db0f313b063838193cf6a4d2509b223d25718ff81135e750dc449e367dd7f792f95747724a98083781f29c924738e838ed55ce9222343da4e5a9e97b37723045150417524d1078ecae36762428c8fc4e68abb99ba4cf3bd46e623a24170c15e08ae0c25f6e010c8076ce4818383d864e4f4c7f025ec56de26996e617b862248a2c00704ab672403c632303a924f6abd6f7f05fe8d731336c08ab33c66520994155c90c3246093c0f639cd45e15587fb5de649a0b39ade1793215406900c0073c1046e19e3ef0f5af2a53fdeab6c7b7cb6a6d34757a26aa965e166b1513a48b13b2c8f1e0649c0038c92063a8fc4d72f79ad6a1a75d1559e6568d4609624952dd09e338273ef91d3a0eb2d26d26fdad253720f9d310620703cd6624e41cf1f37af614ef89767602282e810ba8be23ca3e098c1c939208e09ea473923d2ab10db8dd3d8ca972c67cbcbb92f877c513ea17422be2aac14b0c0030493c1ae47c6d1acf76d3cb70f26188890f0a8307a02464e71cfa56559df8b304430dc35c8280486718c1c8c11b413d4e0e475cd6ce9764fafd8de131979ed54484807919e7b11c73d39232707a5654ebca71e53a634a9d29731e77771157539e00c024e41f5c7eb5ddf80357162648988070307a703ffd75c25f23d9dd3c2c4150480724f1d88ce08fcaaee877c82f611bb863b5b1d413c66b09c5bba677539d9a68f763e2555881df918fceb87f1378926d41f6062101c019fccd654b733c6ec85fe53d2b2ee199a52393803f5ac153b1dbedb4d0ebb52d19adfc136d790b389490d2e09c6d6e9c76c71cfbd7250bba26371233dce6bd521d5f46b5d0e386f668da3788218fa923001e2bccf547b017b20b02ff0067272a1cf23da9d3bdda64cf54995ddb782c79349693bda5d473a67723061f853508380a393d075a1c94196014020124e39ad2c8c9b7dceb35c9a296d839218300571d4645732ae4e55bd3208f4acc5d4af6f6e82020408319239207a5694272e4fb1a9e5b09cae36403a0cfe7556ef4db9bf9ed85a60caaad9190091c74cd5c71819e86a6b798dbc91dc003e43ce402307d41fc2b684adabd8e7a97e875fe08f0ccf617315cdc40e1caf24b03c9e9d3a003f1af4a54f987f85794d878b6ee2658a594adb3b8dac3838e31c9edcd7abd8cab731c614832140c5370240f53824577d3c44671f77448f0f13426a6a4f532b482ab6570cc42a24ce493d00ea4feb5e7e6cf51d47504d4dae24f26e2e0c90c4e0e238b706049cf19008000ee2ba8b995a6b5934385b6cfa85f342c01e5620a0bb7b7008fa9ada5b066bfd90404c119503030a140181e9d2a2bd5e58ee74e1697bd27639f7bb9ecf62c53b00ea2420b6704fa1228adad4f4196e2fe49237444e02aed3c0fc28af3feb12fe63d1fabc3f951c85a3dada785f5859edc3dcc5142ae66db98650006049018e490475e07e15e77a7dff91a9cb72f02ed8a50090490a589c120e73d0f5e4803eb5ab7d7725cbdc4be561238634650b8c614283c9c92481ce338ebd2b0a7ba92ea78ece35ca4ee58e1402cc4b1ed9279381cf6e94b99f3127a278d8d95b1b76b4b7851270672d18da581231cf18c1240f6c572d71ac4da858c16b3b9924b4631a39058952c4919cf20640f618adad4d2097c2f6d1b47e54f61041136ee183b4c4907d4e09f7e31dab81d46e8d9dc471229454e2521b86240c91e9d07e22aa776b7d01a5712dafcf9533ce59a5270ab9c11839071c0ea07e47a5765e17f1549a16a51884093ce01668c900302a0ae0f41c9207d7d2b98f0eea1a559ebd06a3ac5b3496815bcd8100248c920e0e3be3ad52d6754b2b9f125cdde991bc762642d6d13800a838c023381dcd14d72c949112829c5a3d5fc41e037d47c47fda11d825ed94ea4322ca54a30383839e4678fc0f4af30d6f49874ad41d5adae2dd848591369dbb41e307a9f4ebd6bd23c3de2fbab2b192d26b8768a5082395c93e40312b1c0032492debc566f8b75b8bc431471f95b27b72ca9729c09012324a91d381c67af35dd2716bccc29b9c5fbdb18b15e2de58c3390164da038cf43dea2b88c906453d47354ecadee230cac2dd50e58b005493d071d3f4156d25e0a9e84722b9250b6c7a10a89ab18f7965772913c57126d523e524e3e9c55db2b5d56ed17ecfa634fb410c50120fa1c815d4e8968af632960a448dc0233d07f89a74babdcd93793136c0bc00063f4acd4afa2dcde2968e4ce51afef1408fecaa922f0493d0e31d2abb4335ccbe6cefb9f0381c01f415b178c6f2e1a670a19b9623b9f5a6c71a20cf53eb4d3481f2f429a42205031c9e4d5db50be54a5b390323f3a865396e69d112aa47407ad27a91b0aed914a1c22e1b0411820f706a3239e4d3246cfe02b58a56d4c66ee6bb2446d2155521368190c0138ea0027b9fe75623d48dadb0843b2a6f3b5c1390001c1c76e83ff00d75cade4e56d4165670a7b360807f31d71da88b54825b011a4cc278d470c70580c6718ebc0c0ef584f0f52dccb623995ec7a4786354b61e24bdba92e8452451a411165241c8058e4f439007e15ddc1af992716b0ea48d270001102318cfa6318af1bbc9dd2e6116c5419ada39029072c76f53ea70054b0ea97b65e5cec6159a2182a0f18072338209e3823d2a1d495d45ec525667b29d42e8939963247fd311fe3457090f8835eb885644b4d3f61e85d1f27ff001ea2b5d02ece57587974d8a5b5f26da785636b77dc4ee5d8c429c82319192393df2720d50f0a695732ea1fda323411a5ba93be6040666c955001c9241fc00e7d2b322bf92e616b722e0dcc8d22bc9b460ee62c71cf0320f3ee4568e937b6b0585ba5d6f664884a232e14330675c939c9200e3e83e9552ef6368d2849d948d67b8bf96cee9a78774770d6f2060a33210095c60939e18e31cfb6315c46bb1389a4965b79add9c8216442b9c0c719e0fe15a936b30bd94a2059904b34691216fba54303c8e9f787ebd2b325b89ee6de6324af222920ac873823b83f9f3571b34438412bdf531560965b72cbc80c401d49c004fe00516f18ce5f200048f738e07e78adff000ee9ef35b5d48236663ba28d54e0b647209f4000fd7a56958f837cd7136a53ecea7c984e481d792781d7b67eb5bd1c255aced05a1c55b134a8abcd94b4692e7cd501cc9e61036e7383818e3e981ffeaabd7b796f6970c974fb241c9500920ff2ae96c74ab2b119b7816338e1c9cb60f7c9e7a7a62ab6aba1c1a8212e03b0e437420fa67d2bd48652e31f79dd9e73cca329eda1c7dc788544522c11330618058e001f41fe350dbebe67ba0b3c489bb80533d7df24d3355d21ace45da08562400460f158d716f24032ca5483dc7e35cd5b0decd5d23d0a559495d33d2b45d50db48b130cc2cd93cf4cd75cfa15b6b70930c9b2603824743db3ed5e41a6ea4db406391e99e9f4aecf49f134d6b8dae5801c8279af2a74aef9a1b9e853a8ad69162fbc31ab58b3192d8ba0fe38cee18fc391f8d633aba12a7208e08c5764be2e0f1962ce0e3851c8cd73b7d3adddc3cc0052c72703193eb51172d99a351dd3338212727f2a5030718c63ad4a4a8cfa54324a0920679ef568cdbd0648e3381f8d44d9229c0734847e754b53368ad720185d7d54ff002ae69c93f30e0f5047ad74778fb2da463d94d737eded5e860d5e2ee615772ec7aa5d3ecdf3bb140029249200e8066b5ecf572411720303d495e4fe2307b573f6f097624103033cf7adb8ac6e6044936304719042020fe75dd4e9465ab8a671569a8f53abb4f1925adbac4888ea3bb0627f3a2b2e0b089a10cf1cacc7b8c2fe9456ff0052a7fca8e3fad3fe6653b0701186f0a10b9c92001bb3b4f5ee08fcc7a8aa7ae8097714454288e1942800ff007e5193f9d765e1e583c453c923476ed0c70bb3a9237e554950463a6428eb8c0e3a53626b2b2374baba5ab387658cc91966539248041e46e278c1f5af9be693b392b1ee475d8cdd6747b4d2acf4a48a30cca22b9b8456dc77840181feee490303d2b4352f032d868962a547dbaf83348e58911280015c7032370c9e7241038ab761afd968ba4ddbbda35c69f74ab12f9598cc939c12092012a02e7ebc773542e7c49a9dcf968ba44ee9183b3729e01249fcc926bbf098455a4a4f448e5c5579528b51dd9b56b047696f1a290000064003271d481c54ac1491d319e2b9efed8d570449a449b4fe63f0a961d412760668ae6ddfa64838afa5838a494558f9ba90a8df349dcbf75a6fda9cb0b895188c1c1047ea2aa1b5d56c79b7b88ee631fc127ca48fe5f9e29b34ba8c530962916680750a093f88ebf95685b5e7da11470c08cee53919fe94ed77d98d3715ad9a31aee6b5be8cdbdfc4d6b3e0ed320e01f63d2b0eeb4ebc9a06b36891db1949148f9b0320835dacf023a949903a1e704023f0aa1f665b5198c9f29ba63b5673a2a69a66b1c4fb3b591e5c9e65a5c147054ab10c0f04107915b3049e6282ac41ec41ab7e2ed37cb9d2fa35ca4b81210380debf88fd456059dc18a5dadd33c57cce2b0ee8c9db63e8e8555560a48df8ae664e37647bd5b8e676c648cd5289c3a823041ab09f2e315c2db3a53b16c6e3d4e68c734c46e95275348b140ef4d6a73100541238038f4aa4c8665eb131112c43f88e4fd05630f5ab7a8cbe6dc9eb80315587ddfc2bd7c2c6d4fd4e5a8fde3a4d0748177691dc381b03600cf5c1e7e95d8468a91ac600c28c007a62b17c2873a18071812b01edd0ff005ada0c1783835ee61e294133e6b1b524eb38df40e47000c5151bc8779e40a2b7b9cfcacf33b3bcb9b198cf6d33c522af553d73d8fb57a4f862ea4bf02e670866951e4760a012db8e4fb67268a2be32b6c8fb1a7b97ae2da29ef2e2698190db48a215639542514e40f5c9a956567c671d4f4a28afa5cb97ee51f3b9937ed18eba188703d7ad654d33c72ed53c71c51457a2b63cb7f10e59e4f9f9e80d32c27660d28445739ced1807ea28a2a2a6e8de9eccd26766383eb55940cb2f624d1452ea27b3294f047756f2db4aa1a270411f8f5af32994239c766207d334515e466ab43dbca5fbacd4b09188009ad45e828a2be6cf6c9c1e6a504f1f4a28a0a03d3f0aab7070a7e868a29a1339b94932b13ea69074a28af7697c28e19eecedbc2673a2b0f499bf90ad871c7e34515ec51fe1a3e6f15fc7915db9393451456a41ffd9, 'jpg', NULL, 0xffd8ffe000104a46494600010200000100010000ffdb004300080606070605080707070909080a0c140d0c0b0b0c1912130f141d1a1f1e1d1a1c1c20242e2720222c231c1c2837292c30313434341f27393d38323c2e333432ffdb0043010909090c0b0c180d0d1832211c213232323232323232323232323232323232323232323232323232323232323232323232323232323232323232323232323232ffc00011080032003203012200021101031101ffc4001f0000010501010101010100000000000000000102030405060708090a0bffc400b5100002010303020403050504040000017d01020300041105122131410613516107227114328191a1082342b1c11552d1f02433627282090a161718191a25262728292a3435363738393a434445464748494a535455565758595a636465666768696a737475767778797a838485868788898a92939495969798999aa2a3a4a5a6a7a8a9aab2b3b4b5b6b7b8b9bac2c3c4c5c6c7c8c9cad2d3d4d5d6d7d8d9dae1e2e3e4e5e6e7e8e9eaf1f2f3f4f5f6f7f8f9faffc4001f0100030101010101010101010000000000000102030405060708090a0bffc400b51100020102040403040705040400010277000102031104052131061241510761711322328108144291a1b1c109233352f0156272d10a162434e125f11718191a262728292a35363738393a434445464748494a535455565758595a636465666768696a737475767778797a82838485868788898a92939495969798999aa2a3a4a5a6a7a8a9aab2b3b4b5b6b7b8b9bac2c3c4c5c6c7c8c9cad2d3d4d5d6d7d8d9dae2e3e4e5e6e7e8e9eaf2f3f4f5f6f7f8f9faffda000c03010002110311003f00b42124e00e6a648634cee74047524f00fa74aa9ad5fc7a55aac8dcb3b602fad73b178ad10913a0989ea40e17e83a7e35ebe698e9c5fb2a7f33c8ca7051947db5457ec74171abd932b4292f9732f049fbac3f2ff3ef5ce4d7c60b977b5915c0e5d01c7e5e957f4fd320d72169cc2a32f811a8fbd9ec3bd694fe0989e3ba458f6b4440c95f6e9f9e6bc18d574e5cd7d4fa174b9d5ada1534ad521bf01321642385cd69f975e7b2c2fa65dbe372c9036460e073dabd0b47b9fed1d2e0b823e72a378c746ef5f499762dd58b8c9ea8f99ccf0aa93538ad03caa2af795ed457a7cc7957396f8956974b6305c423e48c364fa1e3fa66bcd7458e4bbbe5886f76240033d49afa4a4b4b5d4ec9919526b79930475041af079b44b8f0ef8d069eea4379b88989e1d09f94ff009f4af9bc6d3f79d45d4fa2caf11cd1549e8d1eafa3ea1a77852cd6d098a7bec658a36edad8e178f7acfd53c71776f75f63f29606661e63ba966cfb2f7a7b7c3dd4e3b886fefaf614883afcb1b05de49e8063f524d6f789878665d4eca7bc8e1b861105654930e7b6383cd79365d753e815dad0f2af104f2ea2f25e451484a603304d9b86475ed9ae93c237f2ca8966c8c71c9c8c1ad4f126a7a147a47d974b8110672171820fbe6b2bc010c77fab6a13ee4592245568e3e30493cf1f957a18194bda271d11e566518aa4f9b53b1d8dff003c5ff4ff001a2b52288b448d93ca83457bbed7ccf97e5f23ce754d622b2d2ade48efae62bb8cacb1aa90a1a36c927e53ea471db3581ae25eeaa61f11daa098872d3f967fd495c609cf623fcf1597e21963922b6b6b4944861509c7258648e719ee4f7ef57b411e23b67be959d93cf0439c85f331c600f4fc2bc4a70a95a564ae7d1cf970fadec6ebf8b24bcb8b29b527967b18c1731c6324e578e3d6b9c9ae2124b4665f2f398838f9c8ed5423d61f4fd4e38a7b3312238fbcd9e739aea6f92d2f2d96f2db5057c0ff0051267727b0ed5854a2e94acd1e8d3aded237b998f7735f3493cea15dba81fe7ad755e09d5b4ed16497cfb71189f3be7077127ae31d8735c839d80f3926b2754b996d91248df6b6e23f4aba4a57b43739f1118ce3696c7b9c1e2190dbc462b785a32836b19b1918e0e28af073afdfb92fb08ddce1738fc39a2baf9713d91e7fd5e81d8e890426ca37312160b6d825464656427f500fe02b62e228e485f7a2b60646e19c51457a9957f0a5ea71667fc68fa1c0f88c97d311d8e5883963d786e2aa5893b63e4f239a28af3f33fe29e9603f866c0ac4d77ef45f8ff4a28ae4c2ff00111d757e13a5b6b784dac24c31e760fe11e9451457b87947ffd9, 'jpg');
INSERT INTO `picture` (`id_picture`, `id_person`, `caption`, `picture`, `picture_format_name`, `mood`, `thumbnail`, `thumbnail_format_name`) VALUES
(5, 2, 'Profile Picture', 0xffd8ffe000104a46494600010200000100010000ffdb004300080606070605080707070909080a0c140d0c0b0b0c1912130f141d1a1f1e1d1a1c1c20242e2720222c231c1c2837292c30313434341f27393d38323c2e333432ffdb0043010909090c0b0c180d0d1832211c213232323232323232323232323232323232323232323232323232323232323232323232323232323232323232323232323232ffc0001108007700b403012200021101031101ffc4001f0000010501010101010100000000000000000102030405060708090a0bffc400b5100002010303020403050504040000017d01020300041105122131410613516107227114328191a1082342b1c11552d1f02433627282090a161718191a25262728292a3435363738393a434445464748494a535455565758595a636465666768696a737475767778797a838485868788898a92939495969798999aa2a3a4a5a6a7a8a9aab2b3b4b5b6b7b8b9bac2c3c4c5c6c7c8c9cad2d3d4d5d6d7d8d9dae1e2e3e4e5e6e7e8e9eaf1f2f3f4f5f6f7f8f9faffc4001f0100030101010101010101010000000000000102030405060708090a0bffc400b51100020102040403040705040400010277000102031104052131061241510761711322328108144291a1b1c109233352f0156272d10a162434e125f11718191a262728292a35363738393a434445464748494a535455565758595a636465666768696a737475767778797a82838485868788898a92939495969798999aa2a3a4a5a6a7a8a9aab2b3b4b5b6b7b8b9bac2c3c4c5c6c7c8c9cad2d3d4d5d6d7d8d9dae2e3e4e5e6e7e8e9eaf2f3f4f5f6f7f8f9faffda000c03010002110311003f00f398473534b1078597d45450f5ab4df72803886c25e303d8fcc7d056ae851bea7afdac4dfc720247a77fe55977ebb2fa7f4de6ba2f87d0197c516ce7a024fe9401f416856eb6d6ea8a3000c574708f7ac4b3e368addb7538a009f031d68f2c119eb4f094f500500665dd989232a07d2bccfc65e1b1751bc8a987c73c57b010b9acfd434f8ee918151cfb5007c93a8e9b35bcacaca7838208acf495a3386cedf7ed5ee9e2cf0586df3db852c392beb5e57a8e98a24742a524538653d6803178e19390698c81be61d695e292d988037467a8a7677a6411c77ff1a0060f43c1f5a40483fe14ff00bc70460f7a603b4ed6fce80251d3dbf955bb6970db49c67a30aa5d3a53948ddc75f4a00f5af05eb1ae6a464b18b504124401024192c3dabba8ac3c4ee38d461ffbf7ff00d7af08d0f5b974ed460bb46f9e36e4ff00787a1afa0f46f11daea16b0c8b32ef750c8d9fbdedf5a008869de281ff0031087fefdfff005ea4fb078a00ff008ff87fef8ffebd6ea6a568ea0f9cbcfbd5afb4c0532241401ca9b1f14e7fe3fe1ffbf7ff00d7a2ba917b6b8ff58bf9d1401f2d4320ddc9ab4f3a2465891c0ac1b879470848e6abcb2cc22f989e68033eee432dc3b9eed9aec7e1f1487c4366ac70640cbf8ed27fa5712c0e09f7addf0e5e49078834d2870de78009f7e3fad007d2b67730228df2a06f735b76d791119122903d0d79affc2242eed83ff68ca27619763d093fd2b327d1ee74965ff89e448474532ff89a00f6c49165195231ed52ae3a1af37f0df889edb10dd4e920278656c8aefe0bb4b88d4a743de8016f2e12da06909e8335c0ea7e39baf35a0d3e0f31f38dc7a575bae0dd0153d08c1ae0af641650bc96f12efec48e9fe27da802d5a697a9eb09e6ea37ad186e7cb8c63f5aafabfc3ed32e232c259c49d896cd606ab078dec2c62d425b9291cc3e58a361953d813d01ac17d63c62aacd15d4b31040d9b771f7ed8a00a1adf8665d3dd94112283d71cfe35c9cd6b240fb9178ee2bd4f4c8758d6e1275284238e3eee33599e21f0bb5b279a8bf5a00f39c86008e08fd29701d718e4751566f2d4a92506245ea3d4553560e38255a8003ba319182b4e5657e73834127bf5f5a8c8da723bfad004fb9a36ddd08efeb5d37867556dcd6e1ca1e1948ec6b94f30e318e3d0d49657a6d2f2399491b58671401ef9a2badd4256e015b8500b2f623fbc2ba2581b0ab1b12a45739a2ba6b7a65a4b64e524dbb92403ee37f129f635d768f76aeff0066b88843703f849e09f6a00a47459e43b964c03da8aea8471e39c51401f2a2c685b24671542f650e0a85ad548db90075a8db47731bca7b738a00e60a7de153698e5357b497fb9321fc88a95a1db23afa714cb75f2e6ddfdde9401eafe2a7f11c612df4b591a171f31453903eb505b78392eb4cb7940b993542c7cd69e26db823b6463835ea564892d9c6d81ca03fa568c16ad8e4803e9401e7ba2f81a7b01ba5b9333f19ec3df8af46d094c509858e761c03ed538b655524827eb52697102eed8c7340116a1891c21c5573a3dacd121788315391f5abf7b105b8c8a92df2063a8a00ca9344b69c0135bf98a3a06e45584d22da34da96e88bec056b85a1970b4018a74d8517010035cff8834e596d5b2bc639aebe5e339ac6d4cab44ca7906803e78f11d89b3bb6206083c5739710061e72719ebed5e8de38b0218b819c579da4bb26643d3a63d6802b799d16418f46a5dac067aafad3e450a71f790f3501568c168db2a4f4a000907a7e55137af4a56c3f20629bcfd6803d5fe1678bed2c239b4cd418c449df0cbd81ef93dbb57aa5e3437b0868d9966ece87f223fa1ffebd7cefa5ceb6ab637f04ad1cb1398a60aa090a4e4301dfa9fcabd5216d574ad31754d36ee2b9b650647424796ca4754e3e5f75a00eef4ed5e4bbb40d382b32131c9c7561dff1ebf8d150f83afa2bcd0ccec7cb99a66f391baabf191fca8a00f10b5506519ad162a55976f4159f6b8f31738ab17ee5248d62fbf21c67d0773401cbde4616ee500746c63d2a848364b81deafdeaf95772a062d863cfad654d2ed71401f4d786ae12f344b0983643c287f415d75bed095e33f0bb5e336862d1dbe6b67dbff013c8fea3f0af4f82f86dc93401af75711c30b16200c51a436509f539ae66f676beba8edd58edce5b1e95ab6da90d39f6cca447d9c0c8fc68036eee2dc335893dcc96f1348b9254f4a8b54f185ac51058b123b7400d67591bdd4a40f3955889ced1de8036ad75a0efe54c0c727a377fa569fda5597ad65dc58472c5f370c3a1f4ac9fb55c59cde4ca7729e15a80372eee00538358b23b4c08ea2a626498739a458c2a1a00e27c5765e6db3647415e1773917d2e0fdd35f43f88368b694b740a6be7a9d77bb3f7964623e99a006ef241cfe34d3f778e39e94f887383e9533c384e0679ce280339c7e148a4ee1c55a9620a4f3c75a8f002e55739fd2803a0f0ea417c5ac26c7241561d7d0f35b674bd574946b2b3d4dd6d6639785b9007b835c8e8d752596a115c2820a38c8af7af092697af992f3744f313b7c993aa0febde8020f0cdddad868eb1cb3379eec5e6771cbb7033d3d001f8515dd2786b4ec12f17cc4e4ec1c7e145007cf56d3625c6334ebabdb79c83e6795b78041c1ac9172527e39f7159f7771bee1805c64e49a009a725ee640a7712d8dc45644a71213d6ad89b64124bfc4c70b548f231dcf5a00ebfe1f6a8b65acf92cd849c6c3f5edfaff3af6db63232e33c015f32c13bdbcf1c884864390457d09e0df1043ad6930dc023cd036c8be8c3aff8d00694572b6576ed3610b9c02c7000ada6b9b631e669a3031eb50ded95a5f22a4f0a4913f0eac3208ac9d27c3b6de1bd5a5b98236bab5751fb890eed841e0ae7a7ff00aa8034cff63f127cac7b6075abb05e303b2d74e9df033f771c56d5aeada2fd8d008845b0eff2da3c1539a9ae75bc9ff41b632b6305dfe55fcfbd0060dd5d6a291066b35883217cbbf4c0ef5c9e9936bbaeea32dc5c431c3a6a2fc84039938ea3dabac7b596f2789afe5f39e224c6b8002e7f9d693aa18bc94181ed40155620b029c755e6abbe1633562e7f768173d2b1f50bc10c0496ed401c578f752169a35c0538771b17ea6bc661fdedcfb2af1f85747e3dd74ea3a89b789b724479e7f8bffad5cdd870b31ee13fad004d6b17997491e3962314fbefdd4e148e067351db49e55fc6ff00dd7a65ecbf6895c8ec49a004c93853cd5700c5211d569d131231d3153baef4c8ea2801554121d3ef76f7adbd1b5e7d2f5186e63254a919c1c1f7ae7637653d38eeb53b6d750c0e3de803e81b0f8a7a69b34f33ccdc383f2d15e1315bdfb460c71b329e854e4514014cdcc91e721491d4d532ecee588e49ab1b49e48fceab4876b6075a00249031541d0714b819a8c0c0cf7a9e28b78cf38f5f5a008b6f39f7adcf0a788a6f0f6acae0936d21db2a0fd08f7159aa8259d625e83ad40e856e1547506803e9bd0358b7d56de278a5574719520f5ad4bb574c3276e86be68f0d78baf3c377a1a225edcb65a2cfea3d0d7d15e16f1158789f4b5b8b690367865eea7d08a00b71eacc8bb5ecf7bfa800e6a417d7f7036451794b8ef5a96f6d11fe1191ed5752dd1790aa2803220b795133f3173d58d68247e547b98f35331556c920002b9fd6f5d82d508de063de801baade2a311babc97c75e30fb321b3b57dd7527439fb83d69be2df1e95dd05936e95b3973d14579834cf737125c4ae598f2598f24d003705e42cc49e7927f5ab76785867cf5c0fe755718419eb8e6a78cec5751dc0c9a00638db2313d41cd4633bf3eb52382c85b3c8e298983c81400e0a37640c1ab08540fad3307a8e334cdceb956c1e7838a00924419dc31cf7c5348c0c8fc45190460ad47bc2920e45005849caae1738fad155b23fbf45004c1ce003c81c73503e18e48039a68b9264c951b0f507d2976056c2b6e1d437a8a00548d49e6a7037aed5e07ad26d1803d298d27f0ae68026899206f97963deab4ac373367e76fd29aefe50e797ed50125be627eb400df289618e95b5e16f145f7853561776ac5a32712c24f0e3fc6b2e023927a0e86abbaf3f5a00fa5b43f8a1a0ea702b1bb58252398e5f94835af378db4d4e7ed6873d36b6735f2b5bbf972035da787efd5d96291b9ed9e9401eaba8f8e659894b389dbb6e6e05719aadcde5d2bc93bb313ced1d2ba3b2b581a10ccabc8eb59daf88e2b5f2e3e4c8768c0e4d007975fc2ee2499b3c9c0aa11ae1467b7cc7fa5753acdba41682204103a915cb4af8e40c64d003b2049c9e0d1bf2cdeb50465de4c0e7b01567ca0abf303d3ae28016361b4827af5a7431fce41a646a4be3bd48a4f73cad004cca0645444654afad29977727aff3a4c8618ef4008a0952a7a8a8e44c8e9835209086e7a8a7b8046f5f4e680297cddba51564aae7ff00af450065f2edf31ab0920002f6a28a0099d83104719a6038c807f3a28a00825c6fe79a70fbbc7345140088484f97bd3f682a411c834514009b79e9fad685bcad6a55c71b483c7a5145007a8787f5259acd72738e791ed497f2c4f2c97533361461703a0ffebd14500707ad6a1f6b628836aeee87f3ae7677cb841d4f268a2802e436a634de719c74a6962c7007028a2801f13614b0fbc9fca9b33fcfb8719eb4514010b120f04e0d1bdb3d68a28017cc3dff003a9226e7da8a2801c48538c51451401fffd9, 'jpg', NULL, 0xffd8ffe000104a46494600010200000100010000ffdb004300080606070605080707070909080a0c140d0c0b0b0c1912130f141d1a1f1e1d1a1c1c20242e2720222c231c1c2837292c30313434341f27393d38323c2e333432ffdb0043010909090c0b0c180d0d1832211c213232323232323232323232323232323232323232323232323232323232323232323232323232323232323232323232323232ffc00011080032003203012200021101031101ffc4001f0000010501010101010100000000000000000102030405060708090a0bffc400b5100002010303020403050504040000017d01020300041105122131410613516107227114328191a1082342b1c11552d1f02433627282090a161718191a25262728292a3435363738393a434445464748494a535455565758595a636465666768696a737475767778797a838485868788898a92939495969798999aa2a3a4a5a6a7a8a9aab2b3b4b5b6b7b8b9bac2c3c4c5c6c7c8c9cad2d3d4d5d6d7d8d9dae1e2e3e4e5e6e7e8e9eaf1f2f3f4f5f6f7f8f9faffc4001f0100030101010101010101010000000000000102030405060708090a0bffc400b51100020102040403040705040400010277000102031104052131061241510761711322328108144291a1b1c109233352f0156272d10a162434e125f11718191a262728292a35363738393a434445464748494a535455565758595a636465666768696a737475767778797a82838485868788898a92939495969798999aa2a3a4a5a6a7a8a9aab2b3b4b5b6b7b8b9bac2c3c4c5c6c7c8c9cad2d3d4d5d6d7d8d9dae2e3e4e5e6e7e8e9eaf2f3f4f5f6f7f8f9faffda000c03010002110311003f00f57b296078c059158fb1aba4aa4658e001d735e2da4c1ac7db2deef4ed196ce361b8a995f29cf46cf04fb0f5af5686796e746ccf81291b580f5a00e5bc4175a5f890bd8416525d4bce641f2aa9ff0078d79078a3c05a8694cd398d0a678789b3f98af61bef05c9a823eeba99014fdd79321408dfde38ebf4aa16df0d5ad65124dab5e4e98f9a2773b0fe04d007cf4e8c8c55d4861d41ef4cfbbd791eb5e8bf10fc2f1697399624db1375c76f7af3a60d19dadf81ec6801770f55a299b0ff00768a00fb06de18120dec5460679ed566d5166d358a8cee62c0d71eba8493e9caf92616c1661ce57d6af457ed756a574dd482c6c39f297ccc7d31d28036935386ddc452823fdaec3ebe9562e6ea21116523a5645bc22c6cdcc96f70f9fbf24cbb7278fef11eb54b4b135dc72cb2db4d6b0924c51cc7e6dbeb8ec0d0073be3bb3fed3d1e66dbc81915f3ef99b94a9ea09c1afa2fc6d7b169be1db995880446401ea4f4af9e6083cc963dbfc6703f950041b17fb9455962aae576f438a2803d3be1978d63681743d4640b227cb0bb1fbcbd87d47f2af59b595b4bb976b5578d663b9fc9504337a907bfbd7c9b707131684956dd9183c8af5df87ff16a0b5b55d37c47236f88e22bada5b70f46c77f7a00f60325c5fcab24b14adb7bca7f901c0a4d52e23b4b52f2b287c7af4ac49fe2269ad066c55ae58f4d8a71f99af2af1e789359d455a36668636059917fbbe99a00cbf887e2efeddbcfb05abe6d626f9dc74661e9ec2b91dc628eddd4f2a33fad570028018fd69e183820f71400cf324f5a29fe59a2802a27fac5fad35bfd77e3451401eade0124da9c9ce3a6699e301fbcbaf645c7eb451401e60fccc3356ff8c7e3451400f1d051451401ffd9, 'jpg');

-- --------------------------------------------------------

--
-- Table structure for table `proposition`
--

CREATE TABLE IF NOT EXISTS `proposition` (
  `id_person` bigint(20) NOT NULL,
  `id_proposition` bigint(20) NOT NULL,
  `created` datetime NOT NULL
) ENGINE=InnoDB DEFAULT CHARSET=utf8 COLLATE=utf8_unicode_ci;

-- --------------------------------------------------------

--
-- Table structure for table `question`
--

CREATE TABLE IF NOT EXISTS `question` (
  `id_question` bigint(20) NOT NULL,
  `created` datetime NOT NULL,
  `author` bigint(20) NOT NULL,
  `question` text COLLATE utf8_unicode_ci NOT NULL,
  `answer_a` text COLLATE utf8_unicode_ci NOT NULL,
  `answer_b` text COLLATE utf8_unicode_ci NOT NULL,
  `answer_c` text COLLATE utf8_unicode_ci,
  `answer_d` text COLLATE utf8_unicode_ci,
  `answer_e` text COLLATE utf8_unicode_ci,
  `char_attrib` int(11) DEFAULT NULL,
  `weight_a` int(11) DEFAULT NULL,
  `weight_b` int(11) DEFAULT NULL,
  `weight_c` int(11) DEFAULT NULL,
  `weight_d` int(11) DEFAULT NULL,
  `weight_e` int(11) DEFAULT NULL
) ENGINE=InnoDB AUTO_INCREMENT=43 DEFAULT CHARSET=utf8 COLLATE=utf8_unicode_ci;

--
-- Dumping data for table `question`
--

INSERT INTO `question` (`id_question`, `created`, `author`, `question`, `answer_a`, `answer_b`, `answer_c`, `answer_d`, `answer_e`, `char_attrib`, `weight_a`, `weight_b`, `weight_c`, `weight_d`, `weight_e`) VALUES
(1, '2012-03-22 15:27:04', 1, 'Which ice tea do you prefer?', 'Lipton', 'Migros', 'Greentea-honey ice tea', 'Homemade', NULL, NULL, NULL, NULL, NULL, NULL, NULL),
(2, '2012-05-14 15:45:23', 3, 'hallo', 'nq', 'id', 'iue', 'ueee', NULL, NULL, NULL, NULL, NULL, NULL, NULL),
(3, '2012-05-15 15:41:38', 3, 'the quest', 'antwort1', 'antwort2', 'antwort3', '', NULL, NULL, NULL, NULL, NULL, NULL, NULL),
(4, '2012-05-15 15:42:33', 3, 'tata', 'onldsfiiasidfi', '_', '', '', NULL, NULL, NULL, NULL, NULL, NULL, NULL),
(5, '2012-05-16 11:10:32', 3, 'TEST', 'test', 'test', 'test', 'test', NULL, NULL, NULL, NULL, NULL, NULL, NULL),
(6, '2012-05-16 11:25:01', 3, 'asdf', 'test', 'test', 'test', 'test', NULL, NULL, NULL, NULL, NULL, NULL, NULL),
(7, '2012-05-18 14:22:03', 3, 'hasdf', 'asdf', 'qwert', 'asdf', 'as34', NULL, NULL, NULL, NULL, NULL, NULL, NULL),
(8, '2012-05-22 11:32:15', 3, 'Frage ohne Ende', '1', '2', '3', '4', NULL, NULL, NULL, NULL, NULL, NULL, NULL),
(9, '2012-05-22 12:41:54', 3, 'NANA', '1', '2', '3', '4', NULL, NULL, NULL, NULL, NULL, NULL, NULL),
(10, '2012-05-22 16:13:30', 3, 'doh', 'gah', 'dii', 'eiuu', 'ow', NULL, NULL, NULL, NULL, NULL, NULL, NULL),
(11, '2012-05-22 16:14:28', 3, 'question', 'answerA', 'answerB', 'answerC', 'answerD', NULL, NULL, NULL, NULL, NULL, NULL, NULL),
(12, '2012-05-22 16:14:39', 3, 'question', 'answerA', 'answerB', 'answerC', 'answerD', NULL, NULL, NULL, NULL, NULL, NULL, NULL),
(13, '2012-05-22 16:14:55', 3, 'question', 'answerA', 'answerB', 'answerC', 'answerD', NULL, NULL, NULL, NULL, NULL, NULL, NULL),
(14, '2012-05-22 16:15:04', 3, 'question', 'answerA', 'answerB', 'answerC', 'answerD', NULL, NULL, NULL, NULL, NULL, NULL, NULL),
(15, '2012-05-23 09:40:56', 3, 'question', 'answerA', 'answerB', 'answerC', 'answerD', NULL, NULL, NULL, NULL, NULL, NULL, NULL),
(16, '2012-05-23 09:41:07', 3, 'question', 'answerA', 'answerB', 'answerC', 'answerD', NULL, NULL, NULL, NULL, NULL, NULL, NULL),
(17, '2012-05-23 11:02:26', 3, 'asdf', 'asdf', 'asdf', 'asdf', 'asdfe', NULL, NULL, NULL, NULL, NULL, NULL, NULL),
(18, '2012-05-23 11:02:37', 3, 'asdf', 'asdf', 'asdf', 'asdf', 'asdf', NULL, NULL, NULL, NULL, NULL, NULL, NULL),
(19, '2012-05-23 11:21:39', 3, 'question', 'answerA', 'answerB', 'answerC', 'answerD', NULL, NULL, NULL, NULL, NULL, NULL, NULL),
(20, '2012-05-23 11:47:32', 3, 'dse', 'asdf', 'asdfr', 'wrwe', 'qwe', NULL, NULL, NULL, NULL, NULL, NULL, NULL),
(21, '2012-05-23 11:48:36', 3, 'halo', 'dii', 'ieu', 'uueue', 'uuau', NULL, NULL, NULL, NULL, NULL, NULL, NULL),
(22, '2012-05-23 11:48:47', 3, 'bbb', 'iiiei', 'irewi', 'iioi', 'i', NULL, NULL, NULL, NULL, NULL, NULL, NULL),
(23, '2012-05-23 13:43:37', 3, 'Warum ist der Himmel blau?', 'Weiss ich doch nicht!', 'Darum', 'Frag einen Physiker', '', NULL, NULL, NULL, NULL, NULL, NULL, NULL),
(24, '2012-05-23 13:44:45', 3, 'Asdf', 'blaju', 'blisfjdk', '', '', NULL, NULL, NULL, NULL, NULL, NULL, NULL),
(25, '2012-05-24 14:58:00', 3, 'eeee', 'aaaa', 'ffff', 'eeeaasdf', 'ertttt', NULL, NULL, NULL, NULL, NULL, NULL, NULL),
(26, '2012-06-20 14:27:13', 3, 'Halloe', 'asdf', 'asdf', '', '', NULL, NULL, NULL, NULL, NULL, NULL, NULL),
(27, '2012-07-18 16:26:56', 3, 'schoen', 'nai', 'jo', 'lala', 'huhu', NULL, NULL, NULL, NULL, NULL, NULL, NULL),
(28, '2012-08-17 14:51:12', 3, 'asdf', 'adsf', 'adsf', 'asdffawr', 'asf', NULL, NULL, NULL, NULL, NULL, NULL, NULL),
(29, '2012-08-17 14:58:12', 3, 'asdf', '§asdf§', 'asdf', 'asdf', 'asdf', NULL, NULL, NULL, NULL, NULL, NULL, NULL),
(30, '2012-08-30 12:58:44', 3, 'hasdf', 'asdf', 'asf', 'asdf', 'sdf', NULL, NULL, NULL, NULL, NULL, NULL, NULL),
(31, '2012-09-10 14:49:51', 3, 'Was ist dein Lieblingsessen?', 'Pizza', 'Penne', 'Galleloni', 'Nudeln', NULL, NULL, NULL, NULL, NULL, NULL, NULL),
(32, '2012-09-13 11:40:21', 3, 'Die Frage', 'Ant', 'Antw', 'Antwo', 'Antwor', NULL, NULL, NULL, NULL, NULL, NULL, NULL),
(33, '2012-09-17 10:10:57', 3, 'Hallo', 'Hallor', 'Halloor', 'Hallloor', 'Haallloor', NULL, NULL, NULL, NULL, NULL, NULL, NULL),
(34, '2012-09-17 10:11:25', 3, 'Hallo', 'Hallor', 'Halloor', 'Hallloor', 'Haallloor', NULL, NULL, NULL, NULL, NULL, NULL, NULL),
(35, '2012-09-20 10:26:23', 3, 'Heyo', 'Hallo', 'irewi', 'die', 'err', NULL, NULL, NULL, NULL, NULL, NULL, NULL),
(36, '2012-10-27 21:30:41', 3, 'efdgbn', 'srtg', 'dfh', 'dh', 'dfh', NULL, NULL, NULL, NULL, NULL, NULL, NULL),
(37, '2012-11-05 15:02:57', 3, 'defe', 'efe', 'www', 'qqq', 'rth', NULL, NULL, NULL, NULL, NULL, NULL, NULL),
(38, '2013-04-04 14:58:54', 6, 'What''s you favorite color?', 'Blue', 'Red', 'Yellow', '', NULL, NULL, NULL, NULL, NULL, NULL, NULL),
(39, '2013-04-08 11:14:25', 6, 'is it important?', 'yes', 'no', 'maybe', '', NULL, NULL, NULL, NULL, NULL, NULL, NULL),
(40, '2013-05-07 15:44:47', 6, 'how are you?', 'good', 'bad', 'so so', '', NULL, NULL, NULL, NULL, NULL, NULL, NULL),
(41, '2013-05-07 16:36:27', 6, 'intrebare', 'da', 'nu', 'poate', 'nu stiu', NULL, NULL, NULL, NULL, NULL, NULL, NULL),
(42, '2013-05-08 09:16:51', 6, 'question ?', 'answer1', 'answer2', 'answer3', 'answer4', NULL, NULL, NULL, NULL, NULL, NULL, NULL);

-- --------------------------------------------------------

--
-- Table structure for table `questionstatistics`
--

CREATE TABLE IF NOT EXISTS `questionstatistics` (
  `id_question` bigint(20) NOT NULL,
  `total_replies` bigint(20) NOT NULL DEFAULT '0',
  `total_private_replies` bigint(20) NOT NULL DEFAULT '0',
  `total_marked_critical` bigint(20) NOT NULL DEFAULT '0',
  `total_chosen_a` bigint(20) NOT NULL DEFAULT '0',
  `total_chosen_b` bigint(20) NOT NULL DEFAULT '0',
  `total_chosen_c` bigint(20) NOT NULL DEFAULT '0',
  `total_chosen_d` bigint(20) NOT NULL DEFAULT '0',
  `total_chosen_e` bigint(20) NOT NULL DEFAULT '0'
) ENGINE=InnoDB DEFAULT CHARSET=utf8 COLLATE=utf8_unicode_ci;

-- --------------------------------------------------------

--
-- Table structure for table `religion`
--

CREATE TABLE IF NOT EXISTS `religion` (
  `id_religion` int(11) NOT NULL,
  `name` varchar(85) COLLATE utf8_unicode_ci NOT NULL
) ENGINE=InnoDB DEFAULT CHARSET=utf8 COLLATE=utf8_unicode_ci;

-- --------------------------------------------------------

--
-- Table structure for table `reply`
--

CREATE TABLE IF NOT EXISTS `reply` (
  `id_person` bigint(20) NOT NULL,
  `id_question` bigint(20) NOT NULL,
  `skipped` tinyint(1) NOT NULL DEFAULT '0',
  `private` tinyint(1) NOT NULL DEFAULT '0',
  `critical` tinyint(1) NOT NULL DEFAULT '0',
  `last_update` datetime NOT NULL,
  `importance` int(11) NOT NULL,
  `explanation` text COLLATE utf8_unicode_ci,
  `answer_a` tinyint(1) NOT NULL DEFAULT '0',
  `answer_b` tinyint(1) NOT NULL DEFAULT '0',
  `answer_c` tinyint(1) NOT NULL DEFAULT '0',
  `answer_d` tinyint(1) NOT NULL DEFAULT '0',
  `answer_e` tinyint(1) NOT NULL DEFAULT '0',
  `expected_a` tinyint(1) NOT NULL,
  `expected_b` tinyint(1) NOT NULL,
  `expected_c` tinyint(1) NOT NULL,
  `expected_d` tinyint(1) NOT NULL,
  `expected_e` tinyint(1) NOT NULL
) ENGINE=InnoDB DEFAULT CHARSET=utf8 COLLATE=utf8_unicode_ci;

--
-- Dumping data for table `reply`
--

INSERT INTO `reply` (`id_person`, `id_question`, `skipped`, `private`, `critical`, `last_update`, `importance`, `explanation`, `answer_a`, `answer_b`, `answer_c`, `answer_d`, `answer_e`, `expected_a`, `expected_b`, `expected_c`, `expected_d`, `expected_e`) VALUES
(1, 1, 0, 0, 0, '2012-04-17 21:48:30', 10, NULL, 1, 0, 0, 0, 0, 1, 0, 0, 0, 0),
(2, 1, 0, 0, 0, '2012-03-22 16:15:23', 10, NULL, 0, 1, 0, 0, 0, 0, 1, 0, 0, 0),
(3, 1, 0, 0, 0, '2012-10-27 21:31:16', 1, NULL, 0, 0, 1, 0, 0, 0, 0, 1, 0, 0),
(3, 2, 1, 0, 0, '2012-09-21 09:27:23', 0, NULL, 0, 0, 0, 0, 0, 0, 0, 0, 0, 0),
(3, 3, 1, 0, 0, '2012-08-17 14:55:20', 0, NULL, 0, 0, 0, 0, 0, 0, 0, 0, 0, 0),
(3, 4, 1, 0, 0, '2012-09-21 15:03:43', 0, NULL, 0, 0, 0, 0, 0, 0, 0, 0, 0, 0),
(3, 5, 0, 0, 0, '2012-09-21 15:41:55', 1, NULL, 0, 0, 1, 0, 0, 0, 0, 1, 0, 0),
(3, 6, 0, 0, 0, '2012-09-21 15:41:59', 50, NULL, 0, 0, 0, 1, 0, 0, 0, 0, 1, 0),
(3, 7, 0, 0, 0, '2012-09-21 14:54:50', 10, NULL, 0, 0, 0, 1, 0, 0, 0, 0, 1, 0),
(3, 8, 1, 0, 0, '2012-08-17 14:55:25', 0, NULL, 0, 0, 0, 0, 0, 0, 0, 0, 0, 0),
(3, 9, 1, 0, 0, '2012-08-17 14:55:28', 0, NULL, 0, 0, 0, 0, 0, 0, 0, 0, 0, 0),
(3, 10, 0, 0, 0, '2012-09-21 14:54:56', 50, NULL, 0, 0, 1, 0, 0, 0, 0, 1, 0, 0),
(3, 11, 1, 0, 0, '2012-08-17 14:57:53', 0, NULL, 0, 0, 0, 0, 0, 0, 0, 0, 0, 0),
(3, 12, 0, 0, 0, '2012-09-21 14:55:02', 1, NULL, 0, 0, 1, 0, 0, 0, 0, 1, 0, 0),
(3, 13, 1, 0, 0, '2012-08-30 12:59:35', 0, NULL, 0, 0, 0, 0, 0, 0, 0, 0, 0, 0),
(3, 14, 1, 0, 0, '2012-05-23 14:47:33', 0, NULL, 0, 0, 0, 0, 0, 0, 0, 0, 0, 0),
(3, 15, 1, 0, 0, '2012-05-23 14:47:32', 0, NULL, 0, 0, 0, 0, 0, 0, 0, 0, 0, 0),
(3, 16, 1, 0, 0, '2012-05-23 14:47:31', 0, NULL, 0, 0, 0, 0, 0, 0, 0, 0, 0, 0),
(3, 17, 1, 0, 0, '2012-05-23 14:47:30', 0, NULL, 0, 0, 0, 0, 0, 0, 0, 0, 0, 0),
(3, 18, 1, 0, 0, '2012-05-23 14:47:28', 0, NULL, 0, 0, 0, 0, 0, 0, 0, 0, 0, 0),
(3, 19, 1, 0, 0, '2012-05-23 14:47:27', 0, NULL, 0, 0, 0, 0, 0, 0, 0, 0, 0, 0),
(3, 20, 1, 0, 0, '2012-05-23 14:47:26', 0, NULL, 0, 0, 0, 0, 0, 0, 0, 0, 0, 0),
(3, 21, 1, 0, 0, '2012-05-23 14:47:25', 0, NULL, 0, 0, 0, 0, 0, 0, 0, 0, 0, 0),
(3, 22, 1, 0, 0, '2012-05-23 14:47:22', 0, NULL, 0, 0, 0, 0, 0, 0, 0, 0, 0, 0),
(3, 23, 1, 0, 0, '2012-09-10 14:51:41', 0, NULL, 0, 0, 0, 0, 0, 0, 0, 0, 0, 0),
(3, 24, 1, 0, 0, '2012-09-20 18:24:43', 0, NULL, 0, 0, 0, 0, 0, 0, 0, 0, 0, 0),
(3, 25, 1, 0, 0, '2012-09-21 13:40:06', 0, NULL, 0, 0, 0, 0, 0, 0, 0, 0, 0, 0),
(3, 26, 1, 0, 0, '2012-09-21 13:42:07', 0, NULL, 0, 0, 0, 0, 0, 0, 0, 0, 0, 0),
(3, 27, 1, 0, 0, '2012-09-21 13:43:28', 0, NULL, 0, 0, 0, 0, 0, 0, 0, 0, 0, 0),
(3, 28, 1, 0, 0, '2012-08-17 14:51:26', 0, NULL, 0, 0, 0, 0, 0, 0, 0, 0, 0, 0),
(3, 29, 1, 0, 0, '2012-08-17 14:58:21', 0, NULL, 0, 0, 0, 0, 0, 0, 0, 0, 0, 0),
(3, 30, 1, 0, 0, '2012-09-21 13:44:24', 0, NULL, 0, 0, 0, 0, 0, 0, 0, 0, 0, 0),
(3, 31, 1, 0, 0, '2012-09-21 13:47:25', 0, NULL, 0, 0, 0, 0, 0, 0, 0, 0, 0, 0),
(4, 1, 0, 1, 0, '2012-07-19 10:23:06', 1, NULL, 1, 0, 0, 0, 0, 1, 0, 0, 0, 0),
(4, 2, 0, 1, 0, '2012-07-19 10:23:28', 10, NULL, 0, 1, 0, 0, 0, 0, 1, 0, 0, 0),
(6, 1, 0, 0, 0, '2013-05-08 11:03:33', 0, NULL, 1, 0, 0, 0, 0, 1, 0, 0, 0, 0),
(6, 2, 0, 0, 0, '2013-05-07 16:08:19', 1, NULL, 0, 1, 0, 0, 0, 0, 1, 0, 0, 0),
(6, 3, 0, 1, 0, '2013-04-08 11:13:29', 10, NULL, 0, 1, 0, 0, 0, 0, 1, 0, 0, 0),
(6, 4, 0, 1, 0, '2013-04-08 11:13:40', 0, NULL, 0, 1, 0, 0, 0, 0, 1, 0, 0, 0),
(6, 5, 0, 1, 0, '2013-04-08 11:13:45', 250, NULL, 0, 0, 0, 1, 0, 0, 0, 0, 1, 0),
(6, 6, 0, 0, 0, '2013-05-07 16:37:30', 0, NULL, 0, 0, 1, 0, 0, 0, 0, 1, 0, 0),
(6, 7, 1, 0, 0, '2013-04-08 13:06:24', 0, NULL, 0, 0, 0, 0, 0, 0, 0, 0, 0, 0),
(6, 8, 1, 0, 0, '2013-04-08 13:06:33', 0, NULL, 0, 0, 0, 0, 0, 0, 0, 0, 0, 0),
(6, 9, 1, 0, 0, '2013-04-08 13:06:35', 0, NULL, 0, 0, 0, 0, 0, 0, 0, 0, 0, 0),
(6, 10, 1, 0, 0, '2013-04-08 13:06:38', 0, NULL, 0, 0, 0, 0, 0, 0, 0, 0, 0, 0),
(6, 11, 1, 0, 0, '2013-04-08 13:06:40', 0, NULL, 0, 0, 0, 0, 0, 0, 0, 0, 0, 0),
(6, 12, 1, 0, 0, '2013-04-08 13:06:42', 0, NULL, 0, 0, 0, 0, 0, 0, 0, 0, 0, 0),
(6, 13, 1, 0, 0, '2013-04-08 13:06:45', 0, NULL, 0, 0, 0, 0, 0, 0, 0, 0, 0, 0),
(6, 14, 1, 0, 0, '2013-04-08 13:06:49', 0, NULL, 0, 0, 0, 0, 0, 0, 0, 0, 0, 0),
(6, 15, 1, 0, 0, '2013-04-08 13:06:52', 0, NULL, 0, 0, 0, 0, 0, 0, 0, 0, 0, 0),
(6, 16, 1, 0, 0, '2013-04-08 13:06:54', 0, NULL, 0, 0, 0, 0, 0, 0, 0, 0, 0, 0),
(6, 17, 1, 0, 0, '2013-04-08 13:06:57', 0, NULL, 0, 0, 0, 0, 0, 0, 0, 0, 0, 0),
(6, 18, 1, 0, 0, '2013-04-08 13:07:00', 0, NULL, 0, 0, 0, 0, 0, 0, 0, 0, 0, 0),
(6, 19, 1, 0, 0, '2013-04-08 13:07:01', 0, NULL, 0, 0, 0, 0, 0, 0, 0, 0, 0, 0),
(6, 20, 1, 0, 0, '2013-04-08 13:07:05', 0, NULL, 0, 0, 0, 0, 0, 0, 0, 0, 0, 0),
(6, 21, 0, 1, 0, '2013-04-24 15:46:48', 1, NULL, 0, 1, 0, 0, 0, 0, 1, 0, 0, 0),
(6, 22, 0, 1, 0, '2013-04-24 15:47:03', 10, NULL, 0, 0, 1, 0, 0, 0, 0, 1, 0, 0),
(6, 23, 0, 1, 0, '2013-04-24 16:45:53', 0, NULL, 0, 0, 1, 0, 0, 0, 0, 1, 0, 0),
(6, 24, 0, 1, 0, '2013-05-07 15:33:16', 1, NULL, 1, 0, 0, 0, 0, 1, 0, 0, 0, 0),
(6, 25, 0, 1, 0, '2013-05-07 15:33:36', 10, NULL, 0, 0, 0, 1, 0, 0, 0, 0, 1, 0),
(6, 26, 0, 1, 0, '2013-05-07 15:35:38', 1, NULL, 0, 1, 0, 0, 0, 0, 1, 0, 0, 0),
(6, 27, 0, 1, 0, '2013-05-07 15:35:43', 10, NULL, 0, 0, 0, 1, 0, 0, 0, 0, 1, 0),
(6, 28, 0, 1, 0, '2013-05-07 15:36:16', 10, NULL, 0, 0, 0, 1, 0, 0, 0, 0, 1, 0),
(6, 29, 1, 0, 0, '2013-05-07 16:00:42', 0, NULL, 0, 0, 0, 0, 0, 0, 0, 0, 0, 0),
(6, 30, 0, 1, 0, '2013-05-07 16:00:47', 10, NULL, 0, 0, 0, 1, 0, 0, 0, 0, 1, 0),
(6, 31, 0, 1, 0, '2013-05-07 16:00:54', 10, NULL, 0, 0, 0, 1, 0, 0, 0, 0, 1, 0),
(6, 32, 1, 0, 0, '2013-05-07 16:04:34', 0, NULL, 0, 0, 0, 0, 0, 0, 0, 0, 0, 0),
(6, 33, 0, 1, 0, '2013-05-07 16:04:40', 10, NULL, 0, 0, 0, 1, 0, 0, 0, 0, 1, 0),
(6, 34, 0, 1, 0, '2013-05-07 16:04:45', 10, NULL, 0, 0, 0, 1, 0, 0, 0, 0, 1, 0),
(6, 35, 1, 0, 0, '2013-05-07 16:07:09', 0, NULL, 0, 0, 0, 0, 0, 0, 0, 0, 0, 0),
(6, 36, 0, 1, 0, '2013-05-07 16:07:39', 10, NULL, 0, 0, 0, 1, 0, 0, 0, 0, 1, 0),
(6, 37, 0, 1, 0, '2013-05-07 16:07:53', 10, NULL, 0, 0, 0, 1, 0, 0, 0, 0, 1, 0),
(6, 38, 0, 1, 0, '2013-05-07 16:36:42', 10, NULL, 0, 0, 1, 0, 0, 0, 0, 1, 0, 0),
(6, 39, 1, 0, 0, '2013-05-07 16:36:59', 0, NULL, 0, 0, 0, 0, 0, 0, 0, 0, 0, 0),
(6, 40, 0, 1, 0, '2013-05-07 16:37:07', 10, NULL, 0, 0, 1, 0, 0, 0, 0, 1, 0, 0),
(6, 41, 0, 1, 0, '2013-05-08 09:17:15', 1, NULL, 0, 0, 1, 0, 0, 0, 0, 1, 0, 0),
(6, 42, 0, 1, 0, '2013-05-08 09:17:22', 10, NULL, 0, 0, 0, 1, 0, 0, 0, 0, 1, 0);

-- --------------------------------------------------------

--
-- Table structure for table `seriousness`
--

CREATE TABLE IF NOT EXISTS `seriousness` (
  `weight` int(11) NOT NULL,
  `description` varchar(85) COLLATE utf8_unicode_ci NOT NULL
) ENGINE=InnoDB DEFAULT CHARSET=utf8 COLLATE=utf8_unicode_ci;

-- --------------------------------------------------------

--
-- Table structure for table `sign`
--

CREATE TABLE IF NOT EXISTS `sign` (
  `id_sign` tinyint(4) NOT NULL,
  `name` varchar(30) COLLATE utf8_unicode_ci NOT NULL,
  `month_from` tinyint(4) NOT NULL,
  `day_from` tinyint(4) NOT NULL,
  `month_to` tinyint(4) NOT NULL,
  `day_to` tinyint(4) NOT NULL
) ENGINE=InnoDB DEFAULT CHARSET=utf8 COLLATE=utf8_unicode_ci;

-- --------------------------------------------------------

--
-- Table structure for table `soulmates`
--

CREATE TABLE IF NOT EXISTS `soulmates` (
  `id_requester` bigint(20) NOT NULL,
  `id_requested` bigint(20) NOT NULL,
  `request_pending` tinyint(1) NOT NULL,
  `request_since` datetime DEFAULT NULL,
  `soulmates_since` datetime DEFAULT NULL
) ENGINE=InnoDB DEFAULT CHARSET=utf8 COLLATE=utf8_unicode_ci;

--
-- Dumping data for table `soulmates`
--

INSERT INTO `soulmates` (`id_requester`, `id_requested`, `request_pending`, `request_since`, `soulmates_since`) VALUES
(2, 3, 1, '2012-10-27 21:22:24', NULL),
(3, 4, 0, '2012-10-22 12:27:59', '2012-10-22 00:00:00'),
(5, 3, 0, '2012-10-10 00:00:00', '2012-10-10 17:25:01'),
(6, 3, 1, '2013-04-04 14:54:41', NULL);

-- --------------------------------------------------------

--
-- Table structure for table `statusupdate`
--

CREATE TABLE IF NOT EXISTS `statusupdate` (
  `id` int(11) NOT NULL,
  `id_person` bigint(20) NOT NULL,
  `id_when` datetime NOT NULL,
  `mood` int(11) DEFAULT NULL,
  `description` text COLLATE utf8_unicode_ci
) ENGINE=InnoDB DEFAULT CHARSET=utf8 COLLATE=utf8_unicode_ci;

-- --------------------------------------------------------

--
-- Table structure for table `tag`
--

CREATE TABLE IF NOT EXISTS `tag` (
  `id_tag` bigint(20) NOT NULL,
  `category` int(11) NOT NULL,
  `name` varchar(85) COLLATE utf8_unicode_ci NOT NULL
) ENGINE=InnoDB AUTO_INCREMENT=20 DEFAULT CHARSET=utf8 COLLATE=utf8_unicode_ci;

--
-- Dumping data for table `tag`
--

INSERT INTO `tag` (`id_tag`, `category`, `name`) VALUES
(1, 0, 'Aspirin'),
(2, 2, 'Scuba Diving'),
(3, 2, 'Reading'),
(4, 2, 'Movies'),
(5, 1, 'Pain'),
(6, 0, 'Humira'),
(7, 2, 'Programming'),
(8, 1, 'Headache'),
(9, 2, 'Sports'),
(10, 2, 'Music'),
(11, 2, 'Traveling'),
(12, 0, 'Algifore'),
(14, 1, '''alert("hallo");'''),
(15, 1, 'T'),
(16, 0, 'Test'),
(17, 0, 'AllHeiler'),
(18, 1, 'aaa'),
(19, 2, 'aaa');

-- --------------------------------------------------------

--
-- Table structure for table `visit`
--

CREATE TABLE IF NOT EXISTS `visit` (
  `id_visitor` bigint(20) NOT NULL,
  `id_visited` bigint(20) NOT NULL,
  `id_when` datetime NOT NULL
) ENGINE=InnoDB DEFAULT CHARSET=utf8 COLLATE=utf8_unicode_ci;

--
-- Indexes for dumped tables
--

--
-- Indexes for table `about`
--
ALTER TABLE `about`
  ADD PRIMARY KEY (`id_about`);

--
-- Indexes for table `accesslevel`
--
ALTER TABLE `accesslevel`
  ADD PRIMARY KEY (`id_access_level`), ADD UNIQUE KEY `description_UNIQUE` (`description`);

--
-- Indexes for table `characterattribute`
--
ALTER TABLE `characterattribute`
  ADD PRIMARY KEY (`id_character_attribute`);

--
-- Indexes for table `conversationgroup`
--
ALTER TABLE `conversationgroup`
  ADD PRIMARY KEY (`id_conversation_group`);

--
-- Indexes for table `conversationparticipant`
--
ALTER TABLE `conversationparticipant`
  ADD PRIMARY KEY (`id_person`,`id_conversation_group`), ADD KEY `fk_conversationparticipantPerson` (`id_person`), ADD KEY `fk_conversationparticipantConversationgroup` (`id_conversation_group`);

--
-- Indexes for table `diet`
--
ALTER TABLE `diet`
  ADD PRIMARY KEY (`id_diet`);

--
-- Indexes for table `education`
--
ALTER TABLE `education`
  ADD PRIMARY KEY (`id_education`);

--
-- Indexes for table `facebookfriendship`
--
ALTER TABLE `facebookfriendship`
  ADD PRIMARY KEY (`id_source`,`id_target`);

--
-- Indexes for table `facebookgroup`
--
ALTER TABLE `facebookgroup`
  ADD PRIMARY KEY (`id_group`), ADD UNIQUE KEY `fb_id_UNIQUE` (`gid`);

--
-- Indexes for table `facebookpage`
--
ALTER TABLE `facebookpage`
  ADD PRIMARY KEY (`id_page`);

--
-- Indexes for table `friendshiptype`
--
ALTER TABLE `friendshiptype`
  ADD PRIMARY KEY (`id_friendship`);

--
-- Indexes for table `importance`
--
ALTER TABLE `importance`
  ADD PRIMARY KEY (`weight`);

--
-- Indexes for table `job`
--
ALTER TABLE `job`
  ADD PRIMARY KEY (`id_job`);

--
-- Indexes for table `language`
--
ALTER TABLE `language`
  ADD PRIMARY KEY (`id_language`);

--
-- Indexes for table `languagelevel`
--
ALTER TABLE `languagelevel`
  ADD PRIMARY KEY (`id_languageLevel`);

--
-- Indexes for table `location`
--
ALTER TABLE `location`
  ADD PRIMARY KEY (`id_location`,`name`);

--
-- Indexes for table `lookingfor`
--
ALTER TABLE `lookingfor`
  ADD PRIMARY KEY (`id_person`), ADD KEY `fk_personLookingFor` (`id_person`);

--
-- Indexes for table `matching`
--
ALTER TABLE `matching`
  ADD PRIMARY KEY (`id_source`,`id_destination`), ADD KEY `fk_matchSource` (`id_source`), ADD KEY `fk_matchDestination` (`id_destination`);

--
-- Indexes for table `message`
--
ALTER TABLE `message`
  ADD PRIMARY KEY (`id_message`), ADD KEY `fk_messageConversationparticipant` (`conversation_group`), ADD KEY `fk_messagePerson` (`sender`);

--
-- Indexes for table `mood`
--
ALTER TABLE `mood`
  ADD PRIMARY KEY (`id_mood`);

--
-- Indexes for table `person`
--
ALTER TABLE `person`
  ADD PRIMARY KEY (`id_person`), ADD UNIQUE KEY `fb_id_UNIQUE` (`fb_id`), ADD KEY `fk_personDiet` (`diet`), ADD KEY `fk_personEducation` (`education`), ADD KEY `fk_personJob` (`job`), ADD KEY `fk_personReligion` (`religion`), ADD KEY `fk_personSign` (`sign`), ADD KEY `fk_personReligionSerious` (`religion_serious`), ADD KEY `fk_personSignSerious` (`sign_serious`), ADD KEY `fk_personAccessLevel` (`access_level`), ADD KEY `fk_personLocation` (`location`,`location_name`);

--
-- Indexes for table `personabout`
--
ALTER TABLE `personabout`
  ADD PRIMARY KEY (`id_person`,`id_about`), ADD KEY `fk_personAboutPerson` (`id_person`), ADD KEY `fk_personAboutAbout` (`id_about`);

--
-- Indexes for table `personblocked`
--
ALTER TABLE `personblocked`
  ADD PRIMARY KEY (`id_blocker`,`id_blocked`), ADD KEY `fk_blockedPerson` (`id_blocked`), ADD KEY `fk_blockerPerson` (`id_blocker`);

--
-- Indexes for table `personfacebookgroup`
--
ALTER TABLE `personfacebookgroup`
  ADD PRIMARY KEY (`id_person`,`id_group`), ADD KEY `fk_personGroupPerson` (`id_person`), ADD KEY `fk_personGroupGroup` (`id_group`);

--
-- Indexes for table `personfacebookpage`
--
ALTER TABLE `personfacebookpage`
  ADD PRIMARY KEY (`id_person`,`id_page`), ADD KEY `fk_personFacebookPagePerson` (`id_person`), ADD KEY `fk_personFacebookPageFacebookPage` (`id_page`);

--
-- Indexes for table `personfriendshiptype`
--
ALTER TABLE `personfriendshiptype`
  ADD PRIMARY KEY (`id_person`,`id_friendship`), ADD KEY `fk_friendTypePerson` (`id_person`), ADD KEY `fk_friendTypeFriendship` (`id_friendship`);

--
-- Indexes for table `personlanguage`
--
ALTER TABLE `personlanguage`
  ADD PRIMARY KEY (`id_person`,`id_language`), ADD KEY `fk_personLanguagePerson` (`id_person`), ADD KEY `fk_personLanguageLanguage` (`id_language`), ADD KEY `fk_personLanguageLevel` (`id_level`);

--
-- Indexes for table `personrating`
--
ALTER TABLE `personrating`
  ADD PRIMARY KEY (`id_rater`,`id_rated`), ADD KEY `fk_personRatingRator` (`id_rater`), ADD KEY `fk_personRatingRated` (`id_rated`);

--
-- Indexes for table `persontag`
--
ALTER TABLE `persontag`
  ADD PRIMARY KEY (`id_person`,`id_tag`), ADD KEY `fk_person` (`id_person`), ADD KEY `fk_tag` (`id_tag`);

--
-- Indexes for table `picture`
--
ALTER TABLE `picture`
  ADD PRIMARY KEY (`id_picture`,`id_person`), ADD KEY `fk_picture_person` (`id_person`), ADD KEY `fk_picture_mood` (`mood`);

--
-- Indexes for table `proposition`
--
ALTER TABLE `proposition`
  ADD PRIMARY KEY (`id_person`,`id_proposition`), ADD KEY `fk_propositionPerson` (`id_person`), ADD KEY `fk_propositionProps` (`id_proposition`);

--
-- Indexes for table `question`
--
ALTER TABLE `question`
  ADD PRIMARY KEY (`id_question`), ADD KEY `fk_questionAuthor` (`author`), ADD KEY `fk_questionCharAttrib` (`char_attrib`);

--
-- Indexes for table `questionstatistics`
--
ALTER TABLE `questionstatistics`
  ADD PRIMARY KEY (`id_question`), ADD KEY `fk_questionStatisticsQuestion` (`id_question`);

--
-- Indexes for table `religion`
--
ALTER TABLE `religion`
  ADD PRIMARY KEY (`id_religion`);

--
-- Indexes for table `reply`
--
ALTER TABLE `reply`
  ADD PRIMARY KEY (`id_person`,`id_question`), ADD KEY `fk_replyPerson` (`id_person`), ADD KEY `fk_replyQuestion` (`id_question`), ADD KEY `fk_replyImportance` (`importance`);

--
-- Indexes for table `seriousness`
--
ALTER TABLE `seriousness`
  ADD PRIMARY KEY (`weight`);

--
-- Indexes for table `sign`
--
ALTER TABLE `sign`
  ADD PRIMARY KEY (`id_sign`);

--
-- Indexes for table `soulmates`
--
ALTER TABLE `soulmates`
  ADD PRIMARY KEY (`id_requester`,`id_requested`), ADD KEY `fk_requesterPerson` (`id_requester`), ADD KEY `fk_requestedPerson` (`id_requested`);

--
-- Indexes for table `statusupdate`
--
ALTER TABLE `statusupdate`
  ADD PRIMARY KEY (`id`), ADD KEY `fk_statusupdatePerson` (`id_person`), ADD KEY `fk_statusupdateMood` (`mood`);

--
-- Indexes for table `tag`
--
ALTER TABLE `tag`
  ADD PRIMARY KEY (`id_tag`);

--
-- Indexes for table `visit`
--
ALTER TABLE `visit`
  ADD PRIMARY KEY (`id_visitor`,`id_visited`,`id_when`), ADD KEY `fk_visitVisitor` (`id_visitor`), ADD KEY `fk_visitVisited` (`id_visited`);

--
-- AUTO_INCREMENT for dumped tables
--

--
-- AUTO_INCREMENT for table `about`
--
ALTER TABLE `about`
  MODIFY `id_about` int(11) NOT NULL AUTO_INCREMENT;
--
-- AUTO_INCREMENT for table `accesslevel`
--
ALTER TABLE `accesslevel`
  MODIFY `id_access_level` int(11) NOT NULL AUTO_INCREMENT,AUTO_INCREMENT=3;
--
-- AUTO_INCREMENT for table `characterattribute`
--
ALTER TABLE `characterattribute`
  MODIFY `id_character_attribute` int(11) NOT NULL AUTO_INCREMENT;
--
-- AUTO_INCREMENT for table `conversationgroup`
--
ALTER TABLE `conversationgroup`
  MODIFY `id_conversation_group` bigint(20) NOT NULL AUTO_INCREMENT,AUTO_INCREMENT=10;
--
-- AUTO_INCREMENT for table `diet`
--
ALTER TABLE `diet`
  MODIFY `id_diet` int(11) NOT NULL AUTO_INCREMENT;
--
-- AUTO_INCREMENT for table `education`
--
ALTER TABLE `education`
  MODIFY `id_education` int(11) NOT NULL AUTO_INCREMENT;
--
-- AUTO_INCREMENT for table `facebookgroup`
--
ALTER TABLE `facebookgroup`
  MODIFY `id_group` bigint(20) NOT NULL AUTO_INCREMENT,AUTO_INCREMENT=38;
--
-- AUTO_INCREMENT for table `facebookpage`
--
ALTER TABLE `facebookpage`
  MODIFY `id_page` bigint(20) NOT NULL AUTO_INCREMENT,AUTO_INCREMENT=210;
--
-- AUTO_INCREMENT for table `friendshiptype`
--
ALTER TABLE `friendshiptype`
  MODIFY `id_friendship` int(11) NOT NULL AUTO_INCREMENT;
--
-- AUTO_INCREMENT for table `job`
--
ALTER TABLE `job`
  MODIFY `id_job` int(11) NOT NULL AUTO_INCREMENT;
--
-- AUTO_INCREMENT for table `language`
--
ALTER TABLE `language`
  MODIFY `id_language` int(11) NOT NULL AUTO_INCREMENT;
--
-- AUTO_INCREMENT for table `languagelevel`
--
ALTER TABLE `languagelevel`
  MODIFY `id_languageLevel` int(11) NOT NULL AUTO_INCREMENT;
--
-- AUTO_INCREMENT for table `message`
--
ALTER TABLE `message`
  MODIFY `id_message` bigint(20) NOT NULL AUTO_INCREMENT,AUTO_INCREMENT=97;
--
-- AUTO_INCREMENT for table `mood`
--
ALTER TABLE `mood`
  MODIFY `id_mood` int(11) NOT NULL AUTO_INCREMENT,AUTO_INCREMENT=18;
--
-- AUTO_INCREMENT for table `person`
--
ALTER TABLE `person`
  MODIFY `id_person` bigint(20) NOT NULL AUTO_INCREMENT,AUTO_INCREMENT=7;
--
-- AUTO_INCREMENT for table `picture`
--
ALTER TABLE `picture`
  MODIFY `id_picture` int(11) NOT NULL AUTO_INCREMENT,AUTO_INCREMENT=6;
--
-- AUTO_INCREMENT for table `question`
--
ALTER TABLE `question`
  MODIFY `id_question` bigint(20) NOT NULL AUTO_INCREMENT,AUTO_INCREMENT=43;
--
-- AUTO_INCREMENT for table `religion`
--
ALTER TABLE `religion`
  MODIFY `id_religion` int(11) NOT NULL AUTO_INCREMENT;
--
-- AUTO_INCREMENT for table `sign`
--
ALTER TABLE `sign`
  MODIFY `id_sign` tinyint(4) NOT NULL AUTO_INCREMENT;
--
-- AUTO_INCREMENT for table `statusupdate`
--
ALTER TABLE `statusupdate`
  MODIFY `id` int(11) NOT NULL AUTO_INCREMENT;
--
-- AUTO_INCREMENT for table `tag`
--
ALTER TABLE `tag`
  MODIFY `id_tag` bigint(20) NOT NULL AUTO_INCREMENT,AUTO_INCREMENT=20;
--
-- Constraints for dumped tables
--

--
-- Constraints for table `conversationparticipant`
--
ALTER TABLE `conversationparticipant`
ADD CONSTRAINT `fk_conversationparticipantConversationgroup` FOREIGN KEY (`id_conversation_group`) REFERENCES `conversationgroup` (`id_conversation_group`) ON DELETE NO ACTION ON UPDATE NO ACTION,
ADD CONSTRAINT `fk_conversationparticipantPerson` FOREIGN KEY (`id_person`) REFERENCES `person` (`id_person`) ON DELETE NO ACTION ON UPDATE NO ACTION;

--
-- Constraints for table `lookingfor`
--
ALTER TABLE `lookingfor`
ADD CONSTRAINT `fk_personLookingFor` FOREIGN KEY (`id_person`) REFERENCES `person` (`id_person`) ON DELETE CASCADE ON UPDATE CASCADE;

--
-- Constraints for table `matching`
--
ALTER TABLE `matching`
ADD CONSTRAINT `fk_matchDestination` FOREIGN KEY (`id_destination`) REFERENCES `person` (`id_person`) ON DELETE NO ACTION ON UPDATE NO ACTION,
ADD CONSTRAINT `fk_matchSource` FOREIGN KEY (`id_source`) REFERENCES `person` (`id_person`) ON DELETE NO ACTION ON UPDATE NO ACTION;

--
-- Constraints for table `message`
--
ALTER TABLE `message`
ADD CONSTRAINT `fk_messageConversationparticipant` FOREIGN KEY (`conversation_group`) REFERENCES `conversationgroup` (`id_conversation_group`) ON DELETE NO ACTION ON UPDATE NO ACTION,
ADD CONSTRAINT `fk_messagePerson` FOREIGN KEY (`sender`) REFERENCES `person` (`id_person`) ON DELETE NO ACTION ON UPDATE NO ACTION;

--
-- Constraints for table `person`
--
ALTER TABLE `person`
ADD CONSTRAINT `fk_personAccessLevel` FOREIGN KEY (`access_level`) REFERENCES `accesslevel` (`id_access_level`) ON DELETE NO ACTION ON UPDATE NO ACTION,
ADD CONSTRAINT `fk_personDiet` FOREIGN KEY (`diet`) REFERENCES `diet` (`id_diet`) ON DELETE NO ACTION ON UPDATE NO ACTION,
ADD CONSTRAINT `fk_personEducation` FOREIGN KEY (`education`) REFERENCES `education` (`id_education`) ON DELETE NO ACTION ON UPDATE NO ACTION,
ADD CONSTRAINT `fk_personJob` FOREIGN KEY (`job`) REFERENCES `job` (`id_job`) ON DELETE NO ACTION ON UPDATE NO ACTION,
ADD CONSTRAINT `fk_personLocation` FOREIGN KEY (`location`, `location_name`) REFERENCES `location` (`id_location`, `name`) ON DELETE NO ACTION ON UPDATE NO ACTION,
ADD CONSTRAINT `fk_personReligion` FOREIGN KEY (`religion`) REFERENCES `religion` (`id_religion`) ON DELETE NO ACTION ON UPDATE NO ACTION,
ADD CONSTRAINT `fk_personReligionSerious` FOREIGN KEY (`religion_serious`) REFERENCES `seriousness` (`weight`) ON DELETE NO ACTION ON UPDATE NO ACTION,
ADD CONSTRAINT `fk_personSign` FOREIGN KEY (`sign`) REFERENCES `sign` (`id_sign`) ON DELETE NO ACTION ON UPDATE NO ACTION,
ADD CONSTRAINT `fk_personSignSerious` FOREIGN KEY (`sign_serious`) REFERENCES `seriousness` (`weight`) ON DELETE NO ACTION ON UPDATE NO ACTION;

--
-- Constraints for table `personabout`
--
ALTER TABLE `personabout`
ADD CONSTRAINT `fk_personAboutAbout` FOREIGN KEY (`id_about`) REFERENCES `about` (`id_about`) ON DELETE NO ACTION ON UPDATE NO ACTION,
ADD CONSTRAINT `fk_personAboutPerson` FOREIGN KEY (`id_person`) REFERENCES `person` (`id_person`) ON DELETE NO ACTION ON UPDATE NO ACTION;

--
-- Constraints for table `personblocked`
--
ALTER TABLE `personblocked`
ADD CONSTRAINT `fk_blockedPerson` FOREIGN KEY (`id_blocked`) REFERENCES `person` (`id_person`) ON DELETE NO ACTION ON UPDATE NO ACTION,
ADD CONSTRAINT `fk_blockerPerson` FOREIGN KEY (`id_blocker`) REFERENCES `person` (`id_person`) ON DELETE NO ACTION ON UPDATE NO ACTION;

--
-- Constraints for table `personfacebookgroup`
--
ALTER TABLE `personfacebookgroup`
ADD CONSTRAINT `fk_personGroupGroup` FOREIGN KEY (`id_group`) REFERENCES `facebookgroup` (`id_group`) ON DELETE NO ACTION ON UPDATE NO ACTION,
ADD CONSTRAINT `fk_personGroupPerson` FOREIGN KEY (`id_person`) REFERENCES `person` (`id_person`) ON DELETE NO ACTION ON UPDATE NO ACTION;

--
-- Constraints for table `personfacebookpage`
--
ALTER TABLE `personfacebookpage`
ADD CONSTRAINT `fk_personFacebookPageFacebookPage` FOREIGN KEY (`id_page`) REFERENCES `facebookpage` (`id_page`) ON DELETE NO ACTION ON UPDATE NO ACTION,
ADD CONSTRAINT `fk_personFacebookPagePerson` FOREIGN KEY (`id_person`) REFERENCES `person` (`id_person`) ON DELETE NO ACTION ON UPDATE NO ACTION;

--
-- Constraints for table `personfriendshiptype`
--
ALTER TABLE `personfriendshiptype`
ADD CONSTRAINT `fk_friendTypeFriendship` FOREIGN KEY (`id_friendship`) REFERENCES `friendshiptype` (`id_friendship`) ON DELETE NO ACTION ON UPDATE NO ACTION,
ADD CONSTRAINT `fk_friendTypePerson` FOREIGN KEY (`id_person`) REFERENCES `person` (`id_person`) ON DELETE NO ACTION ON UPDATE NO ACTION;

--
-- Constraints for table `personlanguage`
--
ALTER TABLE `personlanguage`
ADD CONSTRAINT `fk_personLanguageLanguage` FOREIGN KEY (`id_language`) REFERENCES `language` (`id_language`) ON DELETE NO ACTION ON UPDATE NO ACTION,
ADD CONSTRAINT `fk_personLanguageLevel` FOREIGN KEY (`id_level`) REFERENCES `languagelevel` (`id_languageLevel`) ON DELETE NO ACTION ON UPDATE NO ACTION,
ADD CONSTRAINT `fk_personLanguagePerson` FOREIGN KEY (`id_person`) REFERENCES `person` (`id_person`) ON DELETE NO ACTION ON UPDATE NO ACTION;

--
-- Constraints for table `personrating`
--
ALTER TABLE `personrating`
ADD CONSTRAINT `fk_personRatingRated` FOREIGN KEY (`id_rated`) REFERENCES `person` (`id_person`) ON DELETE NO ACTION ON UPDATE NO ACTION,
ADD CONSTRAINT `fk_personRatingRator` FOREIGN KEY (`id_rater`) REFERENCES `person` (`id_person`) ON DELETE NO ACTION ON UPDATE NO ACTION;

--
-- Constraints for table `persontag`
--
ALTER TABLE `persontag`
ADD CONSTRAINT `fk_person` FOREIGN KEY (`id_person`) REFERENCES `person` (`id_person`) ON DELETE NO ACTION ON UPDATE NO ACTION,
ADD CONSTRAINT `fk_tag` FOREIGN KEY (`id_tag`) REFERENCES `tag` (`id_tag`) ON DELETE NO ACTION ON UPDATE NO ACTION;

--
-- Constraints for table `picture`
--
ALTER TABLE `picture`
ADD CONSTRAINT `fk_picture_mood` FOREIGN KEY (`mood`) REFERENCES `mood` (`id_mood`) ON DELETE NO ACTION ON UPDATE NO ACTION,
ADD CONSTRAINT `fk_picture_person` FOREIGN KEY (`id_person`) REFERENCES `person` (`id_person`) ON DELETE NO ACTION ON UPDATE NO ACTION;

--
-- Constraints for table `proposition`
--
ALTER TABLE `proposition`
ADD CONSTRAINT `fk_propositionPerson` FOREIGN KEY (`id_person`) REFERENCES `person` (`id_person`) ON DELETE NO ACTION ON UPDATE NO ACTION,
ADD CONSTRAINT `fk_propositionProps` FOREIGN KEY (`id_proposition`) REFERENCES `person` (`id_person`) ON DELETE NO ACTION ON UPDATE NO ACTION;

--
-- Constraints for table `question`
--
ALTER TABLE `question`
ADD CONSTRAINT `fk_questionAuthor` FOREIGN KEY (`author`) REFERENCES `person` (`id_person`) ON DELETE NO ACTION ON UPDATE NO ACTION,
ADD CONSTRAINT `fk_questionCharAttrib` FOREIGN KEY (`char_attrib`) REFERENCES `characterattribute` (`id_character_attribute`) ON DELETE NO ACTION ON UPDATE NO ACTION;

--
-- Constraints for table `questionstatistics`
--
ALTER TABLE `questionstatistics`
ADD CONSTRAINT `fk_questionStatisticsQuestion` FOREIGN KEY (`id_question`) REFERENCES `question` (`id_question`) ON DELETE NO ACTION ON UPDATE NO ACTION;

--
-- Constraints for table `reply`
--
ALTER TABLE `reply`
ADD CONSTRAINT `fk_replyImportance` FOREIGN KEY (`importance`) REFERENCES `importance` (`weight`) ON DELETE NO ACTION ON UPDATE NO ACTION,
ADD CONSTRAINT `fk_replyPerson` FOREIGN KEY (`id_person`) REFERENCES `person` (`id_person`) ON DELETE NO ACTION ON UPDATE NO ACTION,
ADD CONSTRAINT `fk_replyQuestion` FOREIGN KEY (`id_question`) REFERENCES `question` (`id_question`) ON DELETE NO ACTION ON UPDATE NO ACTION;

--
-- Constraints for table `soulmates`
--
ALTER TABLE `soulmates`
ADD CONSTRAINT `fk_requestedPerson` FOREIGN KEY (`id_requested`) REFERENCES `person` (`id_person`) ON DELETE NO ACTION ON UPDATE NO ACTION,
ADD CONSTRAINT `fk_requesterPerson` FOREIGN KEY (`id_requester`) REFERENCES `person` (`id_person`) ON DELETE NO ACTION ON UPDATE NO ACTION;

--
-- Constraints for table `statusupdate`
--
ALTER TABLE `statusupdate`
ADD CONSTRAINT `fk_statusupdateMood` FOREIGN KEY (`mood`) REFERENCES `mood` (`id_mood`) ON DELETE NO ACTION ON UPDATE NO ACTION,
ADD CONSTRAINT `fk_statusupdatePerson` FOREIGN KEY (`id_person`) REFERENCES `person` (`id_person`) ON DELETE NO ACTION ON UPDATE NO ACTION;

--
-- Constraints for table `visit`
--
ALTER TABLE `visit`
ADD CONSTRAINT `fk_visitVisited` FOREIGN KEY (`id_visited`) REFERENCES `person` (`id_person`) ON DELETE NO ACTION ON UPDATE NO ACTION,
ADD CONSTRAINT `fk_visitVisitor` FOREIGN KEY (`id_visitor`) REFERENCES `person` (`id_person`) ON DELETE NO ACTION ON UPDATE NO ACTION;

/*!40101 SET CHARACTER_SET_CLIENT=@OLD_CHARACTER_SET_CLIENT */;
/*!40101 SET CHARACTER_SET_RESULTS=@OLD_CHARACTER_SET_RESULTS */;
/*!40101 SET COLLATION_CONNECTION=@OLD_COLLATION_CONNECTION */;
