CREATE DATABASE  IF NOT EXISTS `youapp` /*!40100 DEFAULT CHARACTER SET utf8 COLLATE utf8_unicode_ci */;
USE `youapp`;
-- MySQL dump 10.13  Distrib 5.5.16, for Win32 (x86)
--
-- Host: localhost    Database: youapp
-- ------------------------------------------------------
-- Server version	5.5.27

/*!40101 SET @OLD_CHARACTER_SET_CLIENT=@@CHARACTER_SET_CLIENT */;
/*!40101 SET @OLD_CHARACTER_SET_RESULTS=@@CHARACTER_SET_RESULTS */;
/*!40101 SET @OLD_COLLATION_CONNECTION=@@COLLATION_CONNECTION */;
/*!40101 SET NAMES utf8 */;
/*!40103 SET @OLD_TIME_ZONE=@@TIME_ZONE */;
/*!40103 SET TIME_ZONE='+00:00' */;
/*!40014 SET @OLD_UNIQUE_CHECKS=@@UNIQUE_CHECKS, UNIQUE_CHECKS=0 */;
/*!40014 SET @OLD_FOREIGN_KEY_CHECKS=@@FOREIGN_KEY_CHECKS, FOREIGN_KEY_CHECKS=0 */;
/*!40101 SET @OLD_SQL_MODE=@@SQL_MODE, SQL_MODE='NO_AUTO_VALUE_ON_ZERO' */;
/*!40111 SET @OLD_SQL_NOTES=@@SQL_NOTES, SQL_NOTES=0 */;

--
-- Table structure for table `facebookgroup`
--

DROP TABLE IF EXISTS `facebookgroup`;
/*!40101 SET @saved_cs_client     = @@character_set_client */;
/*!40101 SET character_set_client = utf8 */;
CREATE TABLE `facebookgroup` (
  `id_group` bigint(20) NOT NULL AUTO_INCREMENT,
  `name` varchar(150) COLLATE utf8_unicode_ci NOT NULL,
  `gid` bigint(20) NOT NULL,
  `nid` bigint(20) DEFAULT NULL,
  `creator` bigint(20) DEFAULT NULL,
  `description` text COLLATE utf8_unicode_ci,
  `type` varchar(85) COLLATE utf8_unicode_ci DEFAULT NULL,
  `subtype` varchar(85) COLLATE utf8_unicode_ci DEFAULT NULL,
  `last_update` datetime DEFAULT NULL,
  `website` varchar(150) COLLATE utf8_unicode_ci DEFAULT NULL,
  PRIMARY KEY (`id_group`),
  UNIQUE KEY `fb_id_UNIQUE` (`gid`)
) ENGINE=InnoDB AUTO_INCREMENT=38 DEFAULT CHARSET=utf8 COLLATE=utf8_unicode_ci;
/*!40101 SET character_set_client = @saved_cs_client */;

--
-- Dumping data for table `facebookgroup`
--

LOCK TABLES `facebookgroup` WRITE;
/*!40000 ALTER TABLE `facebookgroup` DISABLE KEYS */;
INSERT INTO `facebookgroup` VALUES (1,'Marfan Syndrome',2204143971,NULL,NULL,NULL,NULL,NULL,NULL,NULL),(2,'Ernst Gutknecht: Ein Mathematiker, ein Held!',172833896184,NULL,NULL,NULL,NULL,NULL,NULL,NULL),(3,'Loft-Poker',294640773935309,NULL,NULL,NULL,NULL,NULL,NULL,NULL),(4,'Krav Maga Windisch',135892849684,NULL,NULL,NULL,NULL,NULL,NULL,NULL),(5,'I06 @ FHNW - der glorreiche Jahrgang',319390757714,NULL,NULL,NULL,NULL,NULL,NULL,NULL),(6,'JUSO Baden-Brugg (PrOST)',306751166036326,NULL,NULL,NULL,NULL,NULL,NULL,NULL),(7,'BM10e',308626719148995,NULL,NULL,NULL,NULL,NULL,NULL,NULL),(8,'JUSO Aargau',36809442212,NULL,NULL,NULL,NULL,NULL,NULL,NULL),(9,'Tamara Troxler\'s Hammersprüche bzw. \"Witze\"',159469627442876,NULL,NULL,NULL,NULL,NULL,NULL,NULL),(10,'4c(ool isch\'s gsi) <3 2006-2010',149071985127051,NULL,NULL,NULL,NULL,NULL,NULL,NULL),(11,'DiveZone',13135755062,NULL,NULL,NULL,NULL,NULL,NULL,NULL),(12,'Adina & Manu\'s \"Welcome Home Party\"',180898925372270,NULL,NULL,NULL,NULL,NULL,NULL,NULL),(13,'Bez. Kölliken 04-07',116015028538134,NULL,NULL,NULL,NULL,NULL,NULL,NULL),(14,'Global LCP 2012/13',306003282819778,NULL,NULL,NULL,NULL,NULL,NULL,NULL),(15,'LC Fribourg EB 2012/2013',360711683987662,NULL,NULL,NULL,NULL,NULL,NULL,NULL),(16,'Swiss LCPs 12/13',429590780403507,NULL,NULL,NULL,NULL,NULL,NULL,NULL),(17,'Cocomama',118987214828908,NULL,NULL,NULL,NULL,NULL,NULL,NULL),(18,'++ ICECREAM-SUPERSTAR - the creamy blog ++',140369932741731,NULL,NULL,NULL,NULL,NULL,NULL,NULL),(19,'WENA LDS Home Group',249686151792252,NULL,NULL,NULL,NULL,NULL,NULL,NULL),(20,'WENALDS 2012!',319925578068566,NULL,NULL,NULL,NULL,NULL,NULL,NULL),(21,'WENALDS 2012 Sharings!',382951278391423,NULL,NULL,NULL,NULL,NULL,NULL,NULL),(22,'Global Village Berne 2012',330144197021720,NULL,NULL,NULL,NULL,NULL,NULL,NULL),(23,'Kick Off 2012',285850921475379,NULL,NULL,NULL,NULL,NULL,NULL,NULL),(24,'Be.project by BearingPoint',346896511999585,NULL,NULL,NULL,NULL,NULL,NULL,NULL),(25,'SPREAD THE INSPIRATION',199625273467245,NULL,NULL,NULL,NULL,NULL,NULL,NULL),(26,'The word of the day/le mot du jour/das tägliche Wort',281700445200774,NULL,NULL,NULL,NULL,NULL,NULL,NULL),(27,'LC FRIBOURG',140543777599,NULL,NULL,NULL,NULL,NULL,NULL,NULL),(28,'IUR I - Université de Fribourg - 2011-2012',163182967107791,NULL,NULL,NULL,NULL,NULL,NULL,NULL),(29,'Mondaysnobs',284844811545322,NULL,NULL,NULL,NULL,NULL,NULL,NULL),(30,'Centre Fries',8977451245,NULL,NULL,NULL,NULL,NULL,NULL,NULL),(31,'4LIGA',184101878305185,NULL,NULL,NULL,NULL,NULL,NULL,NULL),(32,'Sbic-elianer!',101049393314221,NULL,NULL,NULL,NULL,NULL,NULL,NULL),(33,'Flintstones',195075773857664,NULL,NULL,NULL,NULL,NULL,NULL,NULL),(34,'Projekt Berlin',438446709528003,NULL,NULL,NULL,NULL,NULL,NULL,NULL),(35,'YouMeIBD',221961054598286,NULL,NULL,NULL,NULL,NULL,NULL,NULL),(36,'Japan',466500203402272,NULL,NULL,NULL,NULL,NULL,NULL,NULL),(37,'AG/CH - Friends of Friends',380173318669599,NULL,NULL,NULL,NULL,NULL,NULL,NULL);
/*!40000 ALTER TABLE `facebookgroup` ENABLE KEYS */;
UNLOCK TABLES;

--
-- Table structure for table `personblocked`
--

DROP TABLE IF EXISTS `personblocked`;
/*!40101 SET @saved_cs_client     = @@character_set_client */;
/*!40101 SET character_set_client = utf8 */;
CREATE TABLE `personblocked` (
  `id_blocker` bigint(20) NOT NULL,
  `id_blocked` bigint(20) NOT NULL,
  `since` datetime DEFAULT NULL,
  PRIMARY KEY (`id_blocker`,`id_blocked`),
  KEY `fk_blockedPerson` (`id_blocked`),
  KEY `fk_blockerPerson` (`id_blocker`),
  CONSTRAINT `fk_blockedPerson` FOREIGN KEY (`id_blocked`) REFERENCES `person` (`id_person`) ON DELETE NO ACTION ON UPDATE NO ACTION,
  CONSTRAINT `fk_blockerPerson` FOREIGN KEY (`id_blocker`) REFERENCES `person` (`id_person`) ON DELETE NO ACTION ON UPDATE NO ACTION
) ENGINE=InnoDB DEFAULT CHARSET=utf8 COLLATE=utf8_unicode_ci;
/*!40101 SET character_set_client = @saved_cs_client */;

--
-- Dumping data for table `personblocked`
--

LOCK TABLES `personblocked` WRITE;
/*!40000 ALTER TABLE `personblocked` DISABLE KEYS */;
/*!40000 ALTER TABLE `personblocked` ENABLE KEYS */;
UNLOCK TABLES;

--
-- Table structure for table `lookingfor`
--

DROP TABLE IF EXISTS `lookingfor`;
/*!40101 SET @saved_cs_client     = @@character_set_client */;
/*!40101 SET character_set_client = utf8 */;
CREATE TABLE `lookingfor` (
  `id_person` bigint(20) NOT NULL,
  `gender` char(1) COLLATE utf8_unicode_ci NOT NULL,
  `age_from` tinyint(4) NOT NULL,
  `age_to` tinyint(4) NOT NULL,
  `distance` int(11) DEFAULT NULL,
  `same_country` tinyint(1) NOT NULL DEFAULT '0',
  `same_city` tinyint(1) NOT NULL DEFAULT '0',
  `anywhere` tinyint(1) NOT NULL DEFAULT '1',
  PRIMARY KEY (`id_person`),
  KEY `fk_personLookingFor` (`id_person`),
  CONSTRAINT `fk_personLookingFor` FOREIGN KEY (`id_person`) REFERENCES `person` (`id_person`) ON DELETE CASCADE ON UPDATE CASCADE
) ENGINE=InnoDB DEFAULT CHARSET=utf8 COLLATE=utf8_unicode_ci;
/*!40101 SET character_set_client = @saved_cs_client */;

--
-- Dumping data for table `lookingfor`
--

LOCK TABLES `lookingfor` WRITE;
/*!40000 ALTER TABLE `lookingfor` DISABLE KEYS */;
/*!40000 ALTER TABLE `lookingfor` ENABLE KEYS */;
UNLOCK TABLES;

--
-- Table structure for table `sign`
--

DROP TABLE IF EXISTS `sign`;
/*!40101 SET @saved_cs_client     = @@character_set_client */;
/*!40101 SET character_set_client = utf8 */;
CREATE TABLE `sign` (
  `id_sign` tinyint(4) NOT NULL AUTO_INCREMENT,
  `name` varchar(30) COLLATE utf8_unicode_ci NOT NULL,
  `month_from` tinyint(4) NOT NULL,
  `day_from` tinyint(4) NOT NULL,
  `month_to` tinyint(4) NOT NULL,
  `day_to` tinyint(4) NOT NULL,
  PRIMARY KEY (`id_sign`)
) ENGINE=InnoDB DEFAULT CHARSET=utf8 COLLATE=utf8_unicode_ci;
/*!40101 SET character_set_client = @saved_cs_client */;

--
-- Dumping data for table `sign`
--

LOCK TABLES `sign` WRITE;
/*!40000 ALTER TABLE `sign` DISABLE KEYS */;
/*!40000 ALTER TABLE `sign` ENABLE KEYS */;
UNLOCK TABLES;

--
-- Table structure for table `facebookfriendship`
--

DROP TABLE IF EXISTS `facebookfriendship`;
/*!40101 SET @saved_cs_client     = @@character_set_client */;
/*!40101 SET character_set_client = utf8 */;
CREATE TABLE `facebookfriendship` (
  `id_source` bigint(20) NOT NULL,
  `id_target` bigint(20) NOT NULL,
  PRIMARY KEY (`id_source`,`id_target`)
) ENGINE=InnoDB DEFAULT CHARSET=utf8 COLLATE=utf8_unicode_ci;
/*!40101 SET character_set_client = @saved_cs_client */;

--
-- Dumping data for table `facebookfriendship`
--

LOCK TABLES `facebookfriendship` WRITE;
/*!40000 ALTER TABLE `facebookfriendship` DISABLE KEYS */;
INSERT INTO `facebookfriendship` VALUES (514580703,79300277),(514580703,210100447),(514580703,507067440),(514580703,514322805),(514580703,538165390),(514580703,554585908),(514580703,564396061),(514580703,584677401),(514580703,599776549),(514580703,603704688),(514580703,605801105),(514580703,609236192),(514580703,610691395),(514580703,624856661),(514580703,638465207),(514580703,640059377),(514580703,640103487),(514580703,660767278),(514580703,673848705),(514580703,678204394),(514580703,684986788),(514580703,689449370),(514580703,690528284),(514580703,726090886),(514580703,726923659),(514580703,744830831),(514580703,750654494),(514580703,753007053),(514580703,762660689),(514580703,764624467),(514580703,769309516),(514580703,776264078),(514580703,783359603),(514580703,785339588),(514580703,790911379),(514580703,820219110),(514580703,822675383),(514580703,905785076),(514580703,907760320),(514580703,1036253068),(514580703,1060359733),(514580703,1072841708),(514580703,1082790275),(514580703,1103644430),(514580703,1115495576),(514580703,1154164022),(514580703,1155122347),(514580703,1161518281),(514580703,1188950790),(514580703,1189084853),(514580703,1197193505),(514580703,1220716169),(514580703,1229591727),(514580703,1231761346),(514580703,1249931839),(514580703,1252161617),(514580703,1257111037),(514580703,1265202697),(514580703,1281852588),(514580703,1298087201),(514580703,1304022040),(514580703,1329752726),(514580703,1338087617),(514580703,1358556289),(514580703,1368258513),(514580703,1377204424),(514580703,1394349118),(514580703,1395514158),(514580703,1422661081),(514580703,1440324064),(514580703,1446347874),(514580703,1452588155),(514580703,1460241898),(514580703,1494344208),(514580703,1502703907),(514580703,1516214972),(514580703,1524991583),(514580703,1537815650),(514580703,1568831997),(514580703,1574978381),(514580703,1595911905),(514580703,1597235208),(514580703,1600488750),(514580703,1637874324),(514580703,1646402420),(514580703,1693856349),(514580703,1710201003),(514580703,1752229431),(514580703,1756117558),(514580703,1828325479),(514580703,1836261801),(514580703,100000030293607),(514580703,100000048530637),(514580703,100000072263249),(514580703,100000153991685),(514580703,100000155887671),(514580703,100000163051065),(514580703,100000185608770),(514580703,100000203326532),(514580703,100000206185212),(514580703,100000207622875),(514580703,100000212585367),(514580703,100000218028588),(514580703,100000218276626),(514580703,100000219436069),(514580703,100000228373433),(514580703,100000241975043),(514580703,100000262546179),(514580703,100000275056029),(514580703,100000278952887),(514580703,100000280146499),(514580703,100000285171868),(514580703,100000316311656),(514580703,100000348990675),(514580703,100000361321069),(514580703,100000384505883),(514580703,100000394127582),(514580703,100000406970912),(514580703,100000407456650),(514580703,100000419086181),(514580703,100000419713463),(514580703,100000433858309),(514580703,100000437118150),(514580703,100000445114491),(514580703,100000450797869),(514580703,100000465385513),(514580703,100000478530290),(514580703,100000516117596),(514580703,100000526117696),(514580703,100000531072805),(514580703,100000539957301),(514580703,100000544917250),(514580703,100000552043920),(514580703,100000586522299),(514580703,100000600468514),(514580703,100000608477338),(514580703,100000616773731),(514580703,100000622725051),(514580703,100000625119438),(514580703,100000680732780),(514580703,100000688346503),(514580703,100000690212221),(514580703,100000702016689),(514580703,100000712971112),(514580703,100000716385832),(514580703,100000727648144),(514580703,100000731389584),(514580703,100000731858913),(514580703,100000738206487),(514580703,100000746118097),(514580703,100000748026747),(514580703,100000761090937),(514580703,100000766300635),(514580703,100000778950253),(514580703,100000785411966),(514580703,100000805752478),(514580703,100000808206798),(514580703,100000815492352),(514580703,100000874069529),(514580703,100000875927360),(514580703,100000916862977),(514580703,100000928984517),(514580703,100000930067248),(514580703,100000943247859),(514580703,100000966972732),(514580703,100000986252546),(514580703,100001039294248),(514580703,100001043133582),(514580703,100001091513166),(514580703,100001211228243),(514580703,100001300891853),(514580703,100001308448601),(514580703,100001338470943),(514580703,100001363351117),(514580703,100001369923795),(514580703,100001418226717),(514580703,100001462340345),(514580703,100001482393522),(514580703,100001576738297),(514580703,100001636622802),(514580703,100001725871842),(514580703,100001830270678),(514580703,100001887236442),(514580703,100001890169136),(514580703,100001897932145),(514580703,100001940517912),(514580703,100001979972123),(514580703,100002069394341),(514580703,100002269159186),(514580703,100002344744513),(514580703,100002354038413),(514580703,100002415994270),(514580703,100002419390972),(514580703,100002523729584),(514580703,100002886507761),(514580703,100002906624978),(514580703,100002955846996),(514580703,100003086867443),(514580703,100003150576393),(514580703,100003196111231),(514580703,100003322329176),(514580703,100003931084461),(514580703,100004289702560),(514580703,100004742132988),(514580703,100004976583870),(514580703,100005008234286),(698827801,513986947),(698827801,528307744),(698827801,554952235),(698827801,556500261),(698827801,556644030),(698827801,569232671),(698827801,586044227),(698827801,591543636),(698827801,597479947),(698827801,629681854),(698827801,645192082),(698827801,648741387),(698827801,649787744),(698827801,652537597),(698827801,665361998),(698827801,665780089),(698827801,666006092),(698827801,666202068),(698827801,666302778),(698827801,666490519),(698827801,707616396),(698827801,713757670),(698827801,714425726),(698827801,715787158),(698827801,722710747),(698827801,729595972),(698827801,730405777),(698827801,740530743),(698827801,756780961),(698827801,770679609),(698827801,770822570),(698827801,779837041),(698827801,783754033),(698827801,784253307),(698827801,785408587),(698827801,785921601),(698827801,786502434),(698827801,820892968),(698827801,866515248),(698827801,1002986929),(698827801,1016841880),(698827801,1019791201),(698827801,1027654825),(698827801,1035097947),(698827801,1040408122),(698827801,1044872559),(698827801,1045540801),(698827801,1046758879),(698827801,1049390090),(698827801,1050843817),(698827801,1052226025),(698827801,1054477279),(698827801,1054952098),(698827801,1055465729),(698827801,1076283657),(698827801,1076569203),(698827801,1080907185),(698827801,1091732286),(698827801,1126894941),(698827801,1135636974),(698827801,1137265249),(698827801,1141224263),(698827801,1146964094),(698827801,1154580375),(698827801,1156731335),(698827801,1166340645),(698827801,1190033924),(698827801,1190461783),(698827801,1195538208),(698827801,1200352272),(698827801,1203422570),(698827801,1209947464),(698827801,1210614880),(698827801,1215997079),(698827801,1219932403),(698827801,1234292637),(698827801,1255196563),(698827801,1261579581),(698827801,1263081263),(698827801,1268024929),(698827801,1273024264),(698827801,1286529613),(698827801,1290275832),(698827801,1307709250),(698827801,1313415999),(698827801,1314313946),(698827801,1333140706),(698827801,1336543990),(698827801,1346501539),(698827801,1351274046),(698827801,1351882018),(698827801,1356797510),(698827801,1357887188),(698827801,1363464667),(698827801,1368139575),(698827801,1369243971),(698827801,1370071033),(698827801,1378869929),(698827801,1379665907),(698827801,1384887786),(698827801,1397320790),(698827801,1404093973),(698827801,1418937176),(698827801,1421499118),(698827801,1430329713),(698827801,1448348455),(698827801,1451323051),(698827801,1465309854),(698827801,1474511389),(698827801,1475105167),(698827801,1493755797),(698827801,1513462658),(698827801,1517351678),(698827801,1527041125),(698827801,1542725090),(698827801,1551876883),(698827801,1557296069),(698827801,1558225900),(698827801,1558451416),(698827801,1583135483),(698827801,1584005070),(698827801,1584813754),(698827801,1612842694),(698827801,1629942037),(698827801,1708609764),(698827801,100000122066375),(698827801,100000137427660),(698827801,100000338599167),(698827801,100000381724228),(698827801,100000487189710),(698827801,100000553339295),(698827801,100000860062124),(698827801,100000930582589),(698827801,100001381680193),(698827801,100001678245282),(698827801,100002117326166),(698827801,100002200970151),(698827801,100002300782607),(1447030326,705340),(1447030326,1529853),(1447030326,501592400),(1447030326,503045902),(1447030326,503322227),(1447030326,506004191),(1447030326,506248986),(1447030326,507354686),(1447030326,511603545),(1447030326,514897232),(1447030326,516296724),(1447030326,518930325),(1447030326,519087752),(1447030326,520412160),(1447030326,520862930),(1447030326,521271684),(1447030326,528556212),(1447030326,529203443),(1447030326,529905857),(1447030326,530824611),(1447030326,530874099),(1447030326,532612840),(1447030326,532889689),(1447030326,533288000),(1447030326,533348211),(1447030326,533606548),(1447030326,534200083),(1447030326,535563370),(1447030326,538153858),(1447030326,540750994),(1447030326,542119463),(1447030326,547118890),(1447030326,552023080),(1447030326,552169611),(1447030326,552194975),(1447030326,553492738),(1447030326,555298448),(1447030326,555360988),(1447030326,556446589),(1447030326,558999732),(1447030326,561783412),(1447030326,563250038),(1447030326,563384761),(1447030326,567240799),(1447030326,567561680),(1447030326,568245466),(1447030326,569928254),(1447030326,571195130),(1447030326,571203157),(1447030326,571977111),(1447030326,572705471),(1447030326,573502145),(1447030326,576905110),(1447030326,578512185),(1447030326,580545422),(1447030326,581110892),(1447030326,586167581),(1447030326,587100131),(1447030326,590202038),(1447030326,590876669),(1447030326,592417726),(1447030326,593181046),(1447030326,595278384),(1447030326,595466091),(1447030326,596057257),(1447030326,597475194),(1447030326,597475480),(1447030326,597672228),(1447030326,602259353),(1447030326,602656352),(1447030326,606319571),(1447030326,607698166),(1447030326,609331763),(1447030326,609492701),(1447030326,609633001),(1447030326,609854122),(1447030326,610172731),(1447030326,611054876),(1447030326,616020580),(1447030326,624112349),(1447030326,627174821),(1447030326,629905311),(1447030326,630539180),(1447030326,630766611),(1447030326,632304535),(1447030326,635115166),(1447030326,636857532),(1447030326,639589101),(1447030326,639846873),(1447030326,643379529),(1447030326,643869587),(1447030326,651919059),(1447030326,661378814),(1447030326,668167622),(1447030326,672668715),(1447030326,674744718),(1447030326,675689627),(1447030326,677671630),(1447030326,678361943),(1447030326,681145055),(1447030326,681812164),(1447030326,682162831),(1447030326,685158816),(1447030326,685746022),(1447030326,690001122),(1447030326,694667840),(1447030326,698149896),(1447030326,704975982),(1447030326,706498919),(1447030326,707226251),(1447030326,709909010),(1447030326,711414649),(1447030326,713267025),(1447030326,715756007),(1447030326,718500482),(1447030326,724958773),(1447030326,725732343),(1447030326,728713078),(1447030326,730534872),(1447030326,737194171),(1447030326,737454484),(1447030326,739408353),(1447030326,742302181),(1447030326,747385569),(1447030326,750221420),(1447030326,754747297),(1447030326,757022262),(1447030326,758173928),(1447030326,760535214),(1447030326,763997247),(1447030326,769325093),(1447030326,770009951),(1447030326,773547286),(1447030326,774692828),(1447030326,774768623),(1447030326,781320060),(1447030326,781769828),(1447030326,781808999),(1447030326,783528655),(1447030326,783565452),(1447030326,785339030),(1447030326,786285571),(1447030326,788783490),(1447030326,789075971),(1447030326,817299675),(1447030326,843847883),(1447030326,848765316),(1447030326,855395092),(1447030326,867730626),(1447030326,897170275),(1447030326,1001648798),(1447030326,1003252881),(1447030326,1006322992),(1447030326,1007726900),(1447030326,1008007866),(1447030326,1012536492),(1447030326,1013576674),(1447030326,1014330735),(1447030326,1015242411),(1447030326,1016373183),(1447030326,1017982016),(1447030326,1024698796),(1447030326,1028705001),(1447030326,1029635948),(1447030326,1032354009),(1447030326,1033337683),(1447030326,1036277590),(1447030326,1041510864),(1447030326,1041973257),(1447030326,1042537939),(1447030326,1044663087),(1447030326,1045498179),(1447030326,1045596530),(1447030326,1048680925),(1447030326,1049985995),(1447030326,1050667516),(1447030326,1053680132),(1447030326,1059006689),(1447030326,1060854216),(1447030326,1062482548),(1447030326,1066848285),(1447030326,1067005071),(1447030326,1068192311),(1447030326,1069567338),(1447030326,1076597024),(1447030326,1077936256),(1447030326,1078014050),(1447030326,1086131515),(1447030326,1086803018),(1447030326,1090207784),(1447030326,1091721477),(1447030326,1100201359),(1447030326,1100631920),(1447030326,1105611760),(1447030326,1110831668),(1447030326,1111905815),(1447030326,1114902719),(1447030326,1115873741),(1447030326,1116115054),(1447030326,1116908019),(1447030326,1117294741),(1447030326,1118661949),(1447030326,1119523755),(1447030326,1123311634),(1447030326,1124377785),(1447030326,1125865341),(1447030326,1128693785),(1447030326,1129025221),(1447030326,1130164470),(1447030326,1130533100),(1447030326,1130783523),(1447030326,1131555220),(1447030326,1133260303),(1447030326,1133982441),(1447030326,1134984752),(1447030326,1135166847),(1447030326,1135192182),(1447030326,1149279400),(1447030326,1158234019),(1447030326,1159103543),(1447030326,1162733527),(1447030326,1162843157),(1447030326,1169332647),(1447030326,1173242855),(1447030326,1175543811),(1447030326,1176721117),(1447030326,1181022842),(1447030326,1183882251),(1447030326,1186973406),(1447030326,1187091417),(1447030326,1192428049),(1447030326,1199453133),(1447030326,1207396948),(1447030326,1207622385),(1447030326,1212241778),(1447030326,1215771693),(1447030326,1216162995),(1447030326,1218236103),(1447030326,1218476429),(1447030326,1223762351),(1447030326,1224434995),(1447030326,1234669314),(1447030326,1242202708),(1447030326,1245822500),(1447030326,1246231553),(1447030326,1247051404),(1447030326,1247494854),(1447030326,1257901222),(1447030326,1270985993),(1447030326,1273321048),(1447030326,1275640028),(1447030326,1276623341),(1447030326,1279937162),(1447030326,1280777801),(1447030326,1281827605),(1447030326,1283081420),(1447030326,1286195981),(1447030326,1288571747),(1447030326,1290670045),(1447030326,1294850870),(1447030326,1295314788),(1447030326,1299642059),(1447030326,1300329178),(1447030326,1302835800),(1447030326,1314464980),(1447030326,1318806403),(1447030326,1320737506),(1447030326,1323321758),(1447030326,1328417219),(1447030326,1332280942),(1447030326,1333105731),(1447030326,1333129031),(1447030326,1333790719),(1447030326,1333989221),(1447030326,1336212304),(1447030326,1344438729),(1447030326,1345037132),(1447030326,1345788861),(1447030326,1347306282),(1447030326,1348530690),(1447030326,1348550315),(1447030326,1350407170),(1447030326,1350837040),(1447030326,1351501426),(1447030326,1355810008),(1447030326,1362730651),(1447030326,1363512736),(1447030326,1365168112),(1447030326,1366047050),(1447030326,1367731462),(1447030326,1368069500),(1447030326,1372855708),(1447030326,1379736498),(1447030326,1380901215),(1447030326,1383961437),(1447030326,1385144300),(1447030326,1386369831),(1447030326,1386504825),(1447030326,1386793583),(1447030326,1389874587),(1447030326,1391028981),(1447030326,1393381001),(1447030326,1396986357),(1447030326,1398063688),(1447030326,1400247385),(1447030326,1401006402),(1447030326,1404530697),(1447030326,1404804809),(1447030326,1405835095),(1447030326,1406001082),(1447030326,1406383898),(1447030326,1409118529),(1447030326,1409777427),(1447030326,1416009681),(1447030326,1418100901),(1447030326,1419754342),(1447030326,1419866900),(1447030326,1421401108),(1447030326,1423174886),(1447030326,1423581191),(1447030326,1423673960),(1447030326,1424347929),(1447030326,1425244710),(1447030326,1425688028),(1447030326,1427722606),(1447030326,1427944345),(1447030326,1432205003),(1447030326,1434765038),(1447030326,1435434580),(1447030326,1436494023),(1447030326,1436962696),(1447030326,1441667487),(1447030326,1442891776),(1447030326,1444806284),(1447030326,1445066432),(1447030326,1446061251),(1447030326,1446832218),(1447030326,1447555057),(1447030326,1451497788),(1447030326,1454101997),(1447030326,1456041181),(1447030326,1457500436),(1447030326,1459083427),(1447030326,1462461436),(1447030326,1462565677),(1447030326,1469124105),(1447030326,1471120376),(1447030326,1471565063),(1447030326,1478066349),(1447030326,1479304705),(1447030326,1481052082),(1447030326,1481282490),(1447030326,1481493455),(1447030326,1481630882),(1447030326,1482154679),(1447030326,1483867557),(1447030326,1485396365),(1447030326,1486489330),(1447030326,1488274696),(1447030326,1488308064),(1447030326,1490270224),(1447030326,1492767592),(1447030326,1492986871),(1447030326,1493542596),(1447030326,1496570800),(1447030326,1497274714),(1447030326,1500974957),(1447030326,1503781010),(1447030326,1503948106),(1447030326,1505003008),(1447030326,1507634161),(1447030326,1510893256),(1447030326,1512091553),(1447030326,1520607073),(1447030326,1522483633),(1447030326,1523228674),(1447030326,1524637716),(1447030326,1524654786),(1447030326,1526117167),(1447030326,1530352351),(1447030326,1533307921),(1447030326,1533369511),(1447030326,1534548201),(1447030326,1535307547),(1447030326,1536429194),(1447030326,1537300541),(1447030326,1537462988),(1447030326,1537691578),(1447030326,1538326783),(1447030326,1538412569),(1447030326,1540146390),(1447030326,1544994630),(1447030326,1546016849),(1447030326,1550929999),(1447030326,1554600600),(1447030326,1555915929),(1447030326,1565630377),(1447030326,1567848225),(1447030326,1568266716),(1447030326,1568538236),(1447030326,1571161479),(1447030326,1576662791),(1447030326,1582696547),(1447030326,1592770708),(1447030326,1597164627),(1447030326,1602240676),(1447030326,1602422919),(1447030326,1603001088),(1447030326,1604353809),(1447030326,1609422156),(1447030326,1609592723),(1447030326,1609622739),(1447030326,1613531033),(1447030326,1614405650),(1447030326,1616451869),(1447030326,1616885039),(1447030326,1617159803),(1447030326,1618824520),(1447030326,1620279648),(1447030326,1622626495),(1447030326,1624062388),(1447030326,1625412883),(1447030326,1629489641),(1447030326,1635331308),(1447030326,1639775518),(1447030326,1640244063),(1447030326,1643257422),(1447030326,1645214252),(1447030326,1650483825),(1447030326,1653162043),(1447030326,1658450047),(1447030326,1658973617),(1447030326,1668147628),(1447030326,1672742568),(1447030326,1706068734),(1447030326,1832236595),(1447030326,100000020762344),(1447030326,100000100252096),(1447030326,100000102018433),(1447030326,100000105961153),(1447030326,100000135622557),(1447030326,100000160055530),(1447030326,100000160282732),(1447030326,100000161253781),(1447030326,100000190545501),(1447030326,100000208344907),(1447030326,100000279713338),(1447030326,100000380746672),(1447030326,100000401452896),(1447030326,100000512492648),(1447030326,100000570598149),(1447030326,100000698297868),(1447030326,100000702824783),(1447030326,100000741101584),(1447030326,100000762752842),(1447030326,100000839513769),(1447030326,100000888277338),(1447030326,100000948088694),(1447030326,100000966972732),(1447030326,100001012239304),(1447030326,100001042376597),(1447030326,100001118556256),(1447030326,100001218844384),(1447030326,100001224859344),(1447030326,100001239128640),(1447030326,100001381216559),(1447030326,100001445331398),(1447030326,100001486269878),(1447030326,100001488976237),(1447030326,100001583857764),(1447030326,100001587345656),(1447030326,100001646950111),(1447030326,100001686046159),(1447030326,100001719230082),(1447030326,100001760205637),(1447030326,100001789985625),(1447030326,100001801744129),(1447030326,100001825744572),(1447030326,100001960739046),(1447030326,100001993657478),(1447030326,100002072432242),(1447030326,100002308531230),(1447030326,100002327421293),(1447030326,100002429887506),(1447030326,100002553796278),(1447030326,100002636530465),(1447030326,100002649311571),(1447030326,100002690243064),(1447030326,100002886860766),(1447030326,100002922120919),(1447030326,100002927753305),(1447030326,100002954257561),(1447030326,100002968222090),(1447030326,100003251812737),(1447030326,100003469115074),(1447030326,100003472014007),(1447030326,100003533651799),(1447030326,100003537942823),(1447030326,100004024110470),(100000966972732,404853),(100000966972732,705340),(100000966972732,9802466),(100000966972732,28135454),(100000966972732,121100813),(100000966972732,121403804),(100000966972732,122500373),(100000966972732,164201325),(100000966972732,500394566),(100000966972732,510772158),(100000966972732,514470761),(100000966972732,515715387),(100000966972732,529461927),(100000966972732,529653006),(100000966972732,535376266),(100000966972732,557510213),(100000966972732,561615381),(100000966972732,593172008),(100000966972732,610270632),(100000966972732,626182889),(100000966972732,632115071),(100000966972732,649787744),(100000966972732,670433554),(100000966972732,682057500),(100000966972732,690764177),(100000966972732,698827801),(100000966972732,724321711),(100000966972732,729361514),(100000966972732,731239967),(100000966972732,734710390),(100000966972732,742356888),(100000966972732,747385569),(100000966972732,767885602),(100000966972732,789450838),(100000966972732,801452887),(100000966972732,1001177277),(100000966972732,1039018795),(100000966972732,1045503949),(100000966972732,1061633830),(100000966972732,1065962533),(100000966972732,1073161306),(100000966972732,1083291704),(100000966972732,1085643757),(100000966972732,1096663054),(100000966972732,1104040489),(100000966972732,1118276176),(100000966972732,1121911499),(100000966972732,1141224263),(100000966972732,1149669218),(100000966972732,1174366116),(100000966972732,1180770372),(100000966972732,1182409069),(100000966972732,1182420336),(100000966972732,1194773768),(100000966972732,1203394254),(100000966972732,1208545655),(100000966972732,1227788017),(100000966972732,1245081854),(100000966972732,1245707761),(100000966972732,1257551529),(100000966972732,1259876708),(100000966972732,1263567476),(100000966972732,1264016677),(100000966972732,1266373302),(100000966972732,1269258367),(100000966972732,1278428457),(100000966972732,1283002409),(100000966972732,1288689646),(100000966972732,1298259655),(100000966972732,1352127219),(100000966972732,1358424532),(100000966972732,1361816036),(100000966972732,1362645184),(100000966972732,1375428818),(100000966972732,1382770972),(100000966972732,1403297165),(100000966972732,1410171453),(100000966972732,1411037058),(100000966972732,1412780970),(100000966972732,1421372642),(100000966972732,1436921697),(100000966972732,1447030326),(100000966972732,1449787373),(100000966972732,1450308735),(100000966972732,1451262938),(100000966972732,1472060978),(100000966972732,1475105167),(100000966972732,1476497717),(100000966972732,1482662501),(100000966972732,1484856549),(100000966972732,1489313915),(100000966972732,1502134354),(100000966972732,1504396267),(100000966972732,1505097957),(100000966972732,1507066015),(100000966972732,1544095767),(100000966972732,1548242639),(100000966972732,1549952288),(100000966972732,1550385364),(100000966972732,1550415403),(100000966972732,1552747018),(100000966972732,1557247134),(100000966972732,1558125446),(100000966972732,1562085018),(100000966972732,1573426117),(100000966972732,1610165086),(100000966972732,1633076719),(100000966972732,1639823365),(100000966972732,1649501565),(100000966972732,1664123674),(100000966972732,1676336267),(100000966972732,1677012755),(100000966972732,1727238078),(100000966972732,1733320117),(100000966972732,1766724200),(100000966972732,1802204274),(100000966972732,1809226318),(100000966972732,100000013792911),(100000966972732,100000016465451),(100000966972732,100000068297596),(100000966972732,100000105091998),(100000966972732,100000126511909),(100000966972732,100000130397275),(100000966972732,100000154796310),(100000966972732,100000164025441),(100000966972732,100000166597943),(100000966972732,100000253343674),(100000966972732,100000276084862),(100000966972732,100000328131660),(100000966972732,100000333184389),(100000966972732,100000341089202),(100000966972732,100000370558074),(100000966972732,100000399722930),(100000966972732,100000403239154),(100000966972732,100000430731976),(100000966972732,100000495152513),(100000966972732,100000563423574),(100000966972732,100000582428883),(100000966972732,100000604572865),(100000966972732,100000608480496),(100000966972732,100000614466779),(100000966972732,100000638162500),(100000966972732,100000696030151),(100000966972732,100000708450403),(100000966972732,100000721509525),(100000966972732,100000902079735),(100000966972732,100000913507995),(100000966972732,100000956992633),(100000966972732,100001098669660),(100000966972732,100001169588766),(100000966972732,100001195576336),(100000966972732,100001199014011),(100000966972732,100001211464254),(100000966972732,100001280403256),(100000966972732,100001290192237),(100000966972732,100001682092356),(100000966972732,100001696126900),(100000966972732,100001870097895),(100000966972732,100001907595831),(100000966972732,100002007808719),(100000966972732,100002117326166),(100000966972732,100002175374713),(100000966972732,100002299887543),(100000966972732,100002330768804),(100000966972732,100002450285392),(100000966972732,100002498033494),(100000966972732,100002599578310),(100000966972732,100003308434114),(100000966972732,100003541962124),(100000966972732,100003556138599),(100000966972732,100003767307285),(100000966972732,100003847904030),(100000966972732,100004034304699),(100000966972732,100004038682840),(100002117326166,503767429),(100002117326166,510196179),(100002117326166,513501287),(100002117326166,539752543),(100002117326166,540963824),(100002117326166,563488034),(100002117326166,568022323),(100002117326166,575438147),(100002117326166,576113346),(100002117326166,587015754),(100002117326166,635396816),(100002117326166,649787744),(100002117326166,651155953),(100002117326166,657564113),(100002117326166,661615563),(100002117326166,662943534),(100002117326166,669839706),(100002117326166,675299060),(100002117326166,698827801),(100002117326166,715831725),(100002117326166,726071684),(100002117326166,767067434),(100002117326166,769327088),(100002117326166,771609838),(100002117326166,784085493),(100002117326166,817424161),(100002117326166,848239889),(100002117326166,1017524175),(100002117326166,1027428013),(100002117326166,1036548769),(100002117326166,1038711800),(100002117326166,1043558475),(100002117326166,1054064843),(100002117326166,1086295967),(100002117326166,1141224263),(100002117326166,1151407950),(100002117326166,1161126632),(100002117326166,1163592099),(100002117326166,1187067760),(100002117326166,1197974806),(100002117326166,1200352272),(100002117326166,1239200131),(100002117326166,1266975091),(100002117326166,1271372185),(100002117326166,1302466103),(100002117326166,1310652184),(100002117326166,1322607456),(100002117326166,1333140706),(100002117326166,1337787987),(100002117326166,1342771739),(100002117326166,1357887188),(100002117326166,1362962109),(100002117326166,1374390122),(100002117326166,1397320790),(100002117326166,1403895596),(100002117326166,1405371957),(100002117326166,1420088516),(100002117326166,1428377587),(100002117326166,1435483106),(100002117326166,1448348455),(100002117326166,1475105167),(100002117326166,1482662501),(100002117326166,1486082951),(100002117326166,1493755797),(100002117326166,1495350844),(100002117326166,1499869477),(100002117326166,1517397682),(100002117326166,1518795090),(100002117326166,1520979871),(100002117326166,1524351495),(100002117326166,1542649082),(100002117326166,1583135483),(100002117326166,1607913072),(100002117326166,1739213346),(100002117326166,100000137427660),(100002117326166,100000138313367),(100002117326166,100000265061724),(100002117326166,100000553339295),(100002117326166,100000789592019),(100002117326166,100001029534652),(100002117326166,100001588535245),(100002117326166,100001838606265),(100002117326166,100002043199780),(100002117326166,100002075569987),(100002117326166,100002329288207),(100002117326166,100002603777546),(100003847904030,100000966972732);
/*!40000 ALTER TABLE `facebookfriendship` ENABLE KEYS */;
UNLOCK TABLES;

--
-- Table structure for table `proposition`
--

DROP TABLE IF EXISTS `proposition`;
/*!40101 SET @saved_cs_client     = @@character_set_client */;
/*!40101 SET character_set_client = utf8 */;
CREATE TABLE `proposition` (
  `id_person` bigint(20) NOT NULL,
  `id_proposition` bigint(20) NOT NULL,
  `created` datetime NOT NULL,
  PRIMARY KEY (`id_person`,`id_proposition`),
  KEY `fk_propositionPerson` (`id_person`),
  KEY `fk_propositionProps` (`id_proposition`),
  CONSTRAINT `fk_propositionPerson` FOREIGN KEY (`id_person`) REFERENCES `person` (`id_person`) ON DELETE NO ACTION ON UPDATE NO ACTION,
  CONSTRAINT `fk_propositionProps` FOREIGN KEY (`id_proposition`) REFERENCES `person` (`id_person`) ON DELETE NO ACTION ON UPDATE NO ACTION
) ENGINE=InnoDB DEFAULT CHARSET=utf8 COLLATE=utf8_unicode_ci;
/*!40101 SET character_set_client = @saved_cs_client */;

--
-- Dumping data for table `proposition`
--

LOCK TABLES `proposition` WRITE;
/*!40000 ALTER TABLE `proposition` DISABLE KEYS */;
/*!40000 ALTER TABLE `proposition` ENABLE KEYS */;
UNLOCK TABLES;

--
-- Table structure for table `statusupdate`
--

DROP TABLE IF EXISTS `statusupdate`;
/*!40101 SET @saved_cs_client     = @@character_set_client */;
/*!40101 SET character_set_client = utf8 */;
CREATE TABLE `statusupdate` (
  `id_person` bigint(20) NOT NULL,
  `id_when` datetime NOT NULL,
  `mood` int(11) DEFAULT NULL,
  `description` text COLLATE utf8_unicode_ci,
  PRIMARY KEY (`id_person`,`id_when`),
  KEY `fk_statusupdatePerson` (`id_person`),
  KEY `fk_statusupdateMood` (`mood`),
  CONSTRAINT `fk_statusupdateMood` FOREIGN KEY (`mood`) REFERENCES `mood` (`id_mood`) ON DELETE NO ACTION ON UPDATE NO ACTION,
  CONSTRAINT `fk_statusupdatePerson` FOREIGN KEY (`id_person`) REFERENCES `person` (`id_person`) ON DELETE NO ACTION ON UPDATE NO ACTION
) ENGINE=InnoDB DEFAULT CHARSET=utf8 COLLATE=utf8_unicode_ci;
/*!40101 SET character_set_client = @saved_cs_client */;

--
-- Dumping data for table `statusupdate`
--

LOCK TABLES `statusupdate` WRITE;
/*!40000 ALTER TABLE `statusupdate` DISABLE KEYS */;
INSERT INTO `statusupdate` VALUES (3,'2012-09-20 13:24:15',15,'1'),(3,'2012-09-20 13:24:30',NULL,'2'),(3,'2012-09-20 13:24:33',NULL,'3'),(3,'2012-09-20 13:24:37',NULL,'4'),(3,'2012-09-20 13:24:40',NULL,'5'),(3,'2012-09-20 13:24:51',NULL,'7'),(3,'2012-09-20 13:24:53',NULL,'8'),(3,'2012-09-20 13:24:56',NULL,'9'),(3,'2012-09-20 13:24:59',NULL,'10'),(3,'2012-09-20 13:25:23',NULL,'14'),(3,'2012-09-20 13:25:30',NULL,'16'),(3,'2012-09-20 13:25:33',NULL,'17'),(3,'2012-09-20 13:25:43',NULL,'20'),(3,'2012-09-20 13:25:46',NULL,'21'),(3,'2012-09-20 13:25:49',NULL,'22'),(3,'2012-09-20 13:25:51',NULL,'23'),(3,'2012-09-20 13:40:47',16,'25'),(3,'2012-09-21 17:06:07',NULL,'26'),(3,'2012-09-21 17:06:11',NULL,'27'),(3,'2012-09-21 17:06:13',NULL,'28'),(3,'2012-09-21 17:06:25',NULL,'29'),(3,'2012-09-21 17:06:42',NULL,'30'),(3,'2012-09-21 17:07:04',NULL,'31'),(3,'2012-09-21 17:07:07',NULL,'32'),(3,'2012-09-21 17:07:22',NULL,'33'),(3,'2012-09-24 16:17:49',NULL,'Hallo'),(3,'2012-10-11 17:45:17',16,'sdf'),(3,'2012-10-18 10:13:26',15,'asdf'),(3,'2012-10-18 10:34:34',17,'df'),(3,'2012-10-18 13:29:40',NULL,'df'),(3,'2012-10-19 13:42:39',NULL,'nööp'),(3,'2012-10-19 13:49:16',NULL,'eff'),(3,'2012-10-19 13:49:34',NULL,'qq'),(3,'2012-10-19 13:53:04',NULL,'tzgfc'),(3,'2012-10-19 13:53:12',NULL,'ht'),(3,'2012-10-27 21:34:42',15,'wefghjk'),(3,'2012-10-29 09:07:13',NULL,'Lorem ipsum dolor sit amet, consetetur sadipscing elitr, sed diam nonumy eirmod tempor invidunt ut labore et dolore magna aliquyam erat, sed diam voluptua. At vero eos et accusam et justo duo dolores et ea rebum. Stet clita kasd gubergren, no sea takimata sanctus est Lorem ipsum dolor sit amet. Lorem ipsum dolor sit amet, consetetur sadipscing elitr, sed diam nonumy eirmod tempor invidunt ut labore et dolore magna aliquyam erat, sed diam voluptua. At vero eos et accusam et justo duo dolores et ea rebum. Stet clita kasd gubergren, no sea takimata sanctus est Lorem ipsum dolor sit amet. Lorem ipsum dolor sit amet, consetetur sadipscing elitr, sed diam nonumy eirmod tempor invidunt ut labore et dolore magna aliquyam erat, sed diam voluptua. At vero eos et accusam et justo duo dolores et ea rebum. Stet clita kasd gubergren, no sea takimata sanctus est Lorem ipsum dolor sit amet.   \n\nDuis autem vel eum iriure dolor in hendrerit in vulputate velit esse molestie consequat, vel illum dolore eu feugiat nulla facilisis at vero eros et accumsan et iusto odio dignissim qui blandit praesent luptatum zzril delenit augue duis dolore te feugait nulla facilisi. Lorem ipsum dolor sit amet,'),(3,'2012-11-02 15:09:20',15,'zu'),(3,'2012-11-02 15:13:40',15,'zu'),(3,'2012-11-02 15:14:48',15,'ee'),(3,'2012-11-02 15:16:01',16,'ew'),(3,'2012-11-02 15:18:32',17,'hu'),(3,'2012-11-02 15:19:32',17,'ef'),(3,'2012-11-02 15:21:49',17,'ete'),(3,'2012-11-02 15:22:06',16,'ewte'),(3,'2012-11-02 15:22:34',17,'ew'),(3,'2012-11-02 15:37:11',17,'Hi'),(3,'2012-11-05 09:28:50',15,''),(3,'2012-11-05 10:48:59',17,''),(3,'2012-11-05 10:49:47',17,''),(3,'2012-11-05 13:55:45',17,'e'),(3,'2012-11-05 14:13:31',16,''),(3,'2012-11-05 14:59:36',16,''),(3,'2012-11-05 15:00:22',16,''),(3,'2012-11-05 15:02:43',15,''),(3,'2012-11-05 15:05:22',17,''),(3,'2012-11-09 09:20:25',16,'fine'),(3,'2012-11-09 10:02:20',17,'waiting'),(3,'2012-11-09 11:49:05',16,'hue'),(4,'2012-09-20 13:24:47',NULL,'6'),(4,'2012-09-20 13:25:02',NULL,'12'),(4,'2012-09-20 13:25:35',NULL,'18'),(4,'2012-09-20 13:25:53',NULL,'24'),(6,'2013-05-06 16:56:24',17,''),(6,'2013-05-06 16:58:05',17,''),(6,'2013-05-07 14:00:25',17,''),(6,'2013-05-07 14:00:32',17,''),(6,'2013-05-07 14:00:45',17,''),(6,'2013-05-07 14:39:39',17,''),(6,'2013-05-07 15:32:56',17,''),(6,'2013-05-07 15:35:33',17,''),(6,'2013-05-07 15:44:21',17,''),(6,'2013-05-07 15:57:01',17,''),(6,'2013-05-07 16:00:16',17,''),(6,'2013-05-07 16:04:18',17,''),(6,'2013-05-07 16:06:55',17,''),(6,'2013-05-07 16:35:56',17,''),(6,'2013-05-07 16:53:39',17,''),(6,'2013-05-07 16:56:32',17,''),(6,'2013-05-07 17:00:20',17,''),(6,'2013-05-07 17:07:41',17,''),(6,'2013-05-07 17:11:34',17,''),(6,'2013-05-07 17:14:19',17,''),(6,'2013-05-08 09:16:17',17,''),(6,'2013-05-08 09:23:18',17,''),(6,'2013-05-08 09:24:42',17,''),(6,'2013-05-08 09:25:37',17,''),(6,'2013-05-08 09:27:24',17,''),(6,'2013-05-08 09:29:42',17,''),(6,'2013-05-08 09:32:01',17,''),(6,'2013-05-08 10:14:05',17,''),(6,'2013-05-08 10:16:28',17,''),(6,'2013-05-08 10:18:43',17,''),(6,'2013-05-08 10:36:19',17,''),(6,'2013-05-08 10:46:46',17,''),(6,'2013-05-08 10:53:31',17,''),(6,'2013-05-08 11:02:47',17,''),(6,'2013-05-08 11:09:00',17,''),(6,'2013-05-08 11:19:20',17,''),(6,'2013-05-08 11:25:17',17,''),(6,'2013-05-08 11:26:22',17,''),(6,'2013-05-08 11:27:27',17,''),(6,'2013-05-08 11:30:23',17,''),(6,'2013-05-08 11:32:43',17,''),(6,'2013-05-08 11:35:20',17,''),(6,'2013-05-08 11:47:38',17,''),(6,'2013-05-08 11:51:42',17,''),(6,'2013-05-08 11:55:39',17,''),(6,'2013-05-08 12:00:04',17,''),(6,'2013-05-08 12:04:09',17,''),(6,'2013-05-08 12:07:07',17,''),(6,'2013-05-08 14:59:14',17,''),(6,'2013-05-08 15:33:36',17,''),(6,'2013-05-08 15:43:06',17,''),(6,'2013-05-08 15:47:02',17,''),(6,'2013-05-08 15:53:36',17,''),(6,'2013-05-08 16:21:18',17,''),(6,'2013-05-08 16:32:29',17,''),(6,'2013-05-08 21:39:55',17,''),(6,'2013-05-08 21:43:37',17,''),(6,'2013-05-08 21:52:57',17,''),(6,'2013-05-13 15:38:07',17,''),(6,'2013-05-13 15:43:11',17,''),(6,'2013-05-13 15:57:56',17,''),(6,'2013-05-13 16:20:13',17,''),(6,'2013-05-13 16:21:49',17,''),(6,'2013-05-13 16:36:22',17,''),(6,'2013-05-13 16:41:29',17,''),(6,'2013-05-13 16:43:52',17,''),(6,'2013-05-13 17:11:35',17,''),(6,'2013-05-13 17:13:47',17,''),(6,'2013-05-13 17:23:35',17,''),(6,'2013-05-13 17:25:28',17,''),(6,'2013-05-13 20:43:55',17,''),(6,'2013-05-13 20:55:14',17,''),(6,'2013-05-13 20:59:47',17,''),(6,'2013-05-13 21:08:34',17,''),(6,'2013-05-13 21:10:35',17,''),(6,'2013-05-13 21:13:30',17,''),(6,'2013-05-13 21:17:07',17,''),(6,'2013-05-13 21:25:13',17,''),(6,'2013-05-13 21:26:28',17,''),(6,'2013-05-13 21:58:14',17,''),(6,'2013-05-13 22:01:58',17,''),(6,'2013-05-13 22:05:22',17,''),(6,'2013-05-13 22:06:59',17,''),(6,'2013-05-13 22:08:48',17,''),(6,'2013-05-13 22:11:02',17,''),(6,'2013-05-13 22:12:32',17,''),(6,'2013-05-13 22:13:25',17,''),(6,'2013-05-13 22:14:46',17,''),(6,'2013-05-13 22:16:46',17,''),(6,'2013-05-13 22:18:35',17,''),(6,'2013-05-13 22:26:42',17,''),(6,'2013-05-13 22:27:56',17,''),(6,'2013-05-14 09:04:04',17,''),(6,'2013-05-14 09:22:10',17,''),(6,'2013-05-14 09:42:56',17,''),(6,'2013-05-14 11:02:01',17,''),(6,'2013-05-14 11:06:24',17,'');
/*!40000 ALTER TABLE `statusupdate` ENABLE KEYS */;
UNLOCK TABLES;

--
-- Table structure for table `persontag`
--

DROP TABLE IF EXISTS `persontag`;
/*!40101 SET @saved_cs_client     = @@character_set_client */;
/*!40101 SET character_set_client = utf8 */;
CREATE TABLE `persontag` (
  `id_person` bigint(20) NOT NULL,
  `id_tag` bigint(20) NOT NULL,
  PRIMARY KEY (`id_person`,`id_tag`),
  KEY `fk_person` (`id_person`),
  KEY `fk_tag` (`id_tag`),
  CONSTRAINT `fk_person` FOREIGN KEY (`id_person`) REFERENCES `person` (`id_person`) ON DELETE NO ACTION ON UPDATE NO ACTION,
  CONSTRAINT `fk_tag` FOREIGN KEY (`id_tag`) REFERENCES `tag` (`id_tag`) ON DELETE NO ACTION ON UPDATE NO ACTION
) ENGINE=InnoDB DEFAULT CHARSET=utf8 COLLATE=utf8_unicode_ci;
/*!40101 SET character_set_client = @saved_cs_client */;

--
-- Dumping data for table `persontag`
--

LOCK TABLES `persontag` WRITE;
/*!40000 ALTER TABLE `persontag` DISABLE KEYS */;
INSERT INTO `persontag` VALUES (3,2),(3,5),(3,8),(3,12),(3,14),(3,16),(3,17),(4,1),(4,2),(4,3),(4,5),(4,7),(4,9),(6,1),(6,5),(6,8),(6,9),(6,18);
/*!40000 ALTER TABLE `persontag` ENABLE KEYS */;
UNLOCK TABLES;

--
-- Table structure for table `message`
--

DROP TABLE IF EXISTS `message`;
/*!40101 SET @saved_cs_client     = @@character_set_client */;
/*!40101 SET character_set_client = utf8 */;
CREATE TABLE `message` (
  `id_message` bigint(20) NOT NULL AUTO_INCREMENT,
  `sender` bigint(20) NOT NULL,
  `conversation_group` bigint(20) NOT NULL,
  `text` text COLLATE utf8_unicode_ci NOT NULL,
  `timestamp` datetime NOT NULL,
  PRIMARY KEY (`id_message`),
  KEY `fk_messageConversationparticipant` (`conversation_group`),
  KEY `fk_messagePerson` (`sender`),
  CONSTRAINT `fk_messageConversationparticipant` FOREIGN KEY (`conversation_group`) REFERENCES `conversationgroup` (`id_conversation_group`) ON DELETE NO ACTION ON UPDATE NO ACTION,
  CONSTRAINT `fk_messagePerson` FOREIGN KEY (`sender`) REFERENCES `person` (`id_person`) ON DELETE NO ACTION ON UPDATE NO ACTION
) ENGINE=InnoDB AUTO_INCREMENT=97 DEFAULT CHARSET=utf8 COLLATE=utf8_unicode_ci;
/*!40101 SET character_set_client = @saved_cs_client */;

--
-- Dumping data for table `message`
--

LOCK TABLES `message` WRITE;
/*!40000 ALTER TABLE `message` DISABLE KEYS */;
INSERT INTO `message` VALUES (1,3,1,'mjmhjhj','2012-10-03 19:30:26'),(2,3,1,'dfef','2012-10-09 14:25:51'),(3,2,4,'eeee','2012-10-09 14:26:39'),(4,3,4,'ttt','2012-10-09 14:26:53'),(6,3,5,'eeeerrtteertghnbfdwq','2012-10-09 14:34:28'),(8,3,4,'ääpp','2012-10-09 14:35:29'),(9,3,1,'eeewq','2012-10-09 15:34:39'),(10,5,7,'hiii','2012-10-10 17:43:02'),(11,5,7,'uuue','2012-10-10 17:43:11'),(12,5,7,'Lorem ipsum dolor sit amet, consetetur sadipscing elitr, sed diam nonumy eirmod tempor invidunt ut labore et dolore magna aliquyam erat, sed diam voluptua. At vero eos et accusam et justo duo dolores','2012-10-11 10:48:57'),(13,3,7,'uu','2012-10-18 14:29:50'),(14,3,7,'ui','2012-10-18 14:30:28'),(15,3,7,'niu','2012-10-18 14:38:08'),(16,3,7,'lol','2012-10-18 14:45:09'),(17,3,7,'gui','2012-10-18 14:46:03'),(18,3,7,'kdfjaisjdfijasdfjasdlfjdölasfkjasfhjfhasvghdsfjsdkfj vfdfj aasdfkjas dfjdksfjasdfasdfjäasdjfösdfäasdfasfjäashf¨$afsdaäfhas¨$f$asdfää$asäfsdf','2012-10-18 14:57:02'),(19,3,7,'fedfdf','2012-10-18 15:17:26'),(20,3,7,'nöö','2012-10-18 15:18:16'),(21,3,7,'li','2012-10-18 17:10:04'),(22,3,7,'hiuuu','2012-10-18 17:10:09'),(23,3,7,'aee','2012-10-18 17:10:11'),(24,3,7,'gg','2012-10-18 17:10:13'),(25,3,7,'ttt','2012-10-18 17:10:16'),(26,3,7,'qqq','2012-10-18 17:10:18'),(27,3,7,'zzzu','2012-10-18 17:10:21'),(28,3,1,'nicht','2012-10-19 09:00:29'),(29,3,1,'ti','2012-10-19 09:00:48'),(30,3,1,'ww','2012-10-19 09:00:51'),(31,3,1,'aaa','2012-10-19 09:00:54'),(32,3,1,'gg','2012-10-19 09:00:56'),(33,3,1,'ee','2012-10-19 09:00:59'),(34,3,1,'qq','2012-10-19 09:01:02'),(35,3,1,'hh','2012-10-19 09:01:05'),(36,3,1,'ii','2012-10-19 09:01:08'),(37,3,1,'guut','2012-10-19 09:10:26'),(38,3,1,'rr','2012-10-19 09:10:30'),(39,3,1,'ei','2012-10-19 09:11:11'),(40,3,1,'uu','2012-10-19 09:11:33'),(41,3,1,'qq','2012-10-19 09:11:57'),(42,3,1,'66','2012-10-19 09:12:40'),(43,3,1,'22','2012-10-19 09:13:01'),(44,3,1,'qw','2012-10-19 09:13:26'),(45,3,1,'iiii','2012-10-19 09:14:03'),(46,3,1,'655','2012-10-19 09:16:35'),(47,3,1,'aa','2012-10-19 09:18:35'),(48,3,1,'uu','2012-10-19 09:19:15'),(49,3,1,'üü','2012-10-19 09:19:18'),(50,2,4,'ei','2012-10-19 10:40:45'),(51,3,4,'qw','2012-10-19 10:40:47'),(52,3,4,'zt','2012-10-19 10:40:50'),(53,3,4,'yx','2012-10-19 10:40:52'),(54,4,4,'hz','2012-10-19 10:40:54'),(55,3,4,'qe','2012-10-19 10:40:56'),(56,3,4,'uu','2012-10-19 10:40:58'),(57,4,4,'ew','2012-10-19 10:41:00'),(58,3,4,'ju','2012-10-19 10:41:03'),(59,3,4,'wd','2012-10-19 10:41:06'),(60,3,4,'yc','2012-10-19 10:41:09'),(61,3,4,'jrj','2012-10-19 10:41:36'),(62,3,4,'eww','2012-10-19 10:41:39'),(63,3,4,'jz','2012-10-19 10:41:41'),(64,3,4,'<yc','2012-10-19 10:41:43'),(65,3,4,'rwq','2012-10-19 10:41:46'),(66,3,4,'zj','2012-10-19 10:41:48'),(67,3,4,'wewqwwqwaefdasgdfah','2012-10-19 10:41:51'),(68,3,4,'ghzju','2012-10-19 10:41:54'),(69,3,4,'g6t','2012-10-19 10:41:56'),(70,3,4,'yxc','2012-10-19 10:41:59'),(71,3,4,'bnzh','2012-10-19 10:42:01'),(72,3,4,'qe','2012-10-19 10:42:02'),(73,2,4,'ju','2012-10-19 10:42:04'),(74,4,4,'nikl','2012-10-19 10:42:07'),(75,3,5,'dfe','2012-10-19 11:00:46'),(76,3,5,'qqq','2012-10-19 11:01:28'),(77,3,5,'ght','2012-10-19 11:01:30'),(78,3,5,'<s','2012-10-19 11:01:34'),(79,3,7,'ku','2012-10-19 16:50:23'),(80,3,7,'loool','2012-10-19 16:56:49'),(81,3,7,'qew','2012-10-19 16:57:33'),(82,3,8,'pew pew!','2012-10-19 16:58:17'),(83,3,8,'qwe','2012-10-22 09:05:38'),(84,3,1,'ewrthdgkjhS','2012-10-27 21:20:51'),(85,3,1,'hiii','2012-10-27 21:29:54'),(86,3,1,'2q','2012-10-27 21:29:56'),(87,3,6,'dfe','2012-10-29 16:48:37'),(88,3,6,'no!','2012-10-29 16:49:19'),(89,3,5,'fe','2012-10-29 16:56:36'),(90,3,6,'f','2012-10-29 17:02:03'),(91,3,6,'fe','2012-10-29 17:04:34'),(92,3,4,'Hi','2012-11-02 14:34:31'),(93,3,1,'fe','2012-11-09 10:47:09'),(94,3,5,'hu','2012-11-09 11:25:25'),(95,6,9,'fee','2013-04-04 14:55:27'),(96,6,9,'ttt','2013-04-04 14:55:41');
/*!40000 ALTER TABLE `message` ENABLE KEYS */;
UNLOCK TABLES;

--
-- Table structure for table `education`
--

DROP TABLE IF EXISTS `education`;
/*!40101 SET @saved_cs_client     = @@character_set_client */;
/*!40101 SET character_set_client = utf8 */;
CREATE TABLE `education` (
  `id_education` int(11) NOT NULL AUTO_INCREMENT,
  `name` varchar(85) COLLATE utf8_unicode_ci NOT NULL,
  PRIMARY KEY (`id_education`)
) ENGINE=InnoDB DEFAULT CHARSET=utf8 COLLATE=utf8_unicode_ci;
/*!40101 SET character_set_client = @saved_cs_client */;

--
-- Dumping data for table `education`
--

LOCK TABLES `education` WRITE;
/*!40000 ALTER TABLE `education` DISABLE KEYS */;
/*!40000 ALTER TABLE `education` ENABLE KEYS */;
UNLOCK TABLES;

--
-- Table structure for table `matching`
--

DROP TABLE IF EXISTS `matching`;
/*!40101 SET @saved_cs_client     = @@character_set_client */;
/*!40101 SET character_set_client = utf8 */;
CREATE TABLE `matching` (
  `id_source` bigint(20) NOT NULL,
  `id_destination` bigint(20) NOT NULL,
  `replies_simon` double NOT NULL DEFAULT '0',
  `replies_jaccard` double NOT NULL DEFAULT '0',
  `replies_adamic_adar` double NOT NULL DEFAULT '0',
  `replies_cosim` double NOT NULL DEFAULT '0',
  `replies_score` double NOT NULL DEFAULT '0',
  `friends_simon` double NOT NULL DEFAULT '0',
  `friends_jaccard` double NOT NULL DEFAULT '0',
  `friends_adamic_adar` double NOT NULL DEFAULT '0',
  `friends_cosim` double NOT NULL DEFAULT '0',
  `friends_score` double NOT NULL DEFAULT '0',
  `groups_simon` double NOT NULL DEFAULT '0',
  `groups_jaccard` double NOT NULL DEFAULT '0',
  `groups_adamic_adar` double NOT NULL DEFAULT '0',
  `groups_cosim` double NOT NULL DEFAULT '0',
  `groups_score` double NOT NULL DEFAULT '0',
  `pages_simon` double NOT NULL DEFAULT '0',
  `pages_jaccard` double NOT NULL DEFAULT '0',
  `pages_adamic_adar` double NOT NULL DEFAULT '0',
  `pages_cosim` double NOT NULL DEFAULT '0',
  `pages_score` double NOT NULL DEFAULT '0',
  `final_score` double NOT NULL DEFAULT '0',
  PRIMARY KEY (`id_source`,`id_destination`),
  KEY `fk_matchSource` (`id_source`),
  KEY `fk_matchDestination` (`id_destination`),
  CONSTRAINT `fk_matchDestination` FOREIGN KEY (`id_destination`) REFERENCES `person` (`id_person`) ON DELETE NO ACTION ON UPDATE NO ACTION,
  CONSTRAINT `fk_matchSource` FOREIGN KEY (`id_source`) REFERENCES `person` (`id_person`) ON DELETE NO ACTION ON UPDATE NO ACTION
) ENGINE=InnoDB DEFAULT CHARSET=utf8 COLLATE=utf8_unicode_ci;
/*!40101 SET character_set_client = @saved_cs_client */;

--
-- Dumping data for table `matching`
--

LOCK TABLES `matching` WRITE;
/*!40000 ALTER TABLE `matching` DISABLE KEYS */;
INSERT INTO `matching` VALUES (1,2,0,0,0,0,0,0,0,0,0,0,0,0,0,0,0,0,0,0,0,0,1.9982631347136337),(1,3,0,0,0,0,0,0,0,0,0,0,0,0,0,0,0,0,0,0,0,0,0.6319062870042961),(1,4,0,0,0,0,0,0,0,0,0,0,0,0,0,0,0,0,0,0,0,0,0),(1,5,0,0,0,0,0,0,0,0,0,0,0,0,0,0,0,0,0,0,0,0,0),(1,6,0,0,0,0,0,0,0,0,0,0,0,0,0,0,0,0,0,0,0,0,0.12909944487358055),(2,1,0,0,0,0,0,0,0,0,0,0,0,0,0,0,0,0,0,0,0,0,1.9982631347136337),(2,3,1.2638125740085921,0,0,0,3.9965262694272674,0,0,0,0,0.39965262694272674,0,0,0,0,0,0,0,0,0,0,0.8846688018060145),(2,4,1.2638125740085921,0,0,0,3.9965262694272674,0,0,0,0,0.39965262694272674,0,0,0,0,0,0,0,0,0,0,0.8846688018060145),(2,5,0,0,0,0,0,0,0,0,0,0,0,0,0,0,0,0,0,0,0,0,0),(2,6,0,0,0,0,0,0,0,0,0,0,0,0,0,0,0,0,0,0,0,0,0.17317165154288647),(3,1,0,0,0,0,0,0,0,0,0,0,0,0,0,0,0,0,0,0,0,0,0.6319062870042961),(3,2,1.2638125740085921,0,0,0,3.9965262694272674,0,0,0,0,0.39965262694272674,0,0,0,0,0,0,0,0,0,0,0.8846688018060145),(3,4,0.39965262694272674,0,0,0,0.39965262694272674,0,0,0,0,0.39965262694272674,0,0,0,0,0,0,0,0,0,0,0.2797568388599087),(3,5,0,0,0,0,0,0,0,0,0,0,0,0,0,0,0,0,0,0,0,0,0),(3,6,0,0,0,0,0,0,0,0,0,0,0,0,0,0,0,0,0,0,0,0,0.22630641674259172),(4,1,0,0,0,0,0,0,0,0,0,0,0,0,0,0,0,0,0,0,0,0,0),(4,2,1.2638125740085921,0,0,0,3.9965262694272674,0,0,0,0,0.39965262694272674,0,0,0,0,0,0,0,0,0,0,0.8846688018060145),(4,3,0.39965262694272674,0,0,0,0.39965262694272674,0,0,0,0,0.39965262694272674,0,0,0,0,0,0,0,0,0,0,0.2797568388599087),(4,5,0,0,0,0,0,0,0,0,0,0,0,0,0,0,0,0,0,0,0,0,0),(4,6,0,0,0,0,0,0,0,0,0,0,0,0,0,0,0,0,0,0,0,0,0.5),(5,1,0,0,0,0,0,0,0,0,0,0,0,0,0,0,0,0,0,0,0,0,0),(5,2,0,0,0,0,0,0,0,0,0,0,0,0,0,0,0,0,0,0,0,0,0),(5,3,0,0,0,0,0,0,0,0,0,0,0,0,0,0,0,0,0,0,0,0,0),(5,4,0,0,0,0,0,0,0,0,0,0,0,0,0,0,0,0,0,0,0,0,0),(5,6,0,0,0,0,0,0,0,0,0,0,0,0,0,0,0,0,0,0,0,0,0.10327955589886445),(6,1,0,0,0,0,0,0,0,0,0,0,0,0,0,0,0,0,0,0,0,0,0.12909944487358055),(6,2,0,0,0,0,0,0,0,0,0,0,0,0,0,0,0,0,0,0,0,0,0.17317165154288647),(6,3,0,0,0,0,0,0,0,0,0,0,0,0,0,0,0,0,0,0,0,0,0.22630641674259172),(6,4,0,0,0,0,0,0,0,0,0,0,0,0,0,0,0,0,0,0,0,0,0.5),(6,5,0,0,0,0,0,0,0,0,0,0,0,0,0,0,0,0,0,0,0,0,0.10327955589886445);
/*!40000 ALTER TABLE `matching` ENABLE KEYS */;
UNLOCK TABLES;

--
-- Table structure for table `languagelevel`
--

DROP TABLE IF EXISTS `languagelevel`;
/*!40101 SET @saved_cs_client     = @@character_set_client */;
/*!40101 SET character_set_client = utf8 */;
CREATE TABLE `languagelevel` (
  `id_languageLevel` int(11) NOT NULL AUTO_INCREMENT,
  `name` varchar(85) COLLATE utf8_unicode_ci NOT NULL,
  PRIMARY KEY (`id_languageLevel`)
) ENGINE=InnoDB DEFAULT CHARSET=utf8 COLLATE=utf8_unicode_ci;
/*!40101 SET character_set_client = @saved_cs_client */;

--
-- Dumping data for table `languagelevel`
--

LOCK TABLES `languagelevel` WRITE;
/*!40000 ALTER TABLE `languagelevel` DISABLE KEYS */;
/*!40000 ALTER TABLE `languagelevel` ENABLE KEYS */;
UNLOCK TABLES;

--
-- Table structure for table `personfacebookgroup`
--

DROP TABLE IF EXISTS `personfacebookgroup`;
/*!40101 SET @saved_cs_client     = @@character_set_client */;
/*!40101 SET character_set_client = utf8 */;
CREATE TABLE `personfacebookgroup` (
  `id_person` bigint(20) NOT NULL,
  `id_group` bigint(20) NOT NULL,
  `visible` tinyint(1) NOT NULL DEFAULT '0',
  PRIMARY KEY (`id_person`,`id_group`),
  KEY `fk_personGroupPerson` (`id_person`),
  KEY `fk_personGroupGroup` (`id_group`),
  CONSTRAINT `fk_personGroupGroup` FOREIGN KEY (`id_group`) REFERENCES `facebookgroup` (`id_group`) ON DELETE NO ACTION ON UPDATE NO ACTION,
  CONSTRAINT `fk_personGroupPerson` FOREIGN KEY (`id_person`) REFERENCES `person` (`id_person`) ON DELETE NO ACTION ON UPDATE NO ACTION
) ENGINE=InnoDB DEFAULT CHARSET=utf8 COLLATE=utf8_unicode_ci;
/*!40101 SET character_set_client = @saved_cs_client */;

--
-- Dumping data for table `personfacebookgroup`
--

LOCK TABLES `personfacebookgroup` WRITE;
/*!40000 ALTER TABLE `personfacebookgroup` DISABLE KEYS */;
INSERT INTO `personfacebookgroup` VALUES (1,1,0),(2,2,0),(2,3,0),(2,4,0),(2,5,0),(3,6,0),(3,7,0),(3,8,0),(3,9,0),(3,10,0),(3,11,0),(3,34,0),(3,35,0),(4,13,0),(4,14,0),(4,15,0),(4,16,0),(4,17,0),(4,18,0),(4,19,0),(4,20,0),(4,21,0),(4,22,0),(4,23,0),(4,24,0),(4,25,0),(4,26,0),(4,27,0),(4,28,0),(4,29,0),(4,30,0),(4,31,0),(4,32,0),(4,33,0),(6,36,0),(6,37,0);
/*!40000 ALTER TABLE `personfacebookgroup` ENABLE KEYS */;
UNLOCK TABLES;

--
-- Table structure for table `mood`
--

DROP TABLE IF EXISTS `mood`;
/*!40101 SET @saved_cs_client     = @@character_set_client */;
/*!40101 SET character_set_client = utf8 */;
CREATE TABLE `mood` (
  `id_mood` int(11) NOT NULL AUTO_INCREMENT,
  `rating` tinyint(1) NOT NULL COMMENT '-5 to +5',
  `description` varchar(45) COLLATE utf8_unicode_ci DEFAULT NULL,
  PRIMARY KEY (`id_mood`)
) ENGINE=InnoDB AUTO_INCREMENT=18 DEFAULT CHARSET=utf8 COLLATE=utf8_unicode_ci;
/*!40101 SET character_set_client = @saved_cs_client */;

--
-- Dumping data for table `mood`
--

LOCK TABLES `mood` WRITE;
/*!40000 ALTER TABLE `mood` DISABLE KEYS */;
INSERT INTO `mood` VALUES (14,2,NULL),(15,0,NULL),(16,5,NULL),(17,-5,NULL);
/*!40000 ALTER TABLE `mood` ENABLE KEYS */;
UNLOCK TABLES;

--
-- Table structure for table `personabout`
--

DROP TABLE IF EXISTS `personabout`;
/*!40101 SET @saved_cs_client     = @@character_set_client */;
/*!40101 SET character_set_client = utf8 */;
CREATE TABLE `personabout` (
  `id_person` bigint(20) NOT NULL,
  `id_about` int(11) NOT NULL,
  `description` text COLLATE utf8_unicode_ci NOT NULL,
  PRIMARY KEY (`id_person`,`id_about`),
  KEY `fk_personAboutPerson` (`id_person`),
  KEY `fk_personAboutAbout` (`id_about`),
  CONSTRAINT `fk_personAboutAbout` FOREIGN KEY (`id_about`) REFERENCES `about` (`id_about`) ON DELETE NO ACTION ON UPDATE NO ACTION,
  CONSTRAINT `fk_personAboutPerson` FOREIGN KEY (`id_person`) REFERENCES `person` (`id_person`) ON DELETE NO ACTION ON UPDATE NO ACTION
) ENGINE=InnoDB DEFAULT CHARSET=utf8 COLLATE=utf8_unicode_ci;
/*!40101 SET character_set_client = @saved_cs_client */;

--
-- Dumping data for table `personabout`
--

LOCK TABLES `personabout` WRITE;
/*!40000 ALTER TABLE `personabout` DISABLE KEYS */;
/*!40000 ALTER TABLE `personabout` ENABLE KEYS */;
UNLOCK TABLES;

--
-- Table structure for table `friendshiptype`
--

DROP TABLE IF EXISTS `friendshiptype`;
/*!40101 SET @saved_cs_client     = @@character_set_client */;
/*!40101 SET character_set_client = utf8 */;
CREATE TABLE `friendshiptype` (
  `id_friendship` int(11) NOT NULL AUTO_INCREMENT,
  `type` varchar(85) COLLATE utf8_unicode_ci NOT NULL,
  PRIMARY KEY (`id_friendship`)
) ENGINE=InnoDB DEFAULT CHARSET=utf8 COLLATE=utf8_unicode_ci;
/*!40101 SET character_set_client = @saved_cs_client */;

--
-- Dumping data for table `friendshiptype`
--

LOCK TABLES `friendshiptype` WRITE;
/*!40000 ALTER TABLE `friendshiptype` DISABLE KEYS */;
/*!40000 ALTER TABLE `friendshiptype` ENABLE KEYS */;
UNLOCK TABLES;

--
-- Table structure for table `facebookpage`
--

DROP TABLE IF EXISTS `facebookpage`;
/*!40101 SET @saved_cs_client     = @@character_set_client */;
/*!40101 SET character_set_client = utf8 */;
CREATE TABLE `facebookpage` (
  `id_page` bigint(20) NOT NULL AUTO_INCREMENT,
  `pid` bigint(20) NOT NULL,
  `name` varchar(150) COLLATE utf8_unicode_ci NOT NULL,
  `category` varchar(85) COLLATE utf8_unicode_ci DEFAULT NULL,
  `type` varchar(85) COLLATE utf8_unicode_ci DEFAULT NULL,
  `likes` bigint(20) DEFAULT NULL,
  `website` varchar(150) COLLATE utf8_unicode_ci DEFAULT NULL,
  `founded` int(11) DEFAULT NULL,
  PRIMARY KEY (`id_page`)
) ENGINE=InnoDB AUTO_INCREMENT=210 DEFAULT CHARSET=utf8 COLLATE=utf8_unicode_ci;
/*!40101 SET character_set_client = @saved_cs_client */;

--
-- Dumping data for table `facebookpage`
--

LOCK TABLES `facebookpage` WRITE;
/*!40000 ALTER TABLE `facebookpage` DISABLE KEYS */;
INSERT INTO `facebookpage` VALUES (1,85191657165,'Melody Gardot','Musician/band','MUSICIAN/BAND',NULL,NULL,NULL),(2,264949839558,'Little Dragon','Musician/band','MUSICIAN/BAND',NULL,NULL,NULL),(3,108072275881224,'Tommy Castro','Musician/band','MUSICIAN/BAND',NULL,NULL,NULL),(4,112575758755297,'Jon Lord','Musician/band','MUSICIAN/BAND',NULL,NULL,NULL),(5,109992889020145,'Jon Cleary','Musician/band','MUSICIAN/BAND',NULL,NULL,NULL),(6,104007816301935,'Barbara Dennerlein','Musician/band','MUSICIAN/BAND',NULL,NULL,NULL),(7,109619672397620,'Bill Evans','Actor/director','ACTOR/DIRECTOR',NULL,NULL,NULL),(8,108265962532026,'Keith Jarrett','Musician/band','MUSICIAN/BAND',NULL,NULL,NULL),(9,109241052434781,'Guess How Much I Love You','Book','BOOK',NULL,NULL,NULL),(10,113338508679743,'Das Kartengeheimnis','Book','BOOK',NULL,NULL,NULL),(11,107850909243964,'Torture the Artist','Book','BOOK',NULL,NULL,NULL),(12,105548942811415,'Oscar et la Dame rose','Book','BOOK',NULL,NULL,NULL),(13,166261933395456,'Intouchables','Movie','MOVIE',NULL,NULL,NULL),(14,166762813391376,'Trainspotting','Movie','MOVIE',NULL,NULL,NULL),(15,179403312117362,'Kill Bill','Movie','MOVIE',NULL,NULL,NULL),(16,187199394665811,'American Beauty','Movie','MOVIE',NULL,NULL,NULL),(17,108239329196451,'Bienvenue chez les Ch\'tis','Movie','MOVIE',NULL,NULL,NULL),(18,104055142962868,'Léon','Movie','MOVIE',NULL,NULL,NULL),(19,53180527367,'Slumdog Millionaire','Movie','MOVIE',NULL,NULL,NULL),(20,39644305296,'Fight Club','Movie','MOVIE',NULL,NULL,NULL),(21,109951909034179,'Twelve Monkeys','Movie','MOVIE',NULL,NULL,NULL),(22,176105760417,'Death At A Funeral','Movie','MOVIE',NULL,NULL,NULL),(23,9588466619,'Futurama','Tv show','TV SHOW',NULL,NULL,NULL),(24,274065822607103,'Fachhochschule Nordwestschweiz FHNW','University','UNIVERSITY',NULL,NULL,NULL),(25,196924537001110,'Le Pain Quotidien','Company','COMPANY',NULL,NULL,NULL),(26,169007386486180,'Cakefriends','Restaurant/cafe','RESTAURANT/CAFE',NULL,NULL,NULL),(27,119682428047331,'FHNW','Organization','ORGANIZATION',NULL,NULL,NULL),(28,115833858446843,'Capri-Sonne','Product/service','PRODUCT/SERVICE',NULL,NULL,NULL),(29,104073103982,'Black Ball Billard-Lounge','Bar','BAR',NULL,NULL,NULL),(30,102613406462433,'Caribana Festival','Organization','ORGANIZATION',NULL,NULL,NULL),(31,31061022037,'Donkey','Public figure','PUBLIC FIGURE',NULL,NULL,NULL),(32,115849815096298,'Lastesel','Animal','ANIMAL',NULL,NULL,NULL),(33,107528222629452,'Fantoche','Non-profit organization','FESTIVAL',NULL,NULL,NULL),(34,104883179610644,'Hands Solo','Musician/band','MUSICIAN/BAND',NULL,NULL,NULL),(35,136776939681635,'Frank the Tank','Musician/band','MUSICIAN/BAND',NULL,NULL,NULL),(36,14006993015,'Bligg','Musician/band','MUSICIAN/BAND',NULL,NULL,NULL),(37,7619396355,'David Guetta','Musician/band','MUSICIAN/BAND',NULL,NULL,NULL),(38,108487049226177,'Bad Boys','Movie','MOVIE',NULL,NULL,NULL),(39,112063758806484,'Der blutige Pfad Gottes','Movie','MOVIE',NULL,NULL,NULL),(40,108611105879781,'Bad Boys II','Movie','MOVIE',NULL,NULL,NULL),(41,112371802123294,'Transporter 1','Movie','MOVIE',NULL,NULL,NULL),(42,112127428799369,'Transporter 2','Movie','MOVIE',NULL,NULL,NULL),(43,109550739071923,'The Rock','Movie','MOVIE',NULL,NULL,NULL),(44,359252982311,'Hey Mann Wo Ist Mein Auto','Movie general','MOVIE GENERAL',NULL,NULL,NULL),(45,11487688717,'\"Snatch\"','Movie','MOVIE',NULL,NULL,NULL),(46,9098498615,'Adam Sandler','Entertainer','ENTERTAINER',NULL,NULL,NULL),(47,36211311648,'Two and a Half Men','Tv show','TV SHOW',NULL,NULL,NULL),(48,140879489291903,'JUNG, WILD & SEXY','Tv show','TV SHOW',NULL,NULL,NULL),(49,7807422276,'How I Met Your Mother','Tv show','TV SHOW',NULL,NULL,NULL),(50,115910708423941,'Gta 4','Games/toys','GAMES/TOYS',NULL,NULL,NULL),(51,152063891519142,'Mark Webber','Athlete','ATHLETE',NULL,NULL,NULL),(52,109671612392705,'Ronnie O’Sullivan','Public figure','PUBLIC FIGURE',NULL,NULL,NULL),(53,153448271375412,'Fernando Alonso','Athlete','ATHLETE',NULL,NULL,NULL),(54,64760994940,'Roger Federer','Athlete','ATHLETE',NULL,NULL,NULL),(55,125338090854262,'Collaborative Innovation Networks: COINs Conference','Community','COMMUNITY',NULL,NULL,NULL),(56,154341371276874,'Paul Panzer','Comedian','COMEDIAN',NULL,NULL,NULL),(57,114314315298472,'Stockpulse','Internet/software','CORPORATE OFFICE',NULL,NULL,NULL),(58,102277456511467,'Kaya Yanar','Comedian','COMEDIAN',NULL,NULL,NULL),(59,112915102084898,'Wer sind diese Rechungswesen? Und was wollen sie von mir?','Church/religious organization','CHURCH/RELIGIOUS ORGANIZATION',NULL,NULL,NULL),(60,93922637103,'digitec AG','Retail and consumer merchandise','RETAIL AND CONSUMER MERCHANDISE',NULL,NULL,NULL),(61,34344332222,'Abby Sciuto','Public figure','PUBLIC FIGURE',NULL,NULL,NULL),(62,31091843175,'Jake Harper (Two and a half men)','Actor/director','ACTOR/DIRECTOR',NULL,NULL,NULL),(63,13639749437,'Al Bundy','Public figure','PUBLIC FIGURE',NULL,NULL,NULL),(64,8908606083,'twoleftfeet.ch','Recreation/sports','RECREATION/SPORTS',NULL,NULL,NULL),(65,179679788385,'Raserinitiative','Product/service','PRODUCT/SERVICE',NULL,NULL,NULL),(66,103700283002749,'Miffy','Tv show','TV SHOW',NULL,NULL,NULL),(67,197832590242401,'MetropolitanDeli','Local business','LOCAL BUSINESS',NULL,NULL,NULL),(68,336477869711119,'Options','Retail and consumer merchandise','RETAIL AND CONSUMER MERCHANDISE',NULL,NULL,NULL),(69,141342679259734,'Julionair','Musician/band','MUSICIAN/BAND',NULL,NULL,NULL),(70,134734004459,'darwin deez','Musician/band','MUSICIAN/BAND',NULL,NULL,NULL),(71,133869149957621,'Satellite Stories','Musician/band','MUSICIAN/BAND',NULL,NULL,NULL),(72,44689108683,'BONAPARTE','Musician/band','MUSICIAN/BAND',NULL,NULL,NULL),(73,180306358658136,'Holy Members Club','Musician/band','MUSICIAN/BAND',NULL,NULL,NULL),(74,33036879568,'The Wombats','Musician/band','MUSICIAN/BAND',NULL,NULL,NULL),(75,146487481057,'Vampire Weekend','Musician/band','MUSICIAN/BAND',NULL,NULL,NULL),(76,86185782848,'Two Door Cinema Club','Musician/band','MUSICIAN/BAND',NULL,NULL,NULL),(77,48632437776,'The bianca Story','Musician/band','MUSICIAN/BAND',NULL,NULL,NULL),(78,109728465712749,'The Whitest Boy Alive','Musician/band','MUSICIAN/BAND',NULL,NULL,NULL),(79,127649477279912,'Baby Genius','Musician/band','MUSICIAN/BAND',NULL,NULL,NULL),(80,25796438685,'of Montreal','Musician/band','MUSICIAN/BAND',NULL,NULL,NULL),(81,7112765682,'OK Go','Musician/band','MUSICIAN/BAND',NULL,NULL,NULL),(82,7153742831,'The Dø','Musician/band','MUSICIAN/BAND',NULL,NULL,NULL),(83,7124595973,'THE EELS','Musician/band','MUSICIAN/BAND',NULL,NULL,NULL),(84,6876902267,'Christopher Christopher','Musician/band','MUSICIAN/BAND',NULL,NULL,NULL),(85,5932128890,'The Kooks','Musician/band','MUSICIAN/BAND',NULL,NULL,NULL),(86,5229624654,'The Decemberists','Musician/band','MUSICIAN/BAND',NULL,NULL,NULL),(87,156387294416412,'Manipulation, mit Klaus Maria Brandauer','Movie','MOVIE',NULL,NULL,NULL),(88,91290503700,'Inception','Movie','MOVIE',NULL,NULL,NULL),(89,82771544063,'Avatar','Movie','MOVIE',NULL,NULL,NULL),(90,120001599615,'The Cove','Movie','MOVIE',NULL,NULL,NULL),(91,264291375172,'3sat neues','Tv show','TV SHOW',NULL,NULL,NULL),(92,207975175882194,'Rhinoslider & Rhinofader','Computers/internet','COMPUTERS/INTERNET',NULL,NULL,NULL),(93,112292442183453,'Sounds! auf DRS 3','Movies/music','MOVIES/MUSIC',NULL,NULL,NULL),(94,158553304221517,'androidnext','Website','WEBSITE',NULL,NULL,NULL),(95,296350467090087,'Picasa Uploader','App page','APP PAGE',NULL,NULL,NULL),(96,198405580252660,'RSS Graffiti','App page','APP PAGE',NULL,NULL,NULL),(97,260345107360331,'Juvenat','Political organization','POLITICAL ORGANIZATION',NULL,NULL,NULL),(98,97220294896,'SP Schweiz - PS Suisse','Political party','POLITICAL PARTY',NULL,NULL,NULL),(99,7544046722,'Arduino','Electronics','ELECTRONICS',NULL,NULL,NULL),(100,175811089139949,'Help, I\'m Alive by Metric on Fantasies','Unknown','UNKNOWN',NULL,NULL,NULL),(101,137947732957611,'Apple Inc.','Company','COMPUTERS & ELECTRONICS',NULL,NULL,NULL),(102,204577902909300,'Web 2.0 scientific calculator','Personal website','PERSONAL WEBSITE',NULL,NULL,NULL),(103,112343825511850,'Die Impro-Leck-TuEllen','Local business','LOCAL BUSINESS',NULL,NULL,NULL),(104,185659088141657,'Samsung Galaxy S II','Electronics','ELECTRONICS',NULL,NULL,NULL),(105,196198827087395,'Wir wollen 3sat neues zurück','Community','COMMUNITY',NULL,NULL,NULL),(106,6427302910,'WordPress','Software','SOFTWARE',NULL,NULL,NULL),(107,7639824123,'Firebug','Product/service','PRODUCT/SERVICE',NULL,NULL,NULL),(108,371193692559,'Elmastudio','Computers/internet','COMPUTERS/INTERNET',NULL,NULL,NULL),(109,100162593367117,'kulturbanause','Website','WEBSITE',NULL,NULL,NULL),(110,108734602494994,'Wikileaks','Non-profit organization','NON-PROFIT ORGANIZATION',NULL,NULL,NULL),(111,114759495257057,'Ich schäme mich für das Resultat der Ausschaffungsinitiative','Non-profit organization','NON-PROFIT ORGANIZATION',NULL,NULL,NULL),(112,109795516727,'Abenteuer Wissen','Tv show','TV SHOW',NULL,NULL,NULL),(113,176344829047536,'I am a MAC','Website','WEBSITE',NULL,NULL,NULL),(114,110059075707662,'2008 iPhone... 2010 iPad... 2012 iBoard... 2014 iMat !','Product/service','PRODUCT/SERVICE',NULL,NULL,NULL),(115,24932281961,'Nutella','Food/beverages','FOOD/BEVERAGES',NULL,NULL,NULL),(116,111723752218100,'Rettet die Erde! Sie ist der einzige Planet mit Schokolade!','Cause','CAUSE',NULL,NULL,NULL),(117,156208391058049,'Liebe ist eine echt tolle Krankheit, da müssen immer gleich beide ins Bett :-D','Cause','CAUSE',NULL,NULL,NULL),(118,371633470309,'Langweile löst in mir ein \"du musst scheiße labbern \" Gefühl aus','Local business','LOCAL BUSINESS',NULL,NULL,NULL),(119,132004434312,'Taucher.Net','Website','WEBSITE',NULL,NULL,NULL),(120,131582549993,'NICHTLUSTIG','Website','WEBSITE',NULL,NULL,NULL),(121,108562295857694,'\"Komm essen wir Opa\" - Satzzeichen retten Leben','Cause','CAUSE',NULL,NULL,NULL),(122,131662583514782,'BP - Wir tanken auch Ihren Golf voll','Community','COMMUNITY',NULL,NULL,NULL),(123,365327290536,'Vorleser.net - kostenlose Hörbücher','Media/news/publishing','MEDIA/NEWS/PUBLISHING',NULL,NULL,NULL),(124,318156982005,'Stadtkrieger','Author','AUTHOR',NULL,NULL,NULL),(125,197952668850,'Digital Plus','Media/news/publishing','MEDIA/NEWS/PUBLISHING',NULL,NULL,NULL),(126,277153538098,'Divertimento','Public figure','PUBLIC FIGURE',NULL,NULL,NULL),(127,117669438248580,'Daniel Düsentrieb','Public figure','PUBLIC FIGURE',NULL,NULL,NULL),(128,227105521439,'Useless Facts','Product/service','PRODUCT/SERVICE',NULL,NULL,NULL),(129,100236119832,'BrainStore','Consulting/business services','CONSULTING/BUSINESS SERVICES',NULL,NULL,NULL),(130,97848298204,'Unnützes Wissen','Product/service','PRODUCT/SERVICE',NULL,NULL,NULL),(131,94910898443,'ApfelBlog.ch','Personal blog','PERSONAL BLOG',NULL,NULL,NULL),(132,14696440021,'Mozilla Firefox','Product/service','PRODUCT/SERVICE',NULL,NULL,NULL),(133,167667043267721,'The Whitest Boy Alive','Musician/band','MUSICIAN/BAND',NULL,NULL,NULL),(134,117930184893219,'ZÜRICH OPENAIR (official)','Concert venue','CONCERT VENUE',NULL,NULL,NULL),(135,321925461176900,'Achtung Technik Los','Community','COMMUNITY',NULL,NULL,NULL),(136,263976463550,'AHAAHAHAHAHAHAHAHAHAHAHA  ok im done , no wait  AHAHAHAHAHAHAHAHAHAHAH','Professional sports team','PROFESSIONAL SPORTS TEAM',NULL,NULL,NULL),(137,138039566244509,'Climate CoLab','Community organization','COMMUNITY ORGANIZATION',NULL,NULL,NULL),(138,57557773881,'AIESEC in Switzerland','Non-profit organization','NON-PROFIT ORGANIZATION',NULL,NULL,NULL),(139,122993781064089,'STAFF FINDER für Stunden-, Tages- oder Kurzeinsätze (Jobs)','Product/service','PRODUCT/SERVICE',NULL,NULL,NULL),(140,393623424922,'AIESEC Geneva','Non-profit organization','NON-PROFIT ORGANIZATION',NULL,NULL,NULL),(141,195811363795458,'Yalea - Sprachreisen','Education','EDUCATION',NULL,NULL,NULL),(142,129826430363114,'Emmi CAFFÈ LATTE','Food/beverages','FOOD/BEVERAGES',NULL,NULL,NULL),(143,132640032818,'AIESEC Local Committee Vienna, Austria','Non-profit organization','EXCHANGE PROGRAM',NULL,NULL,NULL),(144,366250900057845,'BSC Zelgli Aarau','Community organization','COMMUNITY ORGANIZATION',NULL,NULL,NULL),(145,209118161295,'The Annoying Orange','Public figure','PUBLIC FIGURE',NULL,NULL,NULL),(146,168020689894262,'Be.project by BearingPoint','Consulting/business services','CONSULTING/BUSINESS SERVICES',NULL,NULL,NULL),(147,266755436689219,'Brunch etc','Restaurant/cafe','BREAKFAST & BRUNCH RESTAURANT',NULL,NULL,NULL),(148,101359746631009,'WenaLDS 2012 by Aiesec Vienna \'52 (WU)','Non-profit organization','NON-PROFIT ORGANIZATION',NULL,NULL,NULL),(149,157509397638182,'Centre Fries','Local business','COLLEGE/UNIVERSITY',NULL,NULL,NULL),(150,201399156597302,'Career Days Fribourg','University','UNIVERSITY',NULL,NULL,NULL),(151,301605116518766,'AIESEC Fribourg','Non-profit organization','NON-PROFIT ORGANIZATION',NULL,NULL,NULL),(152,109334162418862,'University of Fribourg','University','UNIVERSITY',NULL,NULL,NULL),(153,130530700322541,'Azurlingua, Nice, Ecole de Français','School','SCHOOL',NULL,NULL,NULL),(154,107967209224731,'University of Fribourg','University','UNIVERSITY',NULL,NULL,NULL),(155,9246289234,'La Redoute','Clothing','CLOTHING',NULL,NULL,NULL),(156,272315751201,'Faire l\'amour fait perdre env. 360 calories. \"Salut, on fait un régime?\"','Local business','LOCAL BUSINESS',NULL,NULL,NULL),(157,171555662872051,'Unterschriften sammeln','Local business','LOCAL BUSINESS',NULL,NULL,NULL),(158,155934361130202,'Dschungelnervensäge verliert Top bei Modenschau','Personal blog','PERSONAL BLOG',NULL,NULL,NULL),(159,179679205378972,'SLR - studio left right','Professional services','PROFESSIONAL SERVICES',NULL,NULL,NULL),(160,110504115686310,'Ich lese keine Anleitungen, ich drücke Knöpfe bis es klappt! ;)','Cause','CAUSE',NULL,NULL,NULL),(161,113306958683168,'Ventimiglia','City','CITY',NULL,NULL,NULL),(162,372481096502,'I hate it when Nate calls me when I`m in bed with Chuck Bass','Local business','LOCAL BUSINESS',NULL,NULL,NULL),(163,110851102288599,'KiFF','Club','CLUB',NULL,NULL,NULL),(164,22611803768,'Ed Westwick','Actor/director','ACTOR/DIRECTOR',NULL,NULL,NULL),(165,126897517325414,'Luke...I am your father....lol Jk Dumbledore is','Actor/director','ACTOR/DIRECTOR',NULL,NULL,NULL),(166,489636540087,'Dear John, why can\'t more boys be like you?','Fictional character','FICTIONAL CHARACTER',NULL,NULL,NULL),(167,112527728759165,'oooooh i\'ve been tagged in a pic :) ...BLOODY HELL!! UNTAG! UNTAG!','Public figure','PUBLIC FIGURE',NULL,NULL,NULL),(168,270478328129,'Nein Mama spät kanns gestern nicht gewesen sein beim Bäcker war noch Licht','Local business','LOCAL BUSINESS',NULL,NULL,NULL),(169,189859875931,'Burton Snowboards','Product/service','PRODUCT/SERVICE',NULL,NULL,NULL),(170,181018790673,'Old enough to know its a bad idea, young enough not to care','Product/service','PRODUCT/SERVICE',NULL,NULL,NULL),(171,120621558791,'I want to be a galaxy','Product/service','PRODUCT/SERVICE',NULL,NULL,NULL),(172,113130795429,'FLIMS / LAAX / FALERA','Company','COMPANY',NULL,NULL,NULL),(173,104434885937,'Lachflash','Community','COMMUNITY',NULL,NULL,NULL),(174,83471501518,'Laughing until it hurts and you can\'t breathe!','Local business','LOCAL BUSINESS',NULL,NULL,NULL),(175,81210895552,'Aare','Public places','PUBLIC PLACES',NULL,NULL,NULL),(176,72396555206,'Volleyball','Athlete','ATHLETE',NULL,NULL,NULL),(177,58849673588,'MBudget Kaugummi','Food/beverages','FOOD/BEVERAGES',NULL,NULL,NULL),(178,37921481300,'tiramisù','Local business','LOCAL BUSINESS',NULL,NULL,NULL),(179,35216748478,'laughing','Personal blog','PERSONAL BLOG',NULL,NULL,NULL),(180,33856193545,'SANGRIA','Company','COMPANY',NULL,NULL,NULL),(181,21415640912,'H&M','Clothing','CLOTHING STORE',NULL,NULL,NULL),(182,19136001940,'Shisha','Wine/spirits','WINE/SPIRITS',NULL,NULL,NULL),(183,8526405673,'The Twilight Saga','Movie','MOVIE',NULL,NULL,NULL),(184,117640604914520,'Karibik - auswandern - Boot kapern - Pirat werden! Wer macht mit','Community','COMMUNITY',NULL,NULL,NULL),(185,107603642595771,'Wenn wir unterwegs sind, unterhalten wir die gesamte Umgebung.!','Community','COMMUNITY',NULL,NULL,NULL),(186,171309406213761,'Little Big Details','Computers/internet','COMPUTERS/INTERNET',NULL,NULL,NULL),(187,248132900755,'Subway Canada','Company','COMPANY',NULL,NULL,NULL),(188,10150089593575092,'Erlend Øye','Musician/band','MUSICIAN/BAND',NULL,NULL,NULL),(189,257290581050213,'Spekulationsstopp-Initiative','Political organization','POLITICAL ORGANIZATION',NULL,NULL,NULL),(190,130406590371703,'Jusos auf SP-Liste 2 in den Grossen Rat','Political organization','POLITICAL ORGANIZATION',NULL,NULL,NULL),(191,145770305460725,'Mein Wecker ist ein Arschloch!!!','Cause','CAUSE',NULL,NULL,NULL),(192,354814117402,'TechnikBlog.ch','Computers/internet','COMPUTERS/INTERNET',NULL,NULL,NULL),(193,241847612518046,'Vono','Media/news/publishing','MEDIA/NEWS/PUBLISHING',NULL,NULL,NULL),(194,208606565921202,'Fetecuetichete','Website','WEBSITE',NULL,NULL,NULL),(195,109692425799172,'Happy Island','App page','APP PAGE',NULL,NULL,NULL),(196,252492084811430,'SocialCity','App page','APP PAGE',NULL,NULL,NULL),(197,150729224989645,'CautaReduceri.ro','Website','WEBSITE',NULL,NULL,NULL),(198,136690813099398,'Bibliothèque Française Eugène Ionesco','Library','LIBRARY',NULL,NULL,NULL),(199,150372098332457,'Air France Romania','Travel/leisure','TRAVEL/LEISURE',NULL,NULL,NULL),(200,156256341056181,'Aoro','Health/beauty','HEALTH/BEAUTY',NULL,NULL,NULL),(201,139333526114486,'danielrus.ro','Community','COMMUNITY',NULL,NULL,NULL),(202,153348034683391,'GroupDeals.ro','Website','WEBSITE',NULL,NULL,NULL),(203,142699105770909,'273 de locuri pe care trebuie s? le vezi înainte s? pleci din România','Community','COMMUNITY',NULL,NULL,NULL),(204,328405625310,'HypeStreet','Arts/humanities website','ARTS/HUMANITIES WEBSITE',NULL,NULL,NULL),(205,92323438005,'Liberty Parade','Concert venue','CONCERT VENUE',NULL,NULL,NULL),(206,75192381854,'Radio 21 Romania','Radio station','RADIO STATION',NULL,NULL,NULL),(207,71775107787,'Mafia Wars','App page','APP PAGE',NULL,NULL,NULL),(208,101392683235776,'FarmVille Cows','Games/toys','GAMES/TOYS',NULL,NULL,NULL),(209,226035540784839,'Micadu','Personal website','PERSONAL WEBSITE',NULL,NULL,NULL);
/*!40000 ALTER TABLE `facebookpage` ENABLE KEYS */;
UNLOCK TABLES;

--
-- Table structure for table `question`
--

DROP TABLE IF EXISTS `question`;
/*!40101 SET @saved_cs_client     = @@character_set_client */;
/*!40101 SET character_set_client = utf8 */;
CREATE TABLE `question` (
  `id_question` bigint(20) NOT NULL AUTO_INCREMENT,
  `created` datetime NOT NULL,
  `author` bigint(20) NOT NULL,
  `question` text COLLATE utf8_unicode_ci NOT NULL,
  `answer_a` text COLLATE utf8_unicode_ci NOT NULL,
  `answer_b` text COLLATE utf8_unicode_ci NOT NULL,
  `answer_c` text COLLATE utf8_unicode_ci,
  `answer_d` text COLLATE utf8_unicode_ci,
  `answer_e` text COLLATE utf8_unicode_ci,
  `char_attrib` int(11) DEFAULT NULL,
  `weight_a` int(11) DEFAULT NULL,
  `weight_b` int(11) DEFAULT NULL,
  `weight_c` int(11) DEFAULT NULL,
  `weight_d` int(11) DEFAULT NULL,
  `weight_e` int(11) DEFAULT NULL,
  PRIMARY KEY (`id_question`),
  KEY `fk_questionAuthor` (`author`),
  KEY `fk_questionCharAttrib` (`char_attrib`),
  CONSTRAINT `fk_questionAuthor` FOREIGN KEY (`author`) REFERENCES `person` (`id_person`) ON DELETE NO ACTION ON UPDATE NO ACTION,
  CONSTRAINT `fk_questionCharAttrib` FOREIGN KEY (`char_attrib`) REFERENCES `characterattribute` (`id_character_attribute`) ON DELETE NO ACTION ON UPDATE NO ACTION
) ENGINE=InnoDB AUTO_INCREMENT=43 DEFAULT CHARSET=utf8 COLLATE=utf8_unicode_ci;
/*!40101 SET character_set_client = @saved_cs_client */;

--
-- Dumping data for table `question`
--

LOCK TABLES `question` WRITE;
/*!40000 ALTER TABLE `question` DISABLE KEYS */;
INSERT INTO `question` VALUES (1,'2012-03-22 15:27:04',1,'Which ice tea do you prefer?','Lipton','Migros','Greentea-honey ice tea','Homemade',NULL,NULL,NULL,NULL,NULL,NULL,NULL),(2,'2012-05-14 15:45:23',3,'hallo','nq','id','iue','ueee',NULL,NULL,NULL,NULL,NULL,NULL,NULL),(3,'2012-05-15 15:41:38',3,'the quest','antwort1','antwort2','antwort3','',NULL,NULL,NULL,NULL,NULL,NULL,NULL),(4,'2012-05-15 15:42:33',3,'tata','onldsfiiasidfi','_','','',NULL,NULL,NULL,NULL,NULL,NULL,NULL),(5,'2012-05-16 11:10:32',3,'TEST','test','test','test','test',NULL,NULL,NULL,NULL,NULL,NULL,NULL),(6,'2012-05-16 11:25:01',3,'asdf','test','test','test','test',NULL,NULL,NULL,NULL,NULL,NULL,NULL),(7,'2012-05-18 14:22:03',3,'hasdf','asdf','qwert','asdf','as34',NULL,NULL,NULL,NULL,NULL,NULL,NULL),(8,'2012-05-22 11:32:15',3,'Frage ohne Ende','1','2','3','4',NULL,NULL,NULL,NULL,NULL,NULL,NULL),(9,'2012-05-22 12:41:54',3,'NANA','1','2','3','4',NULL,NULL,NULL,NULL,NULL,NULL,NULL),(10,'2012-05-22 16:13:30',3,'doh','gah','dii','eiuu','ow',NULL,NULL,NULL,NULL,NULL,NULL,NULL),(11,'2012-05-22 16:14:28',3,'question','answerA','answerB','answerC','answerD',NULL,NULL,NULL,NULL,NULL,NULL,NULL),(12,'2012-05-22 16:14:39',3,'question','answerA','answerB','answerC','answerD',NULL,NULL,NULL,NULL,NULL,NULL,NULL),(13,'2012-05-22 16:14:55',3,'question','answerA','answerB','answerC','answerD',NULL,NULL,NULL,NULL,NULL,NULL,NULL),(14,'2012-05-22 16:15:04',3,'question','answerA','answerB','answerC','answerD',NULL,NULL,NULL,NULL,NULL,NULL,NULL),(15,'2012-05-23 09:40:56',3,'question','answerA','answerB','answerC','answerD',NULL,NULL,NULL,NULL,NULL,NULL,NULL),(16,'2012-05-23 09:41:07',3,'question','answerA','answerB','answerC','answerD',NULL,NULL,NULL,NULL,NULL,NULL,NULL),(17,'2012-05-23 11:02:26',3,'asdf','asdf','asdf','asdf','asdfe',NULL,NULL,NULL,NULL,NULL,NULL,NULL),(18,'2012-05-23 11:02:37',3,'asdf','asdf','asdf','asdf','asdf',NULL,NULL,NULL,NULL,NULL,NULL,NULL),(19,'2012-05-23 11:21:39',3,'question','answerA','answerB','answerC','answerD',NULL,NULL,NULL,NULL,NULL,NULL,NULL),(20,'2012-05-23 11:47:32',3,'dse','asdf','asdfr','wrwe','qwe',NULL,NULL,NULL,NULL,NULL,NULL,NULL),(21,'2012-05-23 11:48:36',3,'halo','dii','ieu','uueue','uuau',NULL,NULL,NULL,NULL,NULL,NULL,NULL),(22,'2012-05-23 11:48:47',3,'bbb','iiiei','irewi','iioi','i',NULL,NULL,NULL,NULL,NULL,NULL,NULL),(23,'2012-05-23 13:43:37',3,'Warum ist der Himmel blau?','Weiss ich doch nicht!','Darum','Frag einen Physiker','',NULL,NULL,NULL,NULL,NULL,NULL,NULL),(24,'2012-05-23 13:44:45',3,'Asdf','blaju','blisfjdk','','',NULL,NULL,NULL,NULL,NULL,NULL,NULL),(25,'2012-05-24 14:58:00',3,'eeee','aaaa','ffff','eeeaasdf','ertttt',NULL,NULL,NULL,NULL,NULL,NULL,NULL),(26,'2012-06-20 14:27:13',3,'Halloe','asdf','asdf','','',NULL,NULL,NULL,NULL,NULL,NULL,NULL),(27,'2012-07-18 16:26:56',3,'schoen','nai','jo','lala','huhu',NULL,NULL,NULL,NULL,NULL,NULL,NULL),(28,'2012-08-17 14:51:12',3,'asdf','adsf','adsf','asdffawr','asf',NULL,NULL,NULL,NULL,NULL,NULL,NULL),(29,'2012-08-17 14:58:12',3,'asdf','§asdf§','asdf','asdf','asdf',NULL,NULL,NULL,NULL,NULL,NULL,NULL),(30,'2012-08-30 12:58:44',3,'hasdf','asdf','asf','asdf','sdf',NULL,NULL,NULL,NULL,NULL,NULL,NULL),(31,'2012-09-10 14:49:51',3,'Was ist dein Lieblingsessen?','Pizza','Penne','Galleloni','Nudeln',NULL,NULL,NULL,NULL,NULL,NULL,NULL),(32,'2012-09-13 11:40:21',3,'Die Frage','Ant','Antw','Antwo','Antwor',NULL,NULL,NULL,NULL,NULL,NULL,NULL),(33,'2012-09-17 10:10:57',3,'Hallo','Hallor','Halloor','Hallloor','Haallloor',NULL,NULL,NULL,NULL,NULL,NULL,NULL),(34,'2012-09-17 10:11:25',3,'Hallo','Hallor','Halloor','Hallloor','Haallloor',NULL,NULL,NULL,NULL,NULL,NULL,NULL),(35,'2012-09-20 10:26:23',3,'Heyo','Hallo','irewi','die','err',NULL,NULL,NULL,NULL,NULL,NULL,NULL),(36,'2012-10-27 21:30:41',3,'efdgbn','srtg','dfh','dh','dfh',NULL,NULL,NULL,NULL,NULL,NULL,NULL),(37,'2012-11-05 15:02:57',3,'defe','efe','www','qqq','rth',NULL,NULL,NULL,NULL,NULL,NULL,NULL),(38,'2013-04-04 14:58:54',6,'What\'s you favorite color?','Blue','Red','Yellow','',NULL,NULL,NULL,NULL,NULL,NULL,NULL),(39,'2013-04-08 11:14:25',6,'is it important?','yes','no','maybe','',NULL,NULL,NULL,NULL,NULL,NULL,NULL),(40,'2013-05-07 15:44:47',6,'how are you?','good','bad','so so','',NULL,NULL,NULL,NULL,NULL,NULL,NULL),(41,'2013-05-07 16:36:27',6,'intrebare','da','nu','poate','nu stiu',NULL,NULL,NULL,NULL,NULL,NULL,NULL),(42,'2013-05-08 09:16:51',6,'question ?','answer1','answer2','answer3','answer4',NULL,NULL,NULL,NULL,NULL,NULL,NULL);
/*!40000 ALTER TABLE `question` ENABLE KEYS */;
UNLOCK TABLES;

--
-- Table structure for table `personfriendshiptype`
--

DROP TABLE IF EXISTS `personfriendshiptype`;
/*!40101 SET @saved_cs_client     = @@character_set_client */;
/*!40101 SET character_set_client = utf8 */;
CREATE TABLE `personfriendshiptype` (
  `id_person` bigint(20) NOT NULL,
  `id_friendship` int(11) NOT NULL,
  PRIMARY KEY (`id_person`,`id_friendship`),
  KEY `fk_friendTypePerson` (`id_person`),
  KEY `fk_friendTypeFriendship` (`id_friendship`),
  CONSTRAINT `fk_friendTypeFriendship` FOREIGN KEY (`id_friendship`) REFERENCES `friendshiptype` (`id_friendship`) ON DELETE NO ACTION ON UPDATE NO ACTION,
  CONSTRAINT `fk_friendTypePerson` FOREIGN KEY (`id_person`) REFERENCES `person` (`id_person`) ON DELETE NO ACTION ON UPDATE NO ACTION
) ENGINE=InnoDB DEFAULT CHARSET=utf8 COLLATE=utf8_unicode_ci;
/*!40101 SET character_set_client = @saved_cs_client */;

--
-- Dumping data for table `personfriendshiptype`
--

LOCK TABLES `personfriendshiptype` WRITE;
/*!40000 ALTER TABLE `personfriendshiptype` DISABLE KEYS */;
/*!40000 ALTER TABLE `personfriendshiptype` ENABLE KEYS */;
UNLOCK TABLES;

--
-- Table structure for table `location`
--

DROP TABLE IF EXISTS `location`;
/*!40101 SET @saved_cs_client     = @@character_set_client */;
/*!40101 SET character_set_client = utf8 */;
CREATE TABLE `location` (
  `id_location` int(11) NOT NULL,
  `name` varchar(150) COLLATE utf8_unicode_ci NOT NULL,
  `longitude` decimal(20,15) NOT NULL,
  `latitude` decimal(20,15) NOT NULL,
  PRIMARY KEY (`id_location`,`name`)
) ENGINE=InnoDB DEFAULT CHARSET=utf8 COLLATE=utf8_unicode_ci;
/*!40101 SET character_set_client = @saved_cs_client */;

--
-- Dumping data for table `location`
--

LOCK TABLES `location` WRITE;
/*!40000 ALTER TABLE `location` DISABLE KEYS */;
INSERT INTO `location` VALUES (677697,'Galati, Gala?i, Romania',28.050000000000000,45.450000000000000),(1253785,'Un, Uttar Pradesh, India',77.254166700000000,29.584722200000000),(1609350,'Bankok, Bangkok, Thailand',100.501444000000000,13.753979000000000),(2139662,'Ni, New Caledonia',165.483333300000000,-21.433333300000000),(2306104,'Akra, Greater Accra, Ghana',-0.196900000000000,5.556020000000000),(2657896,'Zurich, Zurich, Switzerland',8.550000000000000,47.366666700000000),(2657976,'Windisch, Aargau, Switzerland',8.218417167663574,47.478986293049600),(2659394,'Endingen, Aargau, Switzerland',8.293385000000000,47.536355000000000),(2660646,'Geneva, Geneva, Switzerland',6.145691871643070,46.202215698009800),(2660718,'Freiburg, Fribourg, Switzerland',7.151284217834470,46.802365534430800),(2660718,'Fribourg, Fribourg, Switzerland',7.151284217834470,46.802365534430800),(2661604,'Bale, Basel-City, Switzerland',7.573271000000000,47.558395000000000),(2661604,'Basel, Basel-City, Switzerland',7.573271000000000,47.558395000000000),(2661646,'Baden, Aargau, Switzerland',8.305921554565430,47.473330054805220),(3666464,'Unti, Antioquia, Colombia',-75.915521000000000,6.766697000000000),(4164138,'Miami, Florida, United States',-80.193658900000000,25.774265800000000),(4930956,'Boston, Massachusetts, United States',-71.059773200000000,42.358430800000000),(5109797,'Boston, New York, United States',-78.737528900000000,42.628949500000000),(7115581,'Unterendingen, Aargau, Switzerland',8.291669000000000,47.548609000000000),(7115588,'Endingen, Aargau, Switzerland',8.290278000000000,47.538887000000000),(7285727,'Endingen, Aargau, Switzerland',8.290067195892334,47.530706405639650);
/*!40000 ALTER TABLE `location` ENABLE KEYS */;
UNLOCK TABLES;

--
-- Table structure for table `reply`
--

DROP TABLE IF EXISTS `reply`;
/*!40101 SET @saved_cs_client     = @@character_set_client */;
/*!40101 SET character_set_client = utf8 */;
CREATE TABLE `reply` (
  `id_person` bigint(20) NOT NULL,
  `id_question` bigint(20) NOT NULL,
  `skipped` tinyint(1) NOT NULL DEFAULT '0',
  `private` tinyint(1) NOT NULL DEFAULT '0',
  `critical` tinyint(1) NOT NULL DEFAULT '0',
  `last_update` datetime NOT NULL,
  `importance` int(11) NOT NULL,
  `explanation` text COLLATE utf8_unicode_ci,
  `answer_a` tinyint(1) NOT NULL DEFAULT '0',
  `answer_b` tinyint(1) NOT NULL DEFAULT '0',
  `answer_c` tinyint(1) NOT NULL DEFAULT '0',
  `answer_d` tinyint(1) NOT NULL DEFAULT '0',
  `answer_e` tinyint(1) NOT NULL DEFAULT '0',
  `expected_a` tinyint(1) NOT NULL,
  `expected_b` tinyint(1) NOT NULL,
  `expected_c` tinyint(1) NOT NULL,
  `expected_d` tinyint(1) NOT NULL,
  `expected_e` tinyint(1) NOT NULL,
  PRIMARY KEY (`id_person`,`id_question`),
  KEY `fk_replyPerson` (`id_person`),
  KEY `fk_replyQuestion` (`id_question`),
  KEY `fk_replyImportance` (`importance`),
  CONSTRAINT `fk_replyImportance` FOREIGN KEY (`importance`) REFERENCES `importance` (`weight`) ON DELETE NO ACTION ON UPDATE NO ACTION,
  CONSTRAINT `fk_replyPerson` FOREIGN KEY (`id_person`) REFERENCES `person` (`id_person`) ON DELETE NO ACTION ON UPDATE NO ACTION,
  CONSTRAINT `fk_replyQuestion` FOREIGN KEY (`id_question`) REFERENCES `question` (`id_question`) ON DELETE NO ACTION ON UPDATE NO ACTION
) ENGINE=InnoDB DEFAULT CHARSET=utf8 COLLATE=utf8_unicode_ci;
/*!40101 SET character_set_client = @saved_cs_client */;

--
-- Dumping data for table `reply`
--

LOCK TABLES `reply` WRITE;
/*!40000 ALTER TABLE `reply` DISABLE KEYS */;
INSERT INTO `reply` VALUES (1,1,0,0,0,'2012-04-17 21:48:30',10,NULL,1,0,0,0,0,1,0,0,0,0),(2,1,0,0,0,'2012-03-22 16:15:23',10,NULL,0,1,0,0,0,0,1,0,0,0),(3,1,0,0,0,'2012-10-27 21:31:16',1,NULL,0,0,1,0,0,0,0,1,0,0),(3,2,1,0,0,'2012-09-21 09:27:23',0,NULL,0,0,0,0,0,0,0,0,0,0),(3,3,1,0,0,'2012-08-17 14:55:20',0,NULL,0,0,0,0,0,0,0,0,0,0),(3,4,1,0,0,'2012-09-21 15:03:43',0,NULL,0,0,0,0,0,0,0,0,0,0),(3,5,0,0,0,'2012-09-21 15:41:55',1,NULL,0,0,1,0,0,0,0,1,0,0),(3,6,0,0,0,'2012-09-21 15:41:59',50,NULL,0,0,0,1,0,0,0,0,1,0),(3,7,0,0,0,'2012-09-21 14:54:50',10,NULL,0,0,0,1,0,0,0,0,1,0),(3,8,1,0,0,'2012-08-17 14:55:25',0,NULL,0,0,0,0,0,0,0,0,0,0),(3,9,1,0,0,'2012-08-17 14:55:28',0,NULL,0,0,0,0,0,0,0,0,0,0),(3,10,0,0,0,'2012-09-21 14:54:56',50,NULL,0,0,1,0,0,0,0,1,0,0),(3,11,1,0,0,'2012-08-17 14:57:53',0,NULL,0,0,0,0,0,0,0,0,0,0),(3,12,0,0,0,'2012-09-21 14:55:02',1,NULL,0,0,1,0,0,0,0,1,0,0),(3,13,1,0,0,'2012-08-30 12:59:35',0,NULL,0,0,0,0,0,0,0,0,0,0),(3,14,1,0,0,'2012-05-23 14:47:33',0,NULL,0,0,0,0,0,0,0,0,0,0),(3,15,1,0,0,'2012-05-23 14:47:32',0,NULL,0,0,0,0,0,0,0,0,0,0),(3,16,1,0,0,'2012-05-23 14:47:31',0,NULL,0,0,0,0,0,0,0,0,0,0),(3,17,1,0,0,'2012-05-23 14:47:30',0,NULL,0,0,0,0,0,0,0,0,0,0),(3,18,1,0,0,'2012-05-23 14:47:28',0,NULL,0,0,0,0,0,0,0,0,0,0),(3,19,1,0,0,'2012-05-23 14:47:27',0,NULL,0,0,0,0,0,0,0,0,0,0),(3,20,1,0,0,'2012-05-23 14:47:26',0,NULL,0,0,0,0,0,0,0,0,0,0),(3,21,1,0,0,'2012-05-23 14:47:25',0,NULL,0,0,0,0,0,0,0,0,0,0),(3,22,1,0,0,'2012-05-23 14:47:22',0,NULL,0,0,0,0,0,0,0,0,0,0),(3,23,1,0,0,'2012-09-10 14:51:41',0,NULL,0,0,0,0,0,0,0,0,0,0),(3,24,1,0,0,'2012-09-20 18:24:43',0,NULL,0,0,0,0,0,0,0,0,0,0),(3,25,1,0,0,'2012-09-21 13:40:06',0,NULL,0,0,0,0,0,0,0,0,0,0),(3,26,1,0,0,'2012-09-21 13:42:07',0,NULL,0,0,0,0,0,0,0,0,0,0),(3,27,1,0,0,'2012-09-21 13:43:28',0,NULL,0,0,0,0,0,0,0,0,0,0),(3,28,1,0,0,'2012-08-17 14:51:26',0,NULL,0,0,0,0,0,0,0,0,0,0),(3,29,1,0,0,'2012-08-17 14:58:21',0,NULL,0,0,0,0,0,0,0,0,0,0),(3,30,1,0,0,'2012-09-21 13:44:24',0,NULL,0,0,0,0,0,0,0,0,0,0),(3,31,1,0,0,'2012-09-21 13:47:25',0,NULL,0,0,0,0,0,0,0,0,0,0),(4,1,0,1,0,'2012-07-19 10:23:06',1,NULL,1,0,0,0,0,1,0,0,0,0),(4,2,0,1,0,'2012-07-19 10:23:28',10,NULL,0,1,0,0,0,0,1,0,0,0),(6,1,0,0,0,'2013-05-08 11:03:33',0,NULL,1,0,0,0,0,1,0,0,0,0),(6,2,0,0,0,'2013-05-07 16:08:19',1,NULL,0,1,0,0,0,0,1,0,0,0),(6,3,0,1,0,'2013-04-08 11:13:29',10,NULL,0,1,0,0,0,0,1,0,0,0),(6,4,0,1,0,'2013-04-08 11:13:40',0,NULL,0,1,0,0,0,0,1,0,0,0),(6,5,0,1,0,'2013-04-08 11:13:45',250,NULL,0,0,0,1,0,0,0,0,1,0),(6,6,0,0,0,'2013-05-07 16:37:30',0,NULL,0,0,1,0,0,0,0,1,0,0),(6,7,1,0,0,'2013-04-08 13:06:24',0,NULL,0,0,0,0,0,0,0,0,0,0),(6,8,1,0,0,'2013-04-08 13:06:33',0,NULL,0,0,0,0,0,0,0,0,0,0),(6,9,1,0,0,'2013-04-08 13:06:35',0,NULL,0,0,0,0,0,0,0,0,0,0),(6,10,1,0,0,'2013-04-08 13:06:38',0,NULL,0,0,0,0,0,0,0,0,0,0),(6,11,1,0,0,'2013-04-08 13:06:40',0,NULL,0,0,0,0,0,0,0,0,0,0),(6,12,1,0,0,'2013-04-08 13:06:42',0,NULL,0,0,0,0,0,0,0,0,0,0),(6,13,1,0,0,'2013-04-08 13:06:45',0,NULL,0,0,0,0,0,0,0,0,0,0),(6,14,1,0,0,'2013-04-08 13:06:49',0,NULL,0,0,0,0,0,0,0,0,0,0),(6,15,1,0,0,'2013-04-08 13:06:52',0,NULL,0,0,0,0,0,0,0,0,0,0),(6,16,1,0,0,'2013-04-08 13:06:54',0,NULL,0,0,0,0,0,0,0,0,0,0),(6,17,1,0,0,'2013-04-08 13:06:57',0,NULL,0,0,0,0,0,0,0,0,0,0),(6,18,1,0,0,'2013-04-08 13:07:00',0,NULL,0,0,0,0,0,0,0,0,0,0),(6,19,1,0,0,'2013-04-08 13:07:01',0,NULL,0,0,0,0,0,0,0,0,0,0),(6,20,1,0,0,'2013-04-08 13:07:05',0,NULL,0,0,0,0,0,0,0,0,0,0),(6,21,0,1,0,'2013-04-24 15:46:48',1,NULL,0,1,0,0,0,0,1,0,0,0),(6,22,0,1,0,'2013-04-24 15:47:03',10,NULL,0,0,1,0,0,0,0,1,0,0),(6,23,0,1,0,'2013-04-24 16:45:53',0,NULL,0,0,1,0,0,0,0,1,0,0),(6,24,0,1,0,'2013-05-07 15:33:16',1,NULL,1,0,0,0,0,1,0,0,0,0),(6,25,0,1,0,'2013-05-07 15:33:36',10,NULL,0,0,0,1,0,0,0,0,1,0),(6,26,0,1,0,'2013-05-07 15:35:38',1,NULL,0,1,0,0,0,0,1,0,0,0),(6,27,0,1,0,'2013-05-07 15:35:43',10,NULL,0,0,0,1,0,0,0,0,1,0),(6,28,0,1,0,'2013-05-07 15:36:16',10,NULL,0,0,0,1,0,0,0,0,1,0),(6,29,1,0,0,'2013-05-07 16:00:42',0,NULL,0,0,0,0,0,0,0,0,0,0),(6,30,0,1,0,'2013-05-07 16:00:47',10,NULL,0,0,0,1,0,0,0,0,1,0),(6,31,0,1,0,'2013-05-07 16:00:54',10,NULL,0,0,0,1,0,0,0,0,1,0),(6,32,1,0,0,'2013-05-07 16:04:34',0,NULL,0,0,0,0,0,0,0,0,0,0),(6,33,0,1,0,'2013-05-07 16:04:40',10,NULL,0,0,0,1,0,0,0,0,1,0),(6,34,0,1,0,'2013-05-07 16:04:45',10,NULL,0,0,0,1,0,0,0,0,1,0),(6,35,1,0,0,'2013-05-07 16:07:09',0,NULL,0,0,0,0,0,0,0,0,0,0),(6,36,0,1,0,'2013-05-07 16:07:39',10,NULL,0,0,0,1,0,0,0,0,1,0),(6,37,0,1,0,'2013-05-07 16:07:53',10,NULL,0,0,0,1,0,0,0,0,1,0),(6,38,0,1,0,'2013-05-07 16:36:42',10,NULL,0,0,1,0,0,0,0,1,0,0),(6,39,1,0,0,'2013-05-07 16:36:59',0,NULL,0,0,0,0,0,0,0,0,0,0),(6,40,0,1,0,'2013-05-07 16:37:07',10,NULL,0,0,1,0,0,0,0,1,0,0),(6,41,0,1,0,'2013-05-08 09:17:15',1,NULL,0,0,1,0,0,0,0,1,0,0),(6,42,0,1,0,'2013-05-08 09:17:22',10,NULL,0,0,0,1,0,0,0,0,1,0);
/*!40000 ALTER TABLE `reply` ENABLE KEYS */;
UNLOCK TABLES;

--
-- Table structure for table `accesslevel`
--

DROP TABLE IF EXISTS `accesslevel`;
/*!40101 SET @saved_cs_client     = @@character_set_client */;
/*!40101 SET character_set_client = utf8 */;
CREATE TABLE `accesslevel` (
  `id_access_level` int(11) NOT NULL AUTO_INCREMENT,
  `description` varchar(45) COLLATE utf8_unicode_ci NOT NULL,
  PRIMARY KEY (`id_access_level`),
  UNIQUE KEY `description_UNIQUE` (`description`)
) ENGINE=InnoDB AUTO_INCREMENT=3 DEFAULT CHARSET=utf8 COLLATE=utf8_unicode_ci;
/*!40101 SET character_set_client = @saved_cs_client */;

--
-- Dumping data for table `accesslevel`
--

LOCK TABLES `accesslevel` WRITE;
/*!40000 ALTER TABLE `accesslevel` DISABLE KEYS */;
INSERT INTO `accesslevel` VALUES (1,'Admin'),(2,'User');
/*!40000 ALTER TABLE `accesslevel` ENABLE KEYS */;
UNLOCK TABLES;

--
-- Table structure for table `picture`
--

DROP TABLE IF EXISTS `picture`;
/*!40101 SET @saved_cs_client     = @@character_set_client */;
/*!40101 SET character_set_client = utf8 */;
CREATE TABLE `picture` (
  `id_picture` int(11) NOT NULL AUTO_INCREMENT,
  `id_person` bigint(20) NOT NULL,
  `caption` varchar(200) COLLATE utf8_unicode_ci DEFAULT NULL,
  `picture` mediumblob NOT NULL,
  `picture_format_name` varchar(10) COLLATE utf8_unicode_ci NOT NULL,
  `mood` int(11) DEFAULT NULL,
  `thumbnail` blob,
  `thumbnail_format_name` varchar(10) COLLATE utf8_unicode_ci DEFAULT NULL,
  PRIMARY KEY (`id_picture`,`id_person`),
  KEY `fk_picture_person` (`id_person`),
  KEY `fk_picture_mood` (`mood`),
  CONSTRAINT `fk_picture_mood` FOREIGN KEY (`mood`) REFERENCES `mood` (`id_mood`) ON DELETE NO ACTION ON UPDATE NO ACTION,
  CONSTRAINT `fk_picture_person` FOREIGN KEY (`id_person`) REFERENCES `person` (`id_person`) ON DELETE NO ACTION ON UPDATE NO ACTION
) ENGINE=InnoDB AUTO_INCREMENT=6 DEFAULT CHARSET=utf8 COLLATE=utf8_unicode_ci;
/*!40101 SET character_set_client = @saved_cs_client */;

--
-- Dumping data for table `picture`
--

LOCK TABLES `picture` WRITE;
/*!40000 ALTER TABLE `picture` DISABLE KEYS */;
INSERT INTO `picture` VALUES (1,3,'Profile Picture','\0JFIF\0\0\0\0\0\0\0C\0		\n\r\Z\Z $.\' \",#(7),01444\'9=82<.342\0C			\r\r2!!22222222222222222222222222222222222222222222222222\0\0\0\"\0\0\0\0\0\0\0\0\0\0\0\0	\n\0\0\0\0}\0!1AQa\"q2#BR$3br	\n\Z%&\'()*456789:CDEFGHIJSTUVWXYZcdefghijstuvwxyz\0\0\0\0\0\0\0\0	\n\0\0\0w\0!1AQaq\"2B	#3Rbr\n$4%\Z&\'()*56789:CDEFGHIJSTUVWXYZcdefghijstuvwxyz\0\0\0?\0\\u@uȩ1Ikn|Rc6R4w4f)1=#ځԸ8T2=IiJJ*BJ*\0\"b3yOoY\'z< t_m,{\nH㓏ϧ^]|ҝ7eʧ5y;s2yO0ss\rcm:#{V/eY%B\07B̩I&YdmH\0$z8SQKv!K0IxU&CAں]=nsU4;c4`# zfWLd)f=( c֤ێѷ+vSb(\"0R\'ڝOLSCE)h;)rjv\"#0qRր>܏ޜmzԂ2hV50G95͉ƄoS	y-|C$dJx%IF}=j[X`nI$ c<~O<xNpk8U{}V\Zj\\0pA9W:dHZ،Ӟ+963\0R\0hèF\'R\0=95۹סPߴ%18c:V^8D.mYNiXp\\GV(H@*P{Őх&iF@Zp*a;v?e̹ErI\n	A<9=yY\\;y	.Q8=wRgpn>p\0sۊ	Mzskn9&H_S[\n껤C9#߽zT1rQ{0r[,GRc\0KA\0vus礬#h1})cڟތ>\r2=S9ȣ&j19ȱ~j]ڡu*(E4MԚOv@]c$]Ϳ*A$nNLZmF+wgP]A\0=fEMu!Xf#@L|+*{k\Z4R6IFUfݏoڨseX Ilw+FYi:`I#=Oߵ7^romeWry <W$Ҏ*3Wf}j7.=zU$ir,*9=qi<I$*#mզ-;X\\N\\r89<ӵWRжI1g\0]oZ~Uk\"O=0:\'q\n\'ӶOb982O#>eM\nCp\ZdPɷ[;dt=]4g+B\0n `XƧP\r#*-J9v@~NF}FU$t.l&!FU\079{V6wZ>o\\	1ߒ0{Z?ƼN4W2F85h%V+ \0+2Qt~%ҍzTWxDqARF(IO֊\0(mv\n6@db(=O8W@S\nI8^gf݂͌@\0/4Ou=GK~BH)C~&[߱Ȥ~X\0\nO[eb88W^bY_9cvMI38y\0n\0Z}e&~]:<v|;J0g\Z\"b0HoAN{%ĭ^p[@\0A:ehQ#^v*NI@3ZbHV\0dGx׷jmdZ\ZV#=\0הDiTh~uP!/Пެ*9mqt:\'IWuSs~ծ;=fFKc:\\i3\0`8#GJtxLe؈tLKP\0z|H5co݉eZϷ}9X;ai\n#+D0&E,rA?G]wG B,̳t>	TC1Tz1\\yfC)$2}:z֦a$R1dbqI=W~4,M/kH\\1ޗo4Gi WeJGj|q_HuseV!ٓFqSlo2W!\"4Qvib6Sg51J	e3d=2\nA_4HHx`s?^uQԃqլ|I=k̢ܓ}.Q%[ޡ3[9䚂97=ri%ܲ1HgaVۑ\0SRV=FehV{~UibHG#NF|\'WQ}8I,@\0O:Y=1a9$ʽvLcPČ\"9\'?Zti;Mq\0A9kn\"LR@O^ʹ֡\\cn3|qXE-wp~c\\x@=qXw:pqO@mR-JO~]X*\\A W\\j: \'ѭ,5\ZB3Tw^VX\0p\Zص{y\0?c?o7KI=\0:2HRy:ZTy]\',,!H#C\n贍B(.Ix>ҹNԦqHr9 ٷbm¾G3GqZ\'fWMis:V0qVJ=nm~|tJ^+>;i\r`\'OQG*9a]j{ob\"ELUAEW:>Vq:5*!Șnclp[\'i3_=b9:2\nSʼg&\nyffҽKCB4ÜgV\nULӄiFIYsךG<\Z$%\0\0b0I\nzuk)Mh=*F5ra2+5[Wx\\`==jGWKES\08!t0#^5j~V>UZ\nHH+ק0Xvdǈǽy&l=tLV4l:娮vgGxw_i8 rCyٜF,H.=9Tzl֠$`::z$I5\nTj筎@C{,RI?V|Kớkc{3 *D:lP}?׶_Xqیڧ[Ы+>dJŘ@>Km>hyu/\"2~TD=3uO	D,NLmo\\[<HaA>դfNa|8AkZe3yU#{סi\0I138UJ4jTSkV*/Vlg\'Պ\0@\r\0ztY\0ֳⴚhPpxzHJ͑iNTI?KV(#k|?C]̮J0=ƽn[{lA)#{~{x(Ø	^\\-4G^M&SwfB9j͞[8B?Xv4xӄ$;۫KhVcOmS*T[Kq\n|b;G^SNUe(I[kF ys^|:}C)u@0cd0s\nAbl<Xڧm!dXpc#\'TvzXr-lUF\r^@*w#ۚ*\0$O1m6CTmHN{E|}k.<Nr2:k6A=k>):bXc*\"/\"LA?s)OS.\Z<C]j\Z-Xp1poA\'\0I\nzבR\\*Zz|#?:ƶkd从H?{D=HG#\nvVz|1QXhoR8	pDIcWtּL^{BB.y\0u??N8[fHf<ޭTZXU.nۀ_<ii\'*=y\nNI?UF$2dv(濉d[@ ⹍[U7<s\\A\Z\'v*~QUnAힹAJȯ]dqX0ݔr]K9,X/\r8J</l\\`Vu&Z}\0X};GR<1^Kwf7nKKTH?װ\\M{TTGb}L4f;Ƥ!1;88<P\"=%q5PD6}WGrJ7G88UΒ\"4={7r0ERMx6v$(Nh;nb:$_nvH8=NOL^mib$,\0pJr@<c#$_13l3e AU2F	<c^Xd9y2@i\0<F>*SǷjm4uz&^kd\08 cMr֡]YVF	bIR	8\'>:m&%7 bf$zvv(.#>	s=*\r=r|wB+K\00I<\Z|m\Zvpa\n$dVUC\r\\HgA=NG\\Ηd1DysӒ2pzVTq:cJ)swwWS\0$\\~W&Hp0zp?u_#<,APH$،ʮw/ack	ŻwShcUXߑθxmA!eKs<n_=+.ᙥ#?ZS-my8mnv%&73R_Fh7!#\0+G\0g\'*=ӽdT]x,y4sw#58\n9=Z`$ɷ5ɢ9!\0WFEs*[ J]J  @#iBr\Z[	dUnۛ텦	t\\q<0}A+hJڽzu1\\@KӠJTWx&XÃ1zsaH2Sp$SEwFqtH4&2epBLQuO&N#p`I\0\0+CϨ_4,b\n\0fP00@*+N\'c{,SBg(OAI#tD*</=QZ==QBfۘe\0G^^w\Z/P	 =^HZr\\ľV8cFP(<H8Ұx\\X@,ıy8Kz\'kKxQ\'rэ#@r\ZڅKF1X,I da	|/mGOa6;LI~1ڸFG)EN%!b@*v\ZWS<RpqzWeIjQ@fA }}+Yj:ųIhH :-gT%ޙbd-m\n3MrI()ţA7|G^N2,J0889g0tAխ-HYi۴0zNk<=+-&vP9\\$޼VouCq[\',r	#$8g5\')^-3M8CޢdSsT#-XI=?AV^\nr+Pǡ\nWr<WmR>RN>U+]VcO ]Nhc)`H3K7l\0cԯ)hQʩ\"I=1ҫ3\\A[o.\Zg\nb;Zlq>H/BB P1PT2?:S*t\'\nJ\"A #M2F+XmLfkDm!URh8\0\'ub=HC9\0n\0\\mAeg\n{6qڈH%\'GpXgXORb9zG5KaK۩.RE\ZAe$X9\0~\'Hp\01clT),v>\0Tꗶ^\\aY*#8 8#ҡԕ^%f{).92G1Ep^dKM?a]\'\0.WXytإmckwN)##\' \niW224`@flP$}+2+.akr.\r̍\"F,q Eh7X[dJ#.3u9 >U.6(IH{lxwGp\n3!\0	91϶1\\F[y!dB6J YK4iCҳ%c$\") 8#?5qD8A+S`[r@I\0Qo_ \0H8~x\05Ԃ6f;TG @\0zV|jS|NHy\'׶~%ZZU4͔i.|̞ans>{yoipt$\0Jc8`秦*!.7B}+ԆRyݞṣ)xDR,3\0A5\rg<H3$5]!]b@`X@2T~5[\r=\nU=+E\r͓L\\	0ɲ`8$t=^AM9I4ָy*tSi/1X-8Ñ3*rWd.b8Qsӭ\0R\'>rٚ53r*P0qcJJT2J	 ghͽH8D\"4~uKS6 ]}T\0*朓PGtwF=7^\r^.w.Ǫ]>\0)$\0k^W$rԕ#sbA<n`DcqB]FZqVSZ۬H;b:+.ǸV\0RfSp\0Ǩz	wEB(\0\0~QeS#Gn#~UIPF:d(:Sbk+#tZefSHFx擳G]gGҬ0̢+VwIҴ5/-bGۯ4X\\p27rAahM۽\\iJ/̓	 .~w5BĚϖN;7)I&EZJOD\\UyRQݛVGio\Z)\0\0@\'HTWIIcavhmߦH8IEX4ZoڜG*ly1|4S	bfu\n	?VG9wٍ71浾ֳ2=+NhI ]#I:p@#f[Q;Vsf;Y\\eGJybAA~.|5K!޿E`Y3|+cUU`fN7d{ոvHRè#\Z.1\\-;sLFRu4֧1\0T8Jf^1,COV0zm1U+NZ:MHv8`]h\Z\0\0zb|(sq+\0Z^)A3汵$8@p\0w@3m3\"U=sWbK.gfG`ێOrh2\Z{-iHcBQN@ɩVV|gOJ(˗Q~ю׭eM3.<qW<Y\r2v`҄Es(ޞgf8>Y@/bMR\')OwVJpAZ)#vb4Q^Fj=԰\0^+ljPOJ(=?\npph9I2>ti|(&s~4Q^_Ǒ]94QEjA','jpg',NULL,'\0JFIF\0\0\0\0\0\0\0C\0		\n\r\Z\Z $.\' \",#(7),01444\'9=82<.342\0C			\r\r2!!22222222222222222222222222222222222222222222222222\0\02\02\"\0\0\0\0\0\0\0\0\0\0\0\0	\n\0\0\0\0}\0!1AQa\"q2#BR$3br	\n\Z%&\'()*456789:CDEFGHIJSTUVWXYZcdefghijstuvwxyz\0\0\0\0\0\0\0\0	\n\0\0\0w\0!1AQaq\"2B	#3Rbr\n$4%\Z&\'()*56789:CDEFGHIJSTUVWXYZcdefghijstuvwxyz\0\0\0?\0!$jd4@GRO\0tzUܳ;	:~5*3pQ}E~Aq2)/2I?/\\{Y~^O !i*2;֔	EkD@_nkWN\\KZ4R!d#iuerd`sڽG#*7tnv-Ջ\n58ʢy^WyW9oVKc#6OfEKov$\03ԚJKK]Nɑ&0GPADCyП\0Jm?y]OT\Zw,ИXnxSv_cfcl/z{|=㸆:]䞀c$e짼eI08<דeSO.^E0MG^ٮ7ʉf\Z&G}Kg!qk+jE$UhzK\'fQ;\0<_\0\Z+R(DʃE{~_#uMb+-*Hbl~SGX\Z^ڠ-?ԕ	b?c+kkID	%HO~{A#{Y<C1\0+ħ\nd}pKˋ)\'{sc$xֹɮ!$f_/98T#O{3#9-/-PW\0Q&w\'XTJ:7s_4Ρ]zU[NdϷpwz599&uKm$?JJW79il{!b(6s߹/sÚ+&71!`%FFVBP+b(FQEzWqfƏ9c׆X>O#(?3)`?l\n~_\0u~L1`EWyG','jpg'),(1,4,'Profile Picture','\0JFIF\0\0\0\0\0\0\0C\0		\n\r\Z\Z $.\' \",#(7),01444\'9=82<.342\0C			\r\r2!!22222222222222222222222222222222222222222222222222\0\0w\0\"\0\0\0\0\0\0\0\0\0\0\0\0	\n\0\0\0\0}\0!1AQa\"q2#BR$3br	\n\Z%&\'()*456789:CDEFGHIJSTUVWXYZcdefghijstuvwxyz\0\0\0\0\0\0\0\0	\n\0\0\0w\0!1AQaq\"2B	#3Rbr\n$4%\Z&\'()*56789:CDEFGHIJSTUVWXYZcdefghijstuvwxyz\0\0\0?\0G54TPM(l%VzMrGYwM/|Ql$n0\0tpzĳhu8	1֏,\0Peݘ2}+euȩ<WCOP:58l^=RÒzGB$SSր1xᓐia֕وtggzdC\0pFz`;NQUipIz0]:SuZ^jFKDAڻ<NF\0ׯtFo6\0xz\ZFk2u\01\0^\0\0nhկS\"A@N\0ע{k@-C ɫO:$e\nyGH,/h>C-ùٮH|Cfpdq,	^I4҇\r	Ҷw0\"os[vב\"=\ry\"B?vv=	?ҳ\'t_DtS/\0đeR1R:\Z\r\r \'VȮJt=o.5~9Z\r>1ǥuSЌ\ZdP.Ď}զ	7n|?Z>.#,%Iؖ`jx-B[>Xa==<bԳ@ٷq\0f]=A(=q\\ֲ@x+unu(B85yZ\0\0)pqGQVo-JPbE=ESV8%Z1e~sA\'_Z#\0Om]7uVHk1=\rIezm/#IXg+%n[\0#º%W9kzeNRM@>c]vv\0fCp?	\nGECd=G9ƅFqT/e\nT\0uGs{s\0\n}SiSW!Z:qL_.m@a-qS>L5Bim#F85VH?hj>/3?=FД	vSeU$~&.s@jUs1Sȩ-:\0ʓD5nEXM\"4ږk@M\05NYm[+9^3ʴLh؛; `srq8!W&d=:cր+yAFgPy5V\0z~Uzl? bր=_g,#LI۵zC{hٖn·#|ζc9`	\nNCߩ!mWJTn⹶Pdt$yluN>_uN仴\r8+2uaP:+˙o9ʊ\0UQbYvk1s~$bgw4FPF=*dWrbcϭeM.׆D6C[	^3^3hb}Om4uq0b\0\ZCe	9fvX[m\r9̤Ghn-5=̖4TOZX#@\rgYJ@Xހ6uLrz7iYz]ńrpá\\Yw)Z7.\0SX;L*bdsE*\Z\0|We6GA^s}.5?6iKt\nk{F#\0nAM?w9OsS<8Ny(9HUb\nO<uW9(A|ZlrAV}5tWIFmf9x[5RYj\\( 	&/7Dɓހ ݭ3ywp3Q]xkN/NNE\0|m6%3Ny[x\Z%\'qYwNI	%d\nwEdJq!=j؛dKLpH1Zϔ́l?^߯m22<_2;Hd9WО\r:֓\r#lïW+ev6,p\01i\r핥*O\nI |;mZ[#kWQ\n\04?|{`u^0;-t?wVծ\0E<9uc+c_Ͻ\0`]j)fX!|\\62\\C:j/@9ںǵx_9$Ƹ\0.i:A@V )U櫾3V.vsұ@Wu!i\\8wkaϲt~=NxrDyp?\0Mkt#NsQI_\0zehI8SW\0!V1;(UA!v^}/Q2Tv7e=8;mu=ziO38?-1[ߴ`2NELr2XIIΫHvZ\0$1Tz(_Z\0o9\nxojm!*ЏqYY%:nGPhXmxWGRZԻWL2vk\rxw%e=\r}oXxK[ig^}q̋\0dQyKomWR(\"yQ3=XւGG53V \0+-Pcހ*1|u!}Rt9֛n=W4sq%ĮY%M\07,Ğy\'vxXg\\Uqjxuɠ8#c;R8,☘<@\n7d\Z@0z3Llx8	$A4QF\n{E\0XIʮ8U?E\0LsP>9dQҗ`V¶7HԞjp7zmҘ\n&ycޫJs6~v)PP[\'@\rao_xSVvZ2q,$k.9\'j?Z\0[Cp+R9_ZxMN~և=6s_+[ 5x~])@YK8nnqҼ1<+ʼvM\0yu.I<\n\ZF{|WSۤ AJd\rPF]g\n0=:6H\'Zt1\ZdjKH<\0LEDFT)w\'a\0	RL5 稧o_Nhۥd\0E\0e\Z\0\01q`8\0\\opsE\0HO?h*AE\0yօjUH<zQE\0z%rsyԗu36ap:Pjkb6vw˄O&(64qt,p(6?ϸqQ@ N\r=h=\0:&ڊ(ą8Q@','jpg',NULL,'\0JFIF\0\0\0\0\0\0\0C\0		\n\r\Z\Z $.\' \",#(7),01444\'9=82<.342\0C			\r\r2!!22222222222222222222222222222222222222222222222222\0\02\02\"\0\0\0\0\0\0\0\0\0\0\0\0	\n\0\0\0\0}\0!1AQa\"q2#BR$3br	\n\Z%&\'()*456789:CDEFGHIJSTUVWXYZcdefghijstuvwxyz\0\0\0\0\0\0\0\0	\n\0\0\0w\0!1AQaq\"2B	#3Rbr\n$4%\Z&\'()*56789:CDEFGHIJSTUVWXYZcdefghijstuvwxyz\0\0\0?\0{)`xYFX5L\Z-lalOVyntlρ)XZ\0AuR]Kd*\0xאxZ9\ngɨ#Oy28\rZQ$ڵ鏚\'sNUԆALy/9$uoz\r߁hwU\0v\0\rT`gfm5b&f}jWujWMԂß)|}1Ҁ6SR?>b!e#d[,lopLrxKK],Mk	$;?=fJ\Z/ױiF@`̖=p?\0AEYbv8=;ᗍchCd\"|*Y[KvWf;PC7|pq1hIVݑȯ]j[U|G#o+Fz\0%$J{\nMR;KRǯJğ&fZMqxYUfhc`Y\0ϰZmboFa+b?W\0(֞8 \02OZ)Y*\'[wE$ڜi0EE5oE\0QE','jpg'),(1,5,'Profile Picture','\0JFIF\0\0\0\0\0\0\0C\0		\n\r\Z\Z $.\' \",#(7),01444\'9=82<.342\0C			\r\r2!!22222222222222222222222222222222222222222222222222\0\0w\0\"\0\0\0\0\0\0\0\0\0\0\0\0	\n\0\0\0\0}\0!1AQa\"q2#BR$3br	\n\Z%&\'()*456789:CDEFGHIJSTUVWXYZcdefghijstuvwxyz\0\0\0\0\0\0\0\0	\n\0\0\0w\0!1AQaq\"2B	#3Rbr\n$4%\Z&\'()*56789:CDEFGHIJSTUVWXYZcdefghijstuvwxyz\0\0\0?\0]xKN+>ˏCmƙ\0[en@>AY?\ZՋ=YGL=[ej	6-Dy<ev}XWoǛo\rrVI\\\0+񖨚&-m,R~:rHV3iݘ\n.<A§di[֣pe-ʎGӵAam)EbN{S叼R:PL˶;nnj	|ND`q&8qY23ZE$|P$+b5+k0:<Iw9ҭXLВG2d4G3:4D;ڤ\0>V9ʰ~^?ti@Mp_b^CMaV.cRSfv±pǟz%ީRΡ$W\"ۉ9=*ɉii+!*u(YP.Iº_5{\Zݲ}kL55QA_O+穰GP: Շ\ZxP{_)&YTO鴚֍1)\0ޣ⮏&^fA\n\"\"3=9(k\rŒDV8[<;6\\L\\#hW\"6۱8%QEn䪃7<\nH=NgLlBAdX7	H+lHY+,爺xf<t\Z&e8\rm#qqV<KepGoQwrw2VZ1=9Uq0\rge]!֫NGLfqҬDykby:-!k}]]Gj1]VW#8>rKaIAC`]͌\0dLҊ˰.l.G^k	S!N\Z([\rZ[EhBO\"^5kXb(fuo5C$|.½\"5E&y449ZML\0v#G[jq\\x_uڔI-#k#o5^y4gdsxaxT)M\0%\\G=hsfv;v+i]mQpeg=+4{ui&$FW#\0=yRRl\r5,ʱ1eIVy_,8AWKKWyb̀\'qXwڋL!O h3MtO43akC6v\"Զa\nyAq#uuxqv|jhaD|L#}zrY05\ZĐ<Lە`yZژ5rU;qߥV,\nRȤ7,B=ÚRU\0G.{[P{֛20d#&I.s>XI:/\0_tj\n[\Z:\r$!`?Yӟ`H^0zӹ\\ñTg*F]FҴE<yC*Ƙ_!ټ5sL$y-n_\n5TIcH>S=u`5W;s̵#=)~)0^[8>k\0CFG6+ֵ41晰3ּ48}~h`m~W+6%(rXגKB(F2oǨ(9ⲍ9A%s\r84E(+ۈ@=&b.FTrx8՛NcDf9BC⹵F)\"˻dr	?Az֐R˕DՒ1!u\Z;[|s+sNy;ʤ$`W=4r\n:\"wjӼEmfgbzv;	rFpZ?b?jˁ\Zgk1\\z#2<Qec갮~X[I bR^~nAo{Cw\nL\\H=*/\'$q޽[\"R\\gȐ?Ia}*v2SsNRVq>Ց`(\\k\Z1\'4T|Eu\\V4.oa`:Vt	\rrpeqsmn::\\ƽ}=Ą\nỾQ:\'\'sDE4R@8[VPrҹҵ-B$gdzƇ&aY SJiΜ]Sܺd30UN1Y6ܹPZ/PxE+s[ve9Ek֥$k bG\'+^{ގקak\Z6ih7m&oXT`N?s^\"?ڲ\0ǭf6}GO/\r;q\0VCiX3P[잌Q1a.AV8J39eҹu]If8VsUK/NK줞bĽw2F4Q/Yn?OAPzٓQGAU;ff\n|wSJD`ĒZIYZܬa dϱ;uM͸ҴyޱfIn1N`xf9\nR#>L8ϼe$\Z7($`G7kR;|Kfo|ev3ڲ=0\0G?`2nƿM3,cP#ҼA9!4Լʎq[wCn$V~SI9!ul\'\09⹣i-ORJ:v!P\nM\0o	0~yY!}cQvm^DU-hmK!b}\0IJvc?Qz-$V4psǿUgfx8jVR&s*H%Sd8u\'#WnMr	\0]QB\0ߖ23eܦlK8pS]l9cqonZ7mĩҵt[ @z}~6K5\0B+w#א^\ZLd}ȥ\nymyZ+O42wI̊:Ҷ.K<ٔm)=A=)Ol=o*l,]C qA?A-]$W%Kte+;7Чa`=\0Z,N>@H$pV	2\"qQ-[>_i8tNuZdOzc&mq\0m-lky^bҳ1kwJxۇ?+P̣\"c܅vW]\r-nIf\0EkỔ	]⑵@*\06һt\0(Zt<MHT<|to9+]gu$202dQFSUm6qVȊm;p(r\0u{VLV/OB;\0VNHow9V?µkCV70j2p+\0y[	*k+$LyWu;i@+\\=[G¥jehꤨzK)hШOsŻ$H cѴsU*?~ѣ9%da9+ xcjEn$JҒu?¹{4״\0Nt{0>x|2r)WRC+Gj>h6g>@b?\"Eulq\0Y,Pb]8Z4Ы(F0K6\03^eUU	0ck`=?Jfb@~X`גCFĤĥ}5ToP5<G+;w1 #1Mv3<͌k3mWR ְ+;\0*h⿞)s$c\0*ъz3ZMT.{ȥ).9\0ǩM.4TE\0/UBgLzqTi) )<&n{DȦV;ZFI^6(X:QEmqT_R<;2>*VH0\n?Q.YT9Z(7z޸\rY/vS<\0SQEf!3ӵ{ E\0.X\nj({Q\'TC=Z?OqʑqEAl4$UKE9G=袮|?Iq=J~GW^E:&	Hfg\0UT5&XI-RibA On֊+6	7T*\0t\0t⹝VI!פ1I?Vksyl=a2ދJE\0GR\n@֛%JǕpG<UKfocf( ','jpg',NULL,'\0JFIF\0\0\0\0\0\0\0C\0		\n\r\Z\Z $.\' \",#(7),01444\'9=82<.342\0C			\r\r2!!22222222222222222222222222222222222222222222222222\0\02\02\"\0\0\0\0\0\0\0\0\0\0\0\0	\n\0\0\0\0}\0!1AQa\"q2#BR$3br	\n\Z%&\'()*456789:CDEFGHIJSTUVWXYZcdefghijstuvwxyz\0\0\0\0\0\0\0\0	\n\0\0\0w\0!1AQaq\"2B	#3Rbr\n$4%\Z&\'()*56789:CDEFGHIJSTUVWXYZcdefghijstuvwxyz\0\0\0?\0ED?*~\"xVjșHkn!\0ǫ~,zUwĚgGd[qV8c]OQtQ\nyG_βRp:䷶Ҡ#dtreIjWocǠR}OT&XGb4zVsNHٚ??ʊ/Z*={\ng.\\IS\0Ba4b7$Cg/+3\\d`%\"}\0׭tTݢqv/ ,_ʹT%\0\Z$W8nުf2H$#\nyq\\r,fG$4jcMDo{-uU\r3>1+GviiZͬ4~lς7cW дr\niI䒹}}h@>I8TG!P\'9yί-B{\Zn9e \\d\0zVz܅Lh\"4r`N=z_ž#\0WGi\"ެ01@]֓p1}\0\\#=Juy\"!%OCysuvY11OQJ	{>RPiGSK8ܤ7U|яLQEi#(c\0\0\\~U1U,	(n+ſ{wΊ*|AOcvйh','jpg'),(1,6,'Profile Picture','\0JFIF\0\0\0\0\0\0\0C\0		\n\r\Z\Z $.\' \",#(7),01444\'9=82<.342\0C			\r\r2!!22222222222222222222222222222222222222222222222222\0\0\0\"\0\0\0\0\0\0\0\0\0\0\0\0	\n\0\0\0\0}\0!1AQa\"q2#BR$3br	\n\Z%&\'()*456789:CDEFGHIJSTUVWXYZcdefghijstuvwxyz\0\0\0\0\0\0\0\0	\n\0\0\0w\0!1AQaq\"2B	#3Rbr\n$4%\Z&\'()*56789:CDEFGHIJSTUVWXYZcdefghijstuvwxyz\0\0\0?\0Ug^00YH9RmƞA*]3SeT簥8T>QaN	9XiԪɏJHY`=3֘S?(u2MiOtjRFrI;VhV6KeuX\0\n=9\'Fj9s)U8 y3Ntmksny+\'	z+2A6W3J\Z\0HԺZ3H%teK)[TÐj|y ҭ~%{l&&6\rqY>*OTc(8Qn\"?Y9G\Z0GA=\0S2@8H	\n:Ҁڪ+}\"۩`\\R^iJs38&6Ҋq?_(d0I[9`bs:fqoaqޗ$J8>\\V#$*Tq^ǔE*H\0)ر9SLJvӀOCڋc*۩*N@,Q	<zYQFCgΤ쬍CWfbxWR3Efjӡ@<~_?\Z$ԭsrbR^mn%\0tW73&<ǉm(rrXO:Wuđ.K%R\0<-hןjGXȋ`8eñ{>#Tq\"`!g:T\"0-#	(\0W_Xk6u(?)$#=źyZ*KLuTj8̥I5fPؑ՞}3R]@0x*I\'*,r&yӋ\0Ҡ8aПH S:Uk7۟i\Z!\0㚥tT<|\0-`}j-\Z2H1M<L QEũl\"7$n$I9=#_#\Z<՘tK2SgP~럥4GhzA\0c+nf\0nFf	<L{[#\'V*\0LRpGS\nigŷ\Zu5\\֛}L\\$2@_S]64%b r:Uh#匜\0	M;մH`;H?ZSeq%(dB{\08!٠ǴC)Ԋ\rN)C˫gsP	+6S-w}D\'=HEh̀\nX\\>#ebg\'wcx\nhHdG$WNܜ^-]Clv)ap+ƺm{=R3>ڱKWÏRSFD+r+26?gyclOR4|[Cwhg1hcP+od{֤yad?<׶=;ȲFA+<R@<9<d\n7q=7LԖB2\0`g8KAAu<V֖~!{@LpXL!Q*cfqW]F(`jӈ$O٤intH<>xͧ\"n\0x\nH\r?22#h	FHZz{y@?h#S˯΁r L[k86`*gjhYGs#JsK[M- >bHJ_V6\0O?$Gca\"*K0F`x(d\0&:GH%6CQEǡO:\\E(eR8\\Cv^}v26PH*ۆw5:>Me:H#A`U|-J2JKs(qp:\Z-3w|9ao,s	\\`ӧ.)l|7h`Idb̂D%QlS]^i˓C4˛k)L@!ǭh]Ӣ$+$WgՌ̰EorI<Ō=\",	\0?\'\Zu%=\\&YB\'*L|Am;BmN6ʓ;E?u0+Sc#Z0Ie/N{xo\\ z\\9v#xP{Zsy/Ks;CRz{{{OV1\\EJHО@\09$7=Bw#H|h(:F3N.\n2qvz։2\0pW#$0F{d\ZKWcX`O8q*Y\08<dPI8J.nYcr@Ϯ+xn6ːWbQ^mN$9T\ZhqzgMm̈N@8tW+dԄ.5P\0Gqؐzc^ATvp22E}5 (񖪚f̛a\0\\T4N9KKIZWyUD\\^X݈6\\)?x>4܆L${?Q<Mk6QaV@޴RITȮr\ZEى\n%A^ZMn\"͸23g5^[\0UV<ԷeLrO#ڧ+#yEZ4=h|#mV7SeH 08֮\'Ioum0\0n\n\n9͖;\\w\r3\0K1jXU[JD@>5A)I.)}*R	J[_q^D!*Tg\0s1>]s!W*V,-\"LqF (R&PR|-k}jg`BFqМQ^#p\n8E.f:\ZEݕ3K\'ӎnt\0\rBHO:^ya}ds?tfVIQ+y~걩5cqXMW9|XT|M?E5}J@[\0\\`r3Y/y{qhdU*H!6	<:5NfT[%3xX	\0rr\0>Bj?1b9(K޴xFi<7\0Ey`\0\rpkH_5,Ps\0amZI,$3\00À\0ʹLV0B83ctM;XNtޚ\rJT1e^O ~X-70;K;A;~K]V$EcA_zK\rHx|$zVvmMIkT9֣]^MI\'#FIt\no^fɈ&E\nz p\rP-.rv@A$9ofu;{f4>?\Zgշ;kv4`\nObO8\Z?f,ѕ㊹ڭW#ASFqUl5	Q\0PkKfma\rx(AÒsڶ6;Xc9dԱ*dPI] 6rGIO)<Wj\Zm[h4N>.M}0$-г	,OguV_xc5aײ_\Z}Pp0>}}+<=agjjۘA/Mc ]7:}ʱpSr3oJt8%	WO\0ArU&-OW-dFJZŮ Tޒ;\0\n\0GokVӴ~Q$,2@ q׏u` bM<ܓH3wF1p=?:.G+^],U[L<ǈ0$fgd,qgA^%~PA(.-nr<Mq(Дu9c=8Bzh(Ubk\"xVODl2^+f_3r3\\[h%J`=OҒY2*-8A ~MƦYGں^cZ\rV݅K:N\nLA9EP𮗨jP\\[KIr0\0@I\\sE.y.*j+O+(翵Y\07y#k7Uӵ1۩9=ٖ_/E0ʙ`A?N)4z+(\'y,p,Q2NF	\'zasJwn.4\nz:?lNZ:~7)w\08BvA#>\\UxT\"fMOa?ḧK.e(F;mQq8z׾XGxW8!MAs\rnd\r\"pAQU\\A]4HQ\0\'\0zH=vlۧ)8TdG9jZyn*tWV0t;	anVHA >zYA!x\'g$#D\0z䓎})5mE$gf$\'d@ISڕz8.W=S[;3r@=k_mRI}N\'Kv2`8\0\0J5YR.I 9\0_G[MJheaVrf$[\\Ֆ\'\0\08ڳn5p6I;_d%A8`={ם]x<EqRA$V3$kN{b9_WA,F\0?S^_jm%BsY9\r66R~F$)EF-l`YojzXp)sW|hN\"K?RkT8ב5iWNGpBn0T٫iYv1Mwss1޽$c+IYc2?x1ʹ=VFzq\"[\ZSTqF?8w/ziBtH6G 0\0ÜGP8U\\;Ng ~j)dx9aJtx,ZD[CʁA\0q9fmMkG%Qݴ.˼\0_lW1Cqwљ0<F`dȭiu).2p \0\\cۭ]\\BeA^C4xtsz̞K.@WƮGK<\"A񑎵Ziѹ6Ф1QsA1(%51 >秽Z\"l=\'WHĈC=OEZ\rtē\n*}3F8v>o0J#Nmh1cLQ܌W-OKba=uZ\rͤ˒h%H,	ZQkzo6-3\Zyq#\rA\rV+[GN&-*=6ЇEBI.O`x<uiZ`LȢ1\Zf \09}y\"Ha29\0#ӭOKjۈ-\'hD \0H$qJͳ*s9T~CltX]8Z.`x<wͱ1A#ԯqk|*\nƃj\0\008AF+8\r7FjQ<q$\r\\{H dqַb-5)$cVժOQd-Q}=kKjaSnaO]}D(Zݭ^݁}lWjV>];HlB6lq`Iu/VV?7<G{=5CT+\0nԥgfsY[+)EG\0$zs?UALcg}sSͣ߹iP%0\09dO#FyϦ)s\'IGv[M>MNYbF\nŀ(|6ĮňОp\"*̠:w\0|;jABUcu9*f=pڠ>Xy($w\"(KĠq冗kaX\nq~TFgN\'0Cm5FJ`t685i\\ϫ^\\4?fa$ 9=qu{uJ:u}q򰷕hd6)\'#u=3R҄<*)\".CU\0`28GG,%kmd}ao+Vc(NpA+\nLWF$:Cq׵*[sN-mb*eeT$ǯa*<Vu`Vp\nq;c52;##2>v6[]&G	~h$=,>c:\'ɼ1yM03ܠI;dEkN6qqD\"E!qy}MȬ^nqE\'F\\o\nFF\0<\0.j/SI\"XIls$<On5ytγ(4a£A<u֣yhAa銈$۶8\ZvZ[XkksvXF1	8錑|b>;;CJͨ%QAbHy|_i1*5A xzǇ̀<y%tHfX\Zcc1[WR5xQXbrHs[4wjyǌn\\)ym\n9-UΕq{j#I7q fG+>kcF񠹜.HpIׯcz#G{]F,Qm$$q玴Rlwᯥ]jDH 8 \0k&,`oDQ_Ȍ(\r;~zдb7hG<^<^k~ [5.hN9NEz:k.\\۷s؏˟¦jٞa-RE%sN0=VG3ɜ9=I^6WO܇\0YE^g?t]JI)P;{Jj0J=Nt*J.3/x]Ef\r0R}8.:8!@\0ՁZGK5QשBҶs*EњScڴ:]K#sܞTj*BSLbm\"y\n$`Ƹm^) +G!A2 uYw4NR\'?*c~tMC4!6ai@$Mb\'vrb4\rh5+C^.-.FpH^XfԾ{Bb<ᔂ8#$94jXbjTIR9`t략MwM!9%rF?\Zn\\ױ95-34!IX?Lj7VI\nXHsҨj\rv(\0Ϩ>m[]eZ[ygRGNNs-w\"/[^?B$e1l\0ѹI#\n+Un#3ȋ+P	\01g=8}%^\"x@<61qW</\0-\\HšHHTcFsE:eCsFúlsC,1ùK1 IQ]17𘚄{\Z/J\\`J([fw:],cώd!y g-kPUmR!1Sx?ݣf\'xl9<3HF˵kcLA\'ީOCE;K:Wq2#xbl/#r>QX/3׫\0KE䌓כjF+\n@s={EsV;0gi5~QQN+,ЖO2<r$tO*)yZ^omivLqqZk \\ c\0tҦƿBҼHŒd@{𤰑7=\'ErƟ^iP8#`<ES6[','jpg',NULL,'\0JFIF\0\0\0\0\0\0\0C\0		\n\r\Z\Z $.\' \",#(7),01444\'9=82<.342\0C			\r\r2!!22222222222222222222222222222222222222222222222222\0\02\02\"\0\0\0\0\0\0\0\0\0\0\0\0	\n\0\0\0\0}\0!1AQa\"q2#BR$3br	\n\Z%&\'()*456789:CDEFGHIJSTUVWXYZcdefghijstuvwxyz\0\0\0\0\0\0\0\0	\n\0\0\0w\0!1AQaq\"2B	#3Rbr\n$4%\Z&\'()*56789:CDEFGHIJSTUVWXYZcdefghijstuvwxyz\0\0\0?\0$buVY,{V^\0_\0}GSɣOvض\0\ZT\nWIEw~\'.sa@[h\\liP`c܊>zccq<\\2,yֺRncXakg\ZQHu\r.;hu-*Og)(}}*r+POj:~Ճ:O_5@8oխ:Z\rݾٽ\0Ek>>k|r.|$hQ#񬠺U7N_d$s9H!Ȓ80Rs\\v&RPdR(\\#7#鱸:4pv=Tw%y<\ZMK/_Ej-#A#Ej:e6T*@{Ȣny9]n@i`D.{*V-So*,N{3\\On+Ԯg6ȷ dRp߉kv+X ntG$r	Tlo6vc\0IEqa\0(?i#z_hQxضRI%b}:`Vw,mҝg\\7\0X¬xH\0|OaG9qUO1|{)bG؉jEs8ԄgPHghw^\0E{;$t%9Ǘqyމ6Xȑ6,:?Uẍud\'jqǓ%	n^g7CNkIntn);|?ǩ\')\r<-6h5m@nxE]IPN\Z,>[o8k9Ash֍*vx\0EG\0~Z=}N/lG^/\0O\nٿj1\0gQEwc?\0ȩs_W\0CV]c>hOAڡWf\0yTO(<','jpg'),(4,1,'Profile Picture','\0JFIF\0\0\0\0\0\0\0C\0		\n\r\Z\Z $.\' \",#(7),01444\'9=82<.342\0C			\r\r2!!22222222222222222222222222222222222222222222222222\0\0\0\"\0\0\0\0\0\0\0\0\0\0\0\0	\n\0\0\0\0}\0!1AQa\"q2#BR$3br	\n\Z%&\'()*456789:CDEFGHIJSTUVWXYZcdefghijstuvwxyz\0\0\0\0\0\0\0\0	\n\0\0\0w\0!1AQaq\"2B	#3Rbr\n$4%\Z&\'()*56789:CDEFGHIJSTUVWXYZcdefghijstuvwxyz\0\0\0?\0\\u@uȩ1Ikn|Rc6R4w4f)1=#ځԸ8T2=IiJJ*BJ*\0\"b3yOoY\'z< t_m,{\nH㓏ϧ^]|ҝ7eʧ5y;s2yO0ss\rcm:#{V/eY%B\07B̩I&YdmH\0$z8SQKv!K0IxU&CAں]=nsU4;c4`# zfWLd)f=( c֤ێѷ+vSb(\"0R\'ڝOLSCE)h;)rjv\"#0qRր>܏ޜmzԂ2hV50G95͉ƄoS	y-|C$dJx%IF}=j[X`nI$ c<~O<xNpk8U{}V\Zj\\0pA9W:dHZ،Ӟ+963\0R\0hèF\'R\0=95۹סPߴ%18c:V^8D.mYNiXp\\GV(H@*P{Őх&iF@Zp*a;v?e̹ErI\n	A<9=yY\\;y	.Q8=wRgpn>p\0sۊ	Mzskn9&H_S[\n껤C9#߽zT1rQ{0r[,GRc\0KA\0vus礬#h1})cڟތ>\r2=S9ȣ&j19ȱ~j]ڡu*(E4MԚOv@]c$]Ϳ*A$nNLZmF+wgP]A\0=fEMu!Xf#@L|+*{k\Z4R6IFUfݏoڨseX Ilw+FYi:`I#=Oߵ7^romeWry <W$Ҏ*3Wf}j7.=zU$ir,*9=qi<I$*#mզ-;X\\N\\r89<ӵWRжI1g\0]oZ~Uk\"O=0:\'q\n\'ӶOb982O#>eM\nCp\ZdPɷ[;dt=]4g+B\0n `XƧP\r#*-J9v@~NF}FU$t.l&!FU\079{V6wZ>o\\	1ߒ0{Z?ƼN4W2F85h%V+ \0+2Qt~%ҍzTWxDqARF(IO֊\0(mv\n6@db(=O8W@S\nI8^gf݂͌@\0/4Ou=GK~BH)C~&[߱Ȥ~X\0\nO[eb88W^bY_9cvMI38y\0n\0Z}e&~]:<v|;J0g\Z\"b0HoAN{%ĭ^p[@\0A:ehQ#^v*NI@3ZbHV\0dGx׷jmdZ\ZV#=\0הDiTh~uP!/Пެ*9mqt:\'IWuSs~ծ;=fFKc:\\i3\0`8#GJtxLe؈tLKP\0z|H5co݉eZϷ}9X;ai\n#+D0&E,rA?G]wG B,̳t>	TC1Tz1\\yfC)$2}:z֦a$R1dbqI=W~4,M/kH\\1ޗo4Gi WeJGj|q_HuseV!ٓFqSlo2W!\"4Qvib6Sg51J	e3d=2\nA_4HHx`s?^uQԃqլ|I=k̢ܓ}.Q%[ޡ3[9䚂97=ri%ܲ1HgaVۑ\0SRV=FehV{~UibHG#NF|\'WQ}8I,@\0O:Y=1a9$ʽvLcPČ\"9\'?Zti;Mq\0A9kn\"LR@O^ʹ֡\\cn3|qXE-wp~c\\x@=qXw:pqO@mR-JO~]X*\\A W\\j: \'ѭ,5\ZB3Tw^VX\0p\Zص{y\0?c?o7KI=\0:2HRy:ZTy]\',,!H#C\n贍B(.Ix>ҹNԦqHr9 ٷbm¾G3GqZ\'fWMis:V0qVJ=nm~|tJ^+>;i\r`\'OQG*9a]j{ob\"ELUAEW:>Vq:5*!Șnclp[\'i3_=b9:2\nSʼg&\nyffҽKCB4ÜgV\nULӄiFIYsךG<\Z$%\0\0b0I\nzuk)Mh=*F5ra2+5[Wx\\`==jGWKES\08!t0#^5j~V>UZ\nHH+ק0Xvdǈǽy&l=tLV4l:娮vgGxw_i8 rCyٜF,H.=9Tzl֠$`::z$I5\nTj筎@C{,RI?V|Kớkc{3 *D:lP}?׶_Xqیڧ[Ы+>dJŘ@>Km>hyu/\"2~TD=3uO	D,NLmo\\[<HaA>դfNa|8AkZe3yU#{סi\0I138UJ4jTSkV*/Vlg\'Պ\0@\r\0ztY\0ֳⴚhPpxzHJ͑iNTI?KV(#k|?C]̮J0=ƽn[{lA)#{~{x(Ø	^\\-4G^M&SwfB9j͞[8B?Xv4xӄ$;۫KhVcOmS*T[Kq\n|b;G^SNUe(I[kF ys^|:}C)u@0cd0s\nAbl<Xڧm!dXpc#\'TvzXr-lUF\r^@*w#ۚ*\0$O1m6CTmHN{E|}k.<Nr2:k6A=k>):bXc*\"/\"LA?s)OS.\Z<C]j\Z-Xp1poA\'\0I\nzבR\\*Zz|#?:ƶkd从H?{D=HG#\nvVz|1QXhoR8	pDIcWtּL^{BB.y\0u??N8[fHf<ޭTZXU.nۀ_<ii\'*=y\nNI?UF$2dv(濉d[@ ⹍[U7<s\\A\Z\'v*~QUnAힹAJȯ]dqX0ݔr]K9,X/\r8J</l\\`Vu&Z}\0X};GR<1^Kwf7nKKTH?װ\\M{TTGb}L4f;Ƥ!1;88<P\"=%q5PD6}WGrJ7G88UΒ\"4={7r0ERMx6v$(Nh;nb:$_nvH8=NOL^mib$,\0pJr@<c#$_13l3e AU2F	<c^Xd9y2@i\0<F>*SǷjm4uz&^kd\08 cMr֡]YVF	bIR	8\'>:m&%7 bf$zvv(.#>	s=*\r=r|wB+K\00I<\Z|m\Zvpa\n$dVUC\r\\HgA=NG\\Ηd1DysӒ2pzVTq:cJ)swwWS\0$\\~W&Hp0zp?u_#<,APH$،ʮw/ack	ŻwShcUXߑθxmA!eKs<n_=+.ᙥ#?ZS-my8mnv%&73R_Fh7!#\0+G\0g\'*=ӽdT]x,y4sw#58\n9=Z`$ɷ5ɢ9!\0WFEs*[ J]J  @#iBr\Z[	dUnۛ텦	t\\q<0}A+hJڽzu1\\@KӠJTWx&XÃ1zsaH2Sp$SEwFqtH4&2epBLQuO&N#p`I\0\0+CϨ_4,b\n\0fP00@*+N\'c{,SBg(OAI#tD*</=QZ==QBfۘe\0G^^w\Z/P	 =^HZr\\ľV8cFP(<H8Ұx\\X@,ıy8Kz\'kKxQ\'rэ#@r\ZڅKF1X,I da	|/mGOa6;LI~1ڸFG)EN%!b@*v\ZWS<RpqzWeIjQ@fA }}+Yj:ųIhH :-gT%ޙbd-m\n3MrI()ţA7|G^N2,J0889g0tAխ-HYi۴0zNk<=+-&vP9\\$޼VouCq[\',r	#$8g5\')^-3M8CޢdSsT#-XI=?AV^\nr+Pǡ\nWr<WmR>RN>U+]VcO ]Nhc)`H3K7l\0cԯ)hQʩ\"I=1ҫ3\\A[o.\Zg\nb;Zlq>H/BB P1PT2?:S*t\'\nJ\"A #M2F+XmLfkDm!URh8\0\'ub=HC9\0n\0\\mAeg\n{6qڈH%\'GpXgXORb9zG5KaK۩.RE\ZAe$X9\0~\'Hp\01clT),v>\0Tꗶ^\\aY*#8 8#ҡԕ^%f{).92G1Ep^dKM?a]\'\0.WXytإmckwN)##\' \niW224`@flP$}+2+.akr.\r̍\"F,q Eh7X[dJ#.3u9 >U.6(IH{lxwGp\n3!\0	91϶1\\F[y!dB6J YK4iCҳ%c$\") 8#?5qD8A+S`[r@I\0Qo_ \0H8~x\05Ԃ6f;TG @\0zV|jS|NHy\'׶~%ZZU4͔i.|̞ans>{yoipt$\0Jc8`秦*!.7B}+ԆRyݞṣ)xDR,3\0A5\rg<H3$5]!]b@`X@2T~5[\r=\nU=+E\r͓L\\	0ɲ`8$t=^AM9I4ָy*tSi/1X-8Ñ3*rWd.b8Qsӭ\0R\'>rٚ53r*P0qcJJT2J	 ghͽH8D\"4~uKS6 ]}T\0*朓PGtwF=7^\r^.w.Ǫ]>\0)$\0k^W$rԕ#sbA<n`DcqB]FZqVSZ۬H;b:+.ǸV\0RfSp\0Ǩz	wEB(\0\0~QeS#Gn#~UIPF:d(:Sbk+#tZefSHFx擳G]gGҬ0̢+VwIҴ5/-bGۯ4X\\p27rAahM۽\\iJ/̓	 .~w5BĚϖN;7)I&EZJOD\\UyRQݛVGio\Z)\0\0@\'HTWIIcavhmߦH8IEX4ZoڜG*ly1|4S	bfu\n	?VG9wٍ71浾ֳ2=+NhI ]#I:p@#f[Q;Vsf;Y\\eGJybAA~.|5K!޿E`Y3|+cUU`fN7d{ոvHRè#\Z.1\\-;sLFRu4֧1\0T8Jf^1,COV0zm1U+NZ:MHv8`]h\Z\0\0zb|(sq+\0Z^)A3汵$8@p\0w@3m3\"U=sWbK.gfG`ێOrh2\Z{-iHcBQN@ɩVV|gOJ(˗Q~ю׭eM3.<qW<Y\r2v`҄Es(ޞgf8>Y@/bMR\')OwVJpAZ)#vb4Q^Fj=԰\0^+ljPOJ(=?\npph9I2>ti|(&s~4Q^_Ǒ]94QEjA','jpg',NULL,'\0JFIF\0\0\0\0\0\0\0C\0		\n\r\Z\Z $.\' \",#(7),01444\'9=82<.342\0C			\r\r2!!22222222222222222222222222222222222222222222222222\0\02\02\"\0\0\0\0\0\0\0\0\0\0\0\0	\n\0\0\0\0}\0!1AQa\"q2#BR$3br	\n\Z%&\'()*456789:CDEFGHIJSTUVWXYZcdefghijstuvwxyz\0\0\0\0\0\0\0\0	\n\0\0\0w\0!1AQaq\"2B	#3Rbr\n$4%\Z&\'()*56789:CDEFGHIJSTUVWXYZcdefghijstuvwxyz\0\0\0?\0!$jd4@GRO\0tzUܳ;	:~5*3pQ}E~Aq2)/2I?/\\{Y~^O !i*2;֔	EkD@_nkWN\\KZ4R!d#iuerd`sڽG#*7tnv-Ջ\n58ʢy^WyW9oVKc#6OfEKov$\03ԚJKK]Nɑ&0GPADCyП\0Jm?y]OT\Zw,ИXnxSv_cfcl/z{|=㸆:]䞀c$e짼eI08<דeSO.^E0MG^ٮ7ʉf\Z&G}Kg!qk+jE$UhzK\'fQ;\0<_\0\Z+R(DʃE{~_#uMb+-*Hbl~SGX\Z^ڠ-?ԕ	b?c+kkID	%HO~{A#{Y<C1\0+ħ\nd}pKˋ)\'{sc$xֹɮ!$f_/98T#O{3#9-/-PW\0Q&w\'XTJ:7s_4Ρ]zU[NdϷpwz599&uKm$?JJW79il{!b(6s߹/sÚ+&71!`%FFVBP+b(FQEzWqfƏ9c׆X>O#(?3)`?l\n~_\0u~L1`EWyG','jpg'),(5,2,'Profile Picture','\0JFIF\0\0\0\0\0\0\0C\0		\n\r\Z\Z $.\' \",#(7),01444\'9=82<.342\0C			\r\r2!!22222222222222222222222222222222222222222222222222\0\0w\0\"\0\0\0\0\0\0\0\0\0\0\0\0	\n\0\0\0\0}\0!1AQa\"q2#BR$3br	\n\Z%&\'()*456789:CDEFGHIJSTUVWXYZcdefghijstuvwxyz\0\0\0\0\0\0\0\0	\n\0\0\0w\0!1AQaq\"2B	#3Rbr\n$4%\Z&\'()*56789:CDEFGHIJSTUVWXYZcdefghijstuvwxyz\0\0\0?\0G54TPM(l%VzMrGYwM/|Ql$n0\0tpzĳhu8	1֏,\0Peݘ2}+euȩ<WCOP:58l^=RÒzGB$SSր1xᓐia֕وtggzdC\0pFz`;NQUipIz0]:SuZ^jFKDAڻ<NF\0ׯtFo6\0xz\ZFk2u\01\0^\0\0nhկS\"A@N\0ע{k@-C ɫO:$e\nyGH,/h>C-ùٮH|Cfpdq,	^I4҇\r	Ҷw0\"os[vב\"=\ry\"B?vv=	?ҳ\'t_DtS/\0đeR1R:\Z\r\r \'VȮJt=o.5~9Z\r>1ǥuSЌ\ZdP.Ď}զ	7n|?Z>.#,%Iؖ`jx-B[>Xa==<bԳ@ٷq\0f]=A(=q\\ֲ@x+unu(B85yZ\0\0)pqGQVo-JPbE=ESV8%Z1e~sA\'_Z#\0Om]7uVHk1=\rIezm/#IXg+%n[\0#º%W9kzeNRM@>c]vv\0fCp?	\nGECd=G9ƅFqT/e\nT\0uGs{s\0\n}SiSW!Z:qL_.m@a-qS>L5Bim#F85VH?hj>/3?=FД	vSeU$~&.s@jUs1Sȩ-:\0ʓD5nEXM\"4ږk@M\05NYm[+9^3ʴLh؛; `srq8!W&d=:cր+yAFgPy5V\0z~Uzl? bր=_g,#LI۵zC{hٖn·#|ζc9`	\nNCߩ!mWJTn⹶Pdt$yluN>_uN仴\r8+2uaP:+˙o9ʊ\0UQbYvk1s~$bgw4FPF=*dWrbcϭeM.׆D6C[	^3^3hb}Om4uq0b\0\ZCe	9fvX[m\r9̤Ghn-5=̖4TOZX#@\rgYJ@Xހ6uLrz7iYz]ńrpá\\Yw)Z7.\0SX;L*bdsE*\Z\0|We6GA^s}.5?6iKt\nk{F#\0nAM?w9OsS<8Ny(9HUb\nO<uW9(A|ZlrAV}5tWIFmf9x[5RYj\\( 	&/7Dɓހ ݭ3ywp3Q]xkN/NNE\0|m6%3Ny[x\Z%\'qYwNI	%d\nwEdJq!=j؛dKLpH1Zϔ́l?^߯m22<_2;Hd9WО\r:֓\r#lïW+ev6,p\01i\r핥*O\nI |;mZ[#kWQ\n\04?|{`u^0;-t?wVծ\0E<9uc+c_Ͻ\0`]j)fX!|\\62\\C:j/@9ںǵx_9$Ƹ\0.i:A@V )U櫾3V.vsұ@Wu!i\\8wkaϲt~=NxrDyp?\0Mkt#NsQI_\0zehI8SW\0!V1;(UA!v^}/Q2Tv7e=8;mu=ziO38?-1[ߴ`2NELr2XIIΫHvZ\0$1Tz(_Z\0o9\nxojm!*ЏqYY%:nGPhXmxWGRZԻWL2vk\rxw%e=\r}oXxK[ig^}q̋\0dQyKomWR(\"yQ3=XւGG53V \0+-Pcހ*1|u!}Rt9֛n=W4sq%ĮY%M\07,Ğy\'vxXg\\Uqjxuɠ8#c;R8,☘<@\n7d\Z@0z3Llx8	$A4QF\n{E\0XIʮ8U?E\0LsP>9dQҗ`V¶7HԞjp7zmҘ\n&ycޫJs6~v)PP[\'@\rao_xSVvZ2q,$k.9\'j?Z\0[Cp+R9_ZxMN~և=6s_+[ 5x~])@YK8nnqҼ1<+ʼvM\0yu.I<\n\ZF{|WSۤ AJd\rPF]g\n0=:6H\'Zt1\ZdjKH<\0LEDFT)w\'a\0	RL5 稧o_Nhۥd\0E\0e\Z\0\01q`8\0\\opsE\0HO?h*AE\0yօjUH<zQE\0z%rsyԗu36ap:Pjkb6vw˄O&(64qt,p(6?ϸqQ@ N\r=h=\0:&ڊ(ą8Q@','jpg',NULL,'\0JFIF\0\0\0\0\0\0\0C\0		\n\r\Z\Z $.\' \",#(7),01444\'9=82<.342\0C			\r\r2!!22222222222222222222222222222222222222222222222222\0\02\02\"\0\0\0\0\0\0\0\0\0\0\0\0	\n\0\0\0\0}\0!1AQa\"q2#BR$3br	\n\Z%&\'()*456789:CDEFGHIJSTUVWXYZcdefghijstuvwxyz\0\0\0\0\0\0\0\0	\n\0\0\0w\0!1AQaq\"2B	#3Rbr\n$4%\Z&\'()*56789:CDEFGHIJSTUVWXYZcdefghijstuvwxyz\0\0\0?\0{)`xYFX5L\Z-lalOVyntlρ)XZ\0AuR]Kd*\0xאxZ9\ngɨ#Oy28\rZQ$ڵ鏚\'sNUԆALy/9$uoz\r߁hwU\0v\0\rT`gfm5b&f}jWujWMԂß)|}1Ҁ6SR?>b!e#d[,lopLrxKK],Mk	$;?=fJ\Z/ױiF@`̖=p?\0AEYbv8=;ᗍchCd\"|*Y[KvWf;PC7|pq1hIVݑȯ]j[U|G#o+Fz\0%$J{\nMR;KRǯJğ&fZMqxYUfhc`Y\0ϰZmboFa+b?W\0(֞8 \02OZ)Y*\'[wE$ڜi0EE5oE\0QE','jpg');
/*!40000 ALTER TABLE `picture` ENABLE KEYS */;
UNLOCK TABLES;

--
-- Table structure for table `importance`
--

DROP TABLE IF EXISTS `importance`;
/*!40101 SET @saved_cs_client     = @@character_set_client */;
/*!40101 SET character_set_client = utf8 */;
CREATE TABLE `importance` (
  `weight` int(11) NOT NULL,
  `description` varchar(85) COLLATE utf8_unicode_ci NOT NULL,
  PRIMARY KEY (`weight`)
) ENGINE=InnoDB DEFAULT CHARSET=utf8 COLLATE=utf8_unicode_ci;
/*!40101 SET character_set_client = @saved_cs_client */;

--
-- Dumping data for table `importance`
--

LOCK TABLES `importance` WRITE;
/*!40000 ALTER TABLE `importance` DISABLE KEYS */;
INSERT INTO `importance` VALUES (0,'Irrelevant'),(1,'A little important'),(10,'Somewhat important'),(50,'Very important'),(250,'Mandatory');
/*!40000 ALTER TABLE `importance` ENABLE KEYS */;
UNLOCK TABLES;

--
-- Table structure for table `conversationgroup`
--

DROP TABLE IF EXISTS `conversationgroup`;
/*!40101 SET @saved_cs_client     = @@character_set_client */;
/*!40101 SET character_set_client = utf8 */;
CREATE TABLE `conversationgroup` (
  `id_conversation_group` bigint(20) NOT NULL AUTO_INCREMENT,
  PRIMARY KEY (`id_conversation_group`)
) ENGINE=InnoDB AUTO_INCREMENT=10 DEFAULT CHARSET=utf8 COLLATE=utf8_unicode_ci;
/*!40101 SET character_set_client = @saved_cs_client */;

--
-- Dumping data for table `conversationgroup`
--

LOCK TABLES `conversationgroup` WRITE;
/*!40000 ALTER TABLE `conversationgroup` DISABLE KEYS */;
INSERT INTO `conversationgroup` VALUES (1),(2),(3),(4),(5),(6),(7),(8),(9);
/*!40000 ALTER TABLE `conversationgroup` ENABLE KEYS */;
UNLOCK TABLES;

--
-- Table structure for table `personrating`
--

DROP TABLE IF EXISTS `personrating`;
/*!40101 SET @saved_cs_client     = @@character_set_client */;
/*!40101 SET character_set_client = utf8 */;
CREATE TABLE `personrating` (
  `id_rater` bigint(20) NOT NULL,
  `id_rated` bigint(20) NOT NULL,
  `rating` tinyint(4) NOT NULL DEFAULT '0',
  `last_update` datetime NOT NULL,
  PRIMARY KEY (`id_rater`,`id_rated`),
  KEY `fk_personRatingRator` (`id_rater`),
  KEY `fk_personRatingRated` (`id_rated`),
  CONSTRAINT `fk_personRatingRated` FOREIGN KEY (`id_rated`) REFERENCES `person` (`id_person`) ON DELETE NO ACTION ON UPDATE NO ACTION,
  CONSTRAINT `fk_personRatingRator` FOREIGN KEY (`id_rater`) REFERENCES `person` (`id_person`) ON DELETE NO ACTION ON UPDATE NO ACTION
) ENGINE=InnoDB DEFAULT CHARSET=utf8 COLLATE=utf8_unicode_ci;
/*!40101 SET character_set_client = @saved_cs_client */;

--
-- Dumping data for table `personrating`
--

LOCK TABLES `personrating` WRITE;
/*!40000 ALTER TABLE `personrating` DISABLE KEYS */;
/*!40000 ALTER TABLE `personrating` ENABLE KEYS */;
UNLOCK TABLES;

--
-- Table structure for table `diet`
--

DROP TABLE IF EXISTS `diet`;
/*!40101 SET @saved_cs_client     = @@character_set_client */;
/*!40101 SET character_set_client = utf8 */;
CREATE TABLE `diet` (
  `id_diet` int(11) NOT NULL AUTO_INCREMENT,
  `name` varchar(85) COLLATE utf8_unicode_ci NOT NULL,
  PRIMARY KEY (`id_diet`)
) ENGINE=InnoDB DEFAULT CHARSET=utf8 COLLATE=utf8_unicode_ci;
/*!40101 SET character_set_client = @saved_cs_client */;

--
-- Dumping data for table `diet`
--

LOCK TABLES `diet` WRITE;
/*!40000 ALTER TABLE `diet` DISABLE KEYS */;
/*!40000 ALTER TABLE `diet` ENABLE KEYS */;
UNLOCK TABLES;

--
-- Table structure for table `seriousness`
--

DROP TABLE IF EXISTS `seriousness`;
/*!40101 SET @saved_cs_client     = @@character_set_client */;
/*!40101 SET character_set_client = utf8 */;
CREATE TABLE `seriousness` (
  `weight` int(11) NOT NULL,
  `description` varchar(85) COLLATE utf8_unicode_ci NOT NULL,
  PRIMARY KEY (`weight`)
) ENGINE=InnoDB DEFAULT CHARSET=utf8 COLLATE=utf8_unicode_ci;
/*!40101 SET character_set_client = @saved_cs_client */;

--
-- Dumping data for table `seriousness`
--

LOCK TABLES `seriousness` WRITE;
/*!40000 ALTER TABLE `seriousness` DISABLE KEYS */;
/*!40000 ALTER TABLE `seriousness` ENABLE KEYS */;
UNLOCK TABLES;

--
-- Table structure for table `job`
--

DROP TABLE IF EXISTS `job`;
/*!40101 SET @saved_cs_client     = @@character_set_client */;
/*!40101 SET character_set_client = utf8 */;
CREATE TABLE `job` (
  `id_job` int(11) NOT NULL AUTO_INCREMENT,
  `name` varchar(100) COLLATE utf8_unicode_ci NOT NULL,
  PRIMARY KEY (`id_job`)
) ENGINE=InnoDB DEFAULT CHARSET=utf8 COLLATE=utf8_unicode_ci;
/*!40101 SET character_set_client = @saved_cs_client */;

--
-- Dumping data for table `job`
--

LOCK TABLES `job` WRITE;
/*!40000 ALTER TABLE `job` DISABLE KEYS */;
/*!40000 ALTER TABLE `job` ENABLE KEYS */;
UNLOCK TABLES;

--
-- Table structure for table `personfacebookpage`
--

DROP TABLE IF EXISTS `personfacebookpage`;
/*!40101 SET @saved_cs_client     = @@character_set_client */;
/*!40101 SET character_set_client = utf8 */;
CREATE TABLE `personfacebookpage` (
  `id_person` bigint(20) NOT NULL,
  `id_page` bigint(20) NOT NULL,
  `visible` tinyint(1) NOT NULL DEFAULT '0',
  `profile_section` varchar(85) COLLATE utf8_unicode_ci DEFAULT NULL,
  `created_time` bigint(20) DEFAULT NULL,
  PRIMARY KEY (`id_person`,`id_page`),
  KEY `fk_personFacebookPagePerson` (`id_person`),
  KEY `fk_personFacebookPageFacebookPage` (`id_page`),
  CONSTRAINT `fk_personFacebookPageFacebookPage` FOREIGN KEY (`id_page`) REFERENCES `facebookpage` (`id_page`) ON DELETE NO ACTION ON UPDATE NO ACTION,
  CONSTRAINT `fk_personFacebookPagePerson` FOREIGN KEY (`id_person`) REFERENCES `person` (`id_person`) ON DELETE NO ACTION ON UPDATE NO ACTION
) ENGINE=InnoDB DEFAULT CHARSET=utf8 COLLATE=utf8_unicode_ci;
/*!40101 SET character_set_client = @saved_cs_client */;

--
-- Dumping data for table `personfacebookpage`
--

LOCK TABLES `personfacebookpage` WRITE;
/*!40000 ALTER TABLE `personfacebookpage` DISABLE KEYS */;
INSERT INTO `personfacebookpage` VALUES (1,1,0,'music',1317229175),(1,2,0,'music',1315080204),(1,3,0,'music',1298720655),(1,4,0,'music',1298720654),(1,5,0,'music',1298720654),(1,6,0,'music',1298720654),(1,7,0,'music',1298070420),(1,8,0,'music',1298070213),(1,9,0,'books',1327182352),(1,10,0,'books',1298072852),(1,11,0,'books',1298072852),(1,12,0,'books',1298072852),(1,13,0,'movies',1327179851),(1,14,0,'movies',1311782861),(1,15,0,'movies',1308680119),(1,16,0,'movies',1307139428),(1,17,0,'movies',1305397985),(1,18,0,'movies',1304866421),(1,19,0,'movies',1304866421),(1,20,0,'movies',1300652644),(1,21,0,'movies',1298072159),(1,22,0,'movies',1298072158),(1,23,0,'television',1322060009),(1,24,0,'other',1332251566),(1,25,0,'other',1327178685),(1,26,0,'other',1327178615),(1,27,0,'other',1326823084),(1,28,0,'other',1323441558),(1,29,0,'other',1308060617),(1,30,0,'other',1307892457),(1,31,0,'other',1304602826),(1,32,0,'other',1304597169),(1,33,0,'other',1298073843),(1,66,0,'television',1333401892),(1,67,0,'other',1333402472),(1,68,0,'other',1333402059),(2,29,0,'other',1299141339),(2,34,0,'music',1311183180),(2,35,0,'music',1279518984),(2,36,0,'music',1231999365),(2,37,0,'music',1252774092),(2,38,0,'movies',1299876996),(2,39,0,'movies',1298223242),(2,40,0,'movies',1297933973),(2,41,0,'movies',1273749527),(2,42,0,'movies',1273749527),(2,43,0,'movies',1273749527),(2,44,0,'movies',1273749527),(2,45,0,'movies',1220713273),(2,46,0,'movies',1217518691),(2,47,0,'television',1298223243),(2,48,0,'television',1289471132),(2,49,0,'television',1288366033),(2,50,0,'games',1322142594),(2,51,0,'favorite_athletes',1310644727),(2,52,0,'favorite_athletes',1298236525),(2,53,0,'favorite_athletes',1298222981),(2,54,0,'favorite_athletes',1298222978),(2,55,0,'other',1318852473),(2,56,0,'other',1305666152),(2,57,0,'other',1298106761),(2,58,0,'other',1292500067),(2,59,0,'other',1275555086),(2,60,0,'other',1265633841),(2,61,0,'other',1256067163),(2,62,0,'other',1251921796),(2,63,0,'other',1218283109),(2,64,0,'other',1269373582),(2,65,0,'other',1272437979),(3,27,0,'other',1342020585),(3,69,0,'music',1330636444),(3,70,0,'music',1319486164),(3,71,0,'music',1316880364),(3,72,0,'music',1315497788),(3,73,0,'music',1314444498),(3,74,0,'music',1307547713),(3,75,0,'music',1305574512),(3,76,0,'music',1305574504),(3,77,0,'music',1300497772),(3,78,0,'music',1297809884),(3,79,0,'music',1282511614),(3,80,0,'music',1281019786),(3,81,0,'music',1276448054),(3,82,0,'music',1270768971),(3,83,0,'music',1270768994),(3,84,0,'music',1270310943),(3,85,0,'music',1270769002),(3,86,0,'music',1270769043),(3,87,0,'movies',1298405710),(3,88,0,'movies',1291751971),(3,89,0,'movies',1291751970),(3,90,0,'movies',1286572954),(3,92,0,'other',1332848880),(3,93,0,'other',1331074776),(3,94,0,'other',1329496109),(3,95,0,'other',1328249509),(3,96,0,'other',1326964740),(3,97,0,'other',1324083150),(3,98,0,'other',1318877049),(3,99,0,'other',1314133660),(3,100,0,'other',1312889835),(3,101,0,'other',1311797057),(3,102,0,'other',1308489628),(3,103,0,'other',1305574754),(3,104,0,'other',1304267517),(3,105,0,'other',1301947693),(3,106,0,'other',1299613222),(3,107,0,'other',1297898080),(3,108,0,'other',1295967044),(3,109,0,'other',1295353179),(3,110,0,'other',1291751762),(3,111,0,'other',1290977212),(3,112,0,'other',1290813595),(3,113,0,'other',1290166258),(3,114,0,'other',1287689335),(3,115,0,'other',1285702558),(3,116,0,'other',1285437644),(3,117,0,'other',1285437597),(3,119,0,'other',1281188339),(3,120,0,'other',1277751044),(3,121,0,'other',1276791063),(3,122,0,'other',1276791017),(3,123,0,'other',1276214195),(3,124,0,'other',1276212592),(3,125,0,'other',1275775598),(3,126,0,'other',1275089776),(3,127,0,'other',1274905931),(3,128,0,'other',1274478218),(3,129,0,'other',1274367944),(3,130,0,'other',1273260939),(3,131,0,'other',1270828763),(3,132,0,'other',1270767012),(3,133,0,'music',1338926634),(3,134,0,'other',1339788558),(3,135,0,'other',1340190559),(3,186,0,'other',1345210934),(3,188,0,'music',1345911235),(3,189,0,'other',1346876131),(3,190,0,'other',1347824653),(4,136,0,'favorite_teams',1317149069),(4,137,0,'other',1342547379),(4,138,0,'other',1340218384),(4,139,0,'other',1336327562),(4,140,0,'other',1335223291),(4,141,0,'other',1334416938),(4,142,0,'other',1333543857),(4,143,0,'other',1332069260),(4,144,0,'other',1330803182),(4,145,0,'other',1327264897),(4,146,0,'other',1327232286),(4,147,0,'other',1325111051),(4,148,0,'other',1324496943),(4,149,0,'other',1321111660),(4,150,0,'other',1320177929),(4,151,0,'other',1320054771),(4,152,0,'other',1317131742),(4,153,0,'other',1316621448),(4,154,0,'other',1316616479),(4,155,0,'other',1315005985),(4,156,0,'other',1314689011),(4,157,0,'other',1305534581),(4,158,0,'other',1299320411),(4,159,0,'other',1291330475),(4,160,0,'other',1291330284),(4,161,0,'other',1285971792),(4,162,0,'other',1284579915),(4,163,0,'other',1282583978),(4,164,0,'other',1281458720),(4,165,0,'other',1275219115),(4,166,0,'other',1274134265),(4,167,0,'other',1272821084),(4,168,0,'other',1271102605),(4,169,0,'other',1262656548),(4,170,0,'other',1265031861),(4,171,0,'other',1261752524),(4,172,0,'other',1233956753),(4,173,0,'other',1248131211),(4,174,0,'other',1255010693),(4,175,0,'other',1239721610),(4,176,0,'other',1264434932),(4,177,0,'other',1240613539),(4,178,0,'other',1242403798),(4,179,0,'other',1240613542),(4,180,0,'other',1271240294),(4,181,0,'other',1220790608),(4,182,0,'other',1249418893),(4,183,0,'other',1234094840),(4,184,0,'other',1272383609),(4,185,0,'other',1271675224),(6,193,0,'other',1346589363),(6,194,0,'other',1339739908),(6,195,0,'other',1327206756),(6,196,0,'other',1323271408),(6,197,0,'other',1322483196),(6,198,0,'other',1320567804),(6,199,0,'other',1306858790),(6,200,0,'other',1298737984),(6,201,0,'other',1296556593),(6,202,0,'other',1287229917),(6,203,0,'other',1283597955),(6,204,0,'other',1277550800),(6,205,0,'other',1246880109),(6,206,0,'other',1248880805),(6,207,0,'other',1272445166),(6,209,0,'other',1366796523);
/*!40000 ALTER TABLE `personfacebookpage` ENABLE KEYS */;
UNLOCK TABLES;

--
-- Table structure for table `questionstatistics`
--

DROP TABLE IF EXISTS `questionstatistics`;
/*!40101 SET @saved_cs_client     = @@character_set_client */;
/*!40101 SET character_set_client = utf8 */;
CREATE TABLE `questionstatistics` (
  `id_question` bigint(20) NOT NULL,
  `total_replies` bigint(20) NOT NULL DEFAULT '0',
  `total_private_replies` bigint(20) NOT NULL DEFAULT '0',
  `total_marked_critical` bigint(20) NOT NULL DEFAULT '0',
  `total_chosen_a` bigint(20) NOT NULL DEFAULT '0',
  `total_chosen_b` bigint(20) NOT NULL DEFAULT '0',
  `total_chosen_c` bigint(20) NOT NULL DEFAULT '0',
  `total_chosen_d` bigint(20) NOT NULL DEFAULT '0',
  `total_chosen_e` bigint(20) NOT NULL DEFAULT '0',
  PRIMARY KEY (`id_question`),
  KEY `fk_questionStatisticsQuestion` (`id_question`),
  CONSTRAINT `fk_questionStatisticsQuestion` FOREIGN KEY (`id_question`) REFERENCES `question` (`id_question`) ON DELETE NO ACTION ON UPDATE NO ACTION
) ENGINE=InnoDB DEFAULT CHARSET=utf8 COLLATE=utf8_unicode_ci;
/*!40101 SET character_set_client = @saved_cs_client */;

--
-- Dumping data for table `questionstatistics`
--

LOCK TABLES `questionstatistics` WRITE;
/*!40000 ALTER TABLE `questionstatistics` DISABLE KEYS */;
/*!40000 ALTER TABLE `questionstatistics` ENABLE KEYS */;
UNLOCK TABLES;

--
-- Table structure for table `conversationparticipant`
--

DROP TABLE IF EXISTS `conversationparticipant`;
/*!40101 SET @saved_cs_client     = @@character_set_client */;
/*!40101 SET character_set_client = utf8 */;
CREATE TABLE `conversationparticipant` (
  `id_person` bigint(20) NOT NULL,
  `id_conversation_group` bigint(20) NOT NULL,
  `new_messages` tinyint(1) NOT NULL,
  `last_conversation_clear` datetime NOT NULL,
  PRIMARY KEY (`id_person`,`id_conversation_group`),
  KEY `fk_conversationparticipantPerson` (`id_person`),
  KEY `fk_conversationparticipantConversationgroup` (`id_conversation_group`),
  CONSTRAINT `fk_conversationparticipantConversationgroup` FOREIGN KEY (`id_conversation_group`) REFERENCES `conversationgroup` (`id_conversation_group`) ON DELETE NO ACTION ON UPDATE NO ACTION,
  CONSTRAINT `fk_conversationparticipantPerson` FOREIGN KEY (`id_person`) REFERENCES `person` (`id_person`) ON DELETE NO ACTION ON UPDATE NO ACTION
) ENGINE=InnoDB DEFAULT CHARSET=utf8 COLLATE=utf8_unicode_ci;
/*!40101 SET character_set_client = @saved_cs_client */;

--
-- Dumping data for table `conversationparticipant`
--

LOCK TABLES `conversationparticipant` WRITE;
/*!40000 ALTER TABLE `conversationparticipant` DISABLE KEYS */;
INSERT INTO `conversationparticipant` VALUES (1,9,1,'1970-01-01 01:00:00'),(2,4,1,'1970-01-01 01:00:00'),(2,5,1,'1970-01-01 01:00:00'),(3,1,1,'2012-10-27 21:30:04'),(3,4,1,'1970-01-01 01:00:00'),(3,5,0,'2012-10-19 11:03:01'),(3,6,0,'1970-01-01 01:00:00'),(3,7,1,'2012-10-18 17:58:08'),(3,8,0,'1970-01-01 01:00:00'),(3,9,1,'1970-01-01 01:00:00'),(4,1,1,'1970-01-01 01:00:00'),(4,4,1,'1970-01-01 01:00:00'),(4,8,1,'1970-01-01 01:00:00'),(5,7,1,'1970-01-01 01:00:00'),(5,8,1,'1970-01-01 01:00:00'),(6,9,0,'2013-05-08 11:01:25');
/*!40000 ALTER TABLE `conversationparticipant` ENABLE KEYS */;
UNLOCK TABLES;

--
-- Table structure for table `about`
--

DROP TABLE IF EXISTS `about`;
/*!40101 SET @saved_cs_client     = @@character_set_client */;
/*!40101 SET character_set_client = utf8 */;
CREATE TABLE `about` (
  `id_about` int(11) NOT NULL AUTO_INCREMENT,
  `question` text COLLATE utf8_unicode_ci NOT NULL,
  PRIMARY KEY (`id_about`)
) ENGINE=InnoDB DEFAULT CHARSET=utf8 COLLATE=utf8_unicode_ci;
/*!40101 SET character_set_client = @saved_cs_client */;

--
-- Dumping data for table `about`
--

LOCK TABLES `about` WRITE;
/*!40000 ALTER TABLE `about` DISABLE KEYS */;
/*!40000 ALTER TABLE `about` ENABLE KEYS */;
UNLOCK TABLES;

--
-- Table structure for table `language`
--

DROP TABLE IF EXISTS `language`;
/*!40101 SET @saved_cs_client     = @@character_set_client */;
/*!40101 SET character_set_client = utf8 */;
CREATE TABLE `language` (
  `id_language` int(11) NOT NULL AUTO_INCREMENT,
  `name` varchar(100) COLLATE utf8_unicode_ci NOT NULL,
  `code` varchar(10) COLLATE utf8_unicode_ci NOT NULL,
  PRIMARY KEY (`id_language`)
) ENGINE=InnoDB DEFAULT CHARSET=utf8 COLLATE=utf8_unicode_ci;
/*!40101 SET character_set_client = @saved_cs_client */;

--
-- Dumping data for table `language`
--

LOCK TABLES `language` WRITE;
/*!40000 ALTER TABLE `language` DISABLE KEYS */;
/*!40000 ALTER TABLE `language` ENABLE KEYS */;
UNLOCK TABLES;

--
-- Table structure for table `personlanguage`
--

DROP TABLE IF EXISTS `personlanguage`;
/*!40101 SET @saved_cs_client     = @@character_set_client */;
/*!40101 SET character_set_client = utf8 */;
CREATE TABLE `personlanguage` (
  `id_person` bigint(20) NOT NULL,
  `id_language` int(11) NOT NULL,
  `id_level` int(11) DEFAULT NULL,
  PRIMARY KEY (`id_person`,`id_language`),
  KEY `fk_personLanguagePerson` (`id_person`),
  KEY `fk_personLanguageLanguage` (`id_language`),
  KEY `fk_personLanguageLevel` (`id_level`),
  CONSTRAINT `fk_personLanguageLanguage` FOREIGN KEY (`id_language`) REFERENCES `language` (`id_language`) ON DELETE NO ACTION ON UPDATE NO ACTION,
  CONSTRAINT `fk_personLanguageLevel` FOREIGN KEY (`id_level`) REFERENCES `languagelevel` (`id_languageLevel`) ON DELETE NO ACTION ON UPDATE NO ACTION,
  CONSTRAINT `fk_personLanguagePerson` FOREIGN KEY (`id_person`) REFERENCES `person` (`id_person`) ON DELETE NO ACTION ON UPDATE NO ACTION
) ENGINE=InnoDB DEFAULT CHARSET=utf8 COLLATE=utf8_unicode_ci;
/*!40101 SET character_set_client = @saved_cs_client */;

--
-- Dumping data for table `personlanguage`
--

LOCK TABLES `personlanguage` WRITE;
/*!40000 ALTER TABLE `personlanguage` DISABLE KEYS */;
/*!40000 ALTER TABLE `personlanguage` ENABLE KEYS */;
UNLOCK TABLES;

--
-- Table structure for table `soulmates`
--

DROP TABLE IF EXISTS `soulmates`;
/*!40101 SET @saved_cs_client     = @@character_set_client */;
/*!40101 SET character_set_client = utf8 */;
CREATE TABLE `soulmates` (
  `id_requester` bigint(20) NOT NULL,
  `id_requested` bigint(20) NOT NULL,
  `request_pending` tinyint(1) NOT NULL,
  `request_since` datetime DEFAULT NULL,
  `soulmates_since` datetime DEFAULT NULL,
  PRIMARY KEY (`id_requester`,`id_requested`),
  KEY `fk_requesterPerson` (`id_requester`),
  KEY `fk_requestedPerson` (`id_requested`),
  CONSTRAINT `fk_requestedPerson` FOREIGN KEY (`id_requested`) REFERENCES `person` (`id_person`) ON DELETE NO ACTION ON UPDATE NO ACTION,
  CONSTRAINT `fk_requesterPerson` FOREIGN KEY (`id_requester`) REFERENCES `person` (`id_person`) ON DELETE NO ACTION ON UPDATE NO ACTION
) ENGINE=InnoDB DEFAULT CHARSET=utf8 COLLATE=utf8_unicode_ci;
/*!40101 SET character_set_client = @saved_cs_client */;

--
-- Dumping data for table `soulmates`
--

LOCK TABLES `soulmates` WRITE;
/*!40000 ALTER TABLE `soulmates` DISABLE KEYS */;
INSERT INTO `soulmates` VALUES (2,3,1,'2012-10-27 21:22:24',NULL),(3,4,0,'2012-10-22 12:27:59','2012-10-22 00:00:00'),(5,3,0,'2012-10-10 00:00:00','2012-10-10 17:25:01'),(6,3,1,'2013-04-04 14:54:41',NULL);
/*!40000 ALTER TABLE `soulmates` ENABLE KEYS */;
UNLOCK TABLES;

--
-- Table structure for table `person`
--

DROP TABLE IF EXISTS `person`;
/*!40101 SET @saved_cs_client     = @@character_set_client */;
/*!40101 SET character_set_client = utf8 */;
CREATE TABLE `person` (
  `id_person` bigint(20) NOT NULL AUTO_INCREMENT,
  `access_level` int(11) NOT NULL,
  `fb_id` bigint(20) NOT NULL,
  `first_name` varchar(85) COLLATE utf8_unicode_ci NOT NULL,
  `last_name` varchar(85) COLLATE utf8_unicode_ci NOT NULL,
  `activated` tinyint(1) NOT NULL DEFAULT '0',
  `gender` char(1) COLLATE utf8_unicode_ci DEFAULT NULL,
  `nick` varchar(50) COLLATE utf8_unicode_ci DEFAULT NULL,
  `member_since` datetime DEFAULT NULL,
  `last_online` datetime DEFAULT NULL,
  `birthday` date DEFAULT NULL,
  `email` varchar(85) COLLATE utf8_unicode_ci DEFAULT NULL,
  `location` int(11) DEFAULT NULL,
  `location_name` varchar(150) COLLATE utf8_unicode_ci DEFAULT NULL,
  `education` int(11) DEFAULT NULL,
  `job` int(11) DEFAULT NULL,
  `diet` int(11) DEFAULT NULL,
  `diet_strict` tinyint(1) DEFAULT NULL,
  `religion` int(11) DEFAULT NULL,
  `religion_serious` int(11) DEFAULT NULL,
  `sign` tinyint(4) DEFAULT NULL,
  `sign_serious` int(11) DEFAULT NULL,
  `description` varchar(160) COLLATE utf8_unicode_ci DEFAULT NULL,
  `useFBMatching` tinyint(1) DEFAULT '1',
  `useQuestionMatching` tinyint(1) DEFAULT '1',
  `useDistanceMatching` tinyint(1) DEFAULT '1',
  `useSymptomsMatching` tinyint(1) DEFAULT '1',
  `useMedicationMatching` tinyint(1) DEFAULT '1',
  PRIMARY KEY (`id_person`),
  UNIQUE KEY `fb_id_UNIQUE` (`fb_id`),
  KEY `fk_personDiet` (`diet`),
  KEY `fk_personEducation` (`education`),
  KEY `fk_personJob` (`job`),
  KEY `fk_personReligion` (`religion`),
  KEY `fk_personSign` (`sign`),
  KEY `fk_personReligionSerious` (`religion_serious`),
  KEY `fk_personSignSerious` (`sign_serious`),
  KEY `fk_personAccessLevel` (`access_level`),
  KEY `fk_personLocation` (`location`,`location_name`),
  CONSTRAINT `fk_personAccessLevel` FOREIGN KEY (`access_level`) REFERENCES `accesslevel` (`id_access_level`) ON DELETE NO ACTION ON UPDATE NO ACTION,
  CONSTRAINT `fk_personDiet` FOREIGN KEY (`diet`) REFERENCES `diet` (`id_diet`) ON DELETE NO ACTION ON UPDATE NO ACTION,
  CONSTRAINT `fk_personEducation` FOREIGN KEY (`education`) REFERENCES `education` (`id_education`) ON DELETE NO ACTION ON UPDATE NO ACTION,
  CONSTRAINT `fk_personJob` FOREIGN KEY (`job`) REFERENCES `job` (`id_job`) ON DELETE NO ACTION ON UPDATE NO ACTION,
  CONSTRAINT `fk_personLocation` FOREIGN KEY (`location`, `location_name`) REFERENCES `location` (`id_location`, `name`) ON DELETE NO ACTION ON UPDATE NO ACTION,
  CONSTRAINT `fk_personReligion` FOREIGN KEY (`religion`) REFERENCES `religion` (`id_religion`) ON DELETE NO ACTION ON UPDATE NO ACTION,
  CONSTRAINT `fk_personReligionSerious` FOREIGN KEY (`religion_serious`) REFERENCES `seriousness` (`weight`) ON DELETE NO ACTION ON UPDATE NO ACTION,
  CONSTRAINT `fk_personSign` FOREIGN KEY (`sign`) REFERENCES `sign` (`id_sign`) ON DELETE NO ACTION ON UPDATE NO ACTION,
  CONSTRAINT `fk_personSignSerious` FOREIGN KEY (`sign_serious`) REFERENCES `seriousness` (`weight`) ON DELETE NO ACTION ON UPDATE NO ACTION
) ENGINE=InnoDB AUTO_INCREMENT=7 DEFAULT CHARSET=utf8 COLLATE=utf8_unicode_ci;
/*!40101 SET character_set_client = @saved_cs_client */;

--
-- Dumping data for table `person`
--

LOCK TABLES `person` WRITE;
/*!40000 ALTER TABLE `person` DISABLE KEYS */;
INSERT INTO `person` VALUES (1,2,100002117326166,'Linda','Bäbler',1,'F','Lindaaa','2012-03-22 15:18:51','2012-03-22 15:18:51','1986-10-14',NULL,7285727,'Endingen, Aargau, Switzerland',NULL,NULL,NULL,NULL,NULL,NULL,NULL,NULL,NULL,1,1,1,1,1),(2,2,698827801,'Michael','Henninger',1,'M','afweawef','2012-03-22 16:15:12','2012-03-22 16:15:12','1985-05-14',NULL,7285727,'Endingen, Aargau, Switzerland',NULL,NULL,NULL,NULL,NULL,NULL,NULL,NULL,NULL,1,1,1,1,1),(3,2,100000966972732,'Jonas','Lauener',1,'M','jolau','2012-05-14 00:00:00','2012-11-09 11:48:57','2012-06-06',NULL,3666464,'Unti, Antioquia, Colombia',NULL,NULL,NULL,NULL,NULL,NULL,NULL,NULL,'Hallo! NA dfdf eee',1,1,1,1,1),(4,2,1447030326,'Sarah','Gloor',1,'F','Sarah','2012-07-19 10:22:11','2012-07-19 10:22:11','1991-12-30',NULL,2660718,'Fribourg, Fribourg, Switzerland',NULL,NULL,NULL,NULL,NULL,NULL,NULL,NULL,'As curious, open-minded!',1,1,1,1,1),(5,2,100003847904030,'Allano','Richardorena',1,'M','allah','2012-10-10 17:23:37','2012-10-11 10:38:34','1984-02-06',NULL,2139662,'Ni, New Caledonia',NULL,NULL,NULL,NULL,NULL,NULL,NULL,NULL,'Ich bin der beste!',1,1,1,1,1),(6,2,514580703,'Andreea','Salbatecu',1,'F','Andreea','2013-04-04 00:00:00','2013-05-14 11:06:09','1985-11-30',NULL,2660718,'Freiburg, Fribourg, Switzerland',NULL,NULL,NULL,NULL,NULL,NULL,NULL,NULL,'',0,0,1,1,1);
/*!40000 ALTER TABLE `person` ENABLE KEYS */;
UNLOCK TABLES;

--
-- Table structure for table `tag`
--

DROP TABLE IF EXISTS `tag`;
/*!40101 SET @saved_cs_client     = @@character_set_client */;
/*!40101 SET character_set_client = utf8 */;
CREATE TABLE `tag` (
  `id_tag` bigint(20) NOT NULL AUTO_INCREMENT,
  `category` int(11) NOT NULL,
  `name` varchar(85) COLLATE utf8_unicode_ci NOT NULL,
  PRIMARY KEY (`id_tag`)
) ENGINE=InnoDB AUTO_INCREMENT=20 DEFAULT CHARSET=utf8 COLLATE=utf8_unicode_ci;
/*!40101 SET character_set_client = @saved_cs_client */;

--
-- Dumping data for table `tag`
--

LOCK TABLES `tag` WRITE;
/*!40000 ALTER TABLE `tag` DISABLE KEYS */;
INSERT INTO `tag` VALUES (1,0,'Aspirin'),(2,2,'Scuba Diving'),(3,2,'Reading'),(4,2,'Movies'),(5,1,'Pain'),(6,0,'Humira'),(7,2,'Programming'),(8,1,'Headache'),(9,2,'Sports'),(10,2,'Music'),(11,2,'Traveling'),(12,0,'Algifore'),(14,1,'\'alert(\"hallo\");\''),(15,1,'T'),(16,0,'Test'),(17,0,'AllHeiler'),(18,1,'aaa'),(19,2,'aaa');
/*!40000 ALTER TABLE `tag` ENABLE KEYS */;
UNLOCK TABLES;

--
-- Table structure for table `visit`
--

DROP TABLE IF EXISTS `visit`;
/*!40101 SET @saved_cs_client     = @@character_set_client */;
/*!40101 SET character_set_client = utf8 */;
CREATE TABLE `visit` (
  `id_visitor` bigint(20) NOT NULL,
  `id_visited` bigint(20) NOT NULL,
  `id_when` datetime NOT NULL,
  PRIMARY KEY (`id_visitor`,`id_visited`,`id_when`),
  KEY `fk_visitVisitor` (`id_visitor`),
  KEY `fk_visitVisited` (`id_visited`),
  CONSTRAINT `fk_visitVisited` FOREIGN KEY (`id_visited`) REFERENCES `person` (`id_person`) ON DELETE NO ACTION ON UPDATE NO ACTION,
  CONSTRAINT `fk_visitVisitor` FOREIGN KEY (`id_visitor`) REFERENCES `person` (`id_person`) ON DELETE NO ACTION ON UPDATE NO ACTION
) ENGINE=InnoDB DEFAULT CHARSET=utf8 COLLATE=utf8_unicode_ci;
/*!40101 SET character_set_client = @saved_cs_client */;

--
-- Dumping data for table `visit`
--

LOCK TABLES `visit` WRITE;
/*!40000 ALTER TABLE `visit` DISABLE KEYS */;
/*!40000 ALTER TABLE `visit` ENABLE KEYS */;
UNLOCK TABLES;

--
-- Table structure for table `religion`
--

DROP TABLE IF EXISTS `religion`;
/*!40101 SET @saved_cs_client     = @@character_set_client */;
/*!40101 SET character_set_client = utf8 */;
CREATE TABLE `religion` (
  `id_religion` int(11) NOT NULL AUTO_INCREMENT,
  `name` varchar(85) COLLATE utf8_unicode_ci NOT NULL,
  PRIMARY KEY (`id_religion`)
) ENGINE=InnoDB DEFAULT CHARSET=utf8 COLLATE=utf8_unicode_ci;
/*!40101 SET character_set_client = @saved_cs_client */;

--
-- Dumping data for table `religion`
--

LOCK TABLES `religion` WRITE;
/*!40000 ALTER TABLE `religion` DISABLE KEYS */;
/*!40000 ALTER TABLE `religion` ENABLE KEYS */;
UNLOCK TABLES;

--
-- Table structure for table `characterattribute`
--

DROP TABLE IF EXISTS `characterattribute`;
/*!40101 SET @saved_cs_client     = @@character_set_client */;
/*!40101 SET character_set_client = utf8 */;
CREATE TABLE `characterattribute` (
  `id_character_attribute` int(11) NOT NULL AUTO_INCREMENT,
  `attribute` varchar(85) COLLATE utf8_unicode_ci NOT NULL,
  PRIMARY KEY (`id_character_attribute`)
) ENGINE=InnoDB DEFAULT CHARSET=utf8 COLLATE=utf8_unicode_ci;
/*!40101 SET character_set_client = @saved_cs_client */;

--
-- Dumping data for table `characterattribute`
--

LOCK TABLES `characterattribute` WRITE;
/*!40000 ALTER TABLE `characterattribute` DISABLE KEYS */;
/*!40000 ALTER TABLE `characterattribute` ENABLE KEYS */;
UNLOCK TABLES;
/*!40103 SET TIME_ZONE=@OLD_TIME_ZONE */;

/*!40101 SET SQL_MODE=@OLD_SQL_MODE */;
/*!40014 SET FOREIGN_KEY_CHECKS=@OLD_FOREIGN_KEY_CHECKS */;
/*!40014 SET UNIQUE_CHECKS=@OLD_UNIQUE_CHECKS */;
/*!40101 SET CHARACTER_SET_CLIENT=@OLD_CHARACTER_SET_CLIENT */;
/*!40101 SET CHARACTER_SET_RESULTS=@OLD_CHARACTER_SET_RESULTS */;
/*!40101 SET COLLATION_CONNECTION=@OLD_COLLATION_CONNECTION */;
/*!40111 SET SQL_NOTES=@OLD_SQL_NOTES */;

-- Dump completed on 2013-05-14 11:16:24
