-- phpMyAdmin SQL Dump
-- version 3.4.5
-- http://www.phpmyadmin.net
--
-- Host: localhost
-- Erstellungszeit: 23. Aug 2012 um 13:07
-- Server Version: 5.5.16
-- PHP-Version: 5.3.8

SET SQL_MODE="NO_AUTO_VALUE_ON_ZERO";
SET time_zone = "+00:00";


/*!40101 SET @OLD_CHARACTER_SET_CLIENT=@@CHARACTER_SET_CLIENT */;
/*!40101 SET @OLD_CHARACTER_SET_RESULTS=@@CHARACTER_SET_RESULTS */;
/*!40101 SET @OLD_COLLATION_CONNECTION=@@COLLATION_CONNECTION */;
/*!40101 SET NAMES utf8 */;

--
-- Datenbank: `youapp`
--

-- --------------------------------------------------------

--
-- Tabellenstruktur für Tabelle `about`
--

CREATE TABLE IF NOT EXISTS `about` (
  `id_about` int(11) NOT NULL AUTO_INCREMENT,
  `question` text COLLATE utf8_unicode_ci NOT NULL,
  PRIMARY KEY (`id_about`)
) ENGINE=InnoDB DEFAULT CHARSET=utf8 COLLATE=utf8_unicode_ci AUTO_INCREMENT=1 ;

-- --------------------------------------------------------

--
-- Tabellenstruktur für Tabelle `accesslevel`
--

CREATE TABLE IF NOT EXISTS `accesslevel` (
  `id_access_level` int(11) NOT NULL AUTO_INCREMENT,
  `description` varchar(45) COLLATE utf8_unicode_ci NOT NULL,
  PRIMARY KEY (`id_access_level`),
  UNIQUE KEY `description_UNIQUE` (`description`)
) ENGINE=InnoDB  DEFAULT CHARSET=utf8 COLLATE=utf8_unicode_ci AUTO_INCREMENT=3 ;

--
-- Daten für Tabelle `accesslevel`
--

INSERT INTO `accesslevel` (`id_access_level`, `description`) VALUES
(1, 'Admin'),
(2, 'User');

-- --------------------------------------------------------

--
-- Tabellenstruktur für Tabelle `characterattribute`
--

CREATE TABLE IF NOT EXISTS `characterattribute` (
  `id_character_attribute` int(11) NOT NULL AUTO_INCREMENT,
  `attribute` varchar(85) COLLATE utf8_unicode_ci NOT NULL,
  PRIMARY KEY (`id_character_attribute`)
) ENGINE=InnoDB DEFAULT CHARSET=utf8 COLLATE=utf8_unicode_ci AUTO_INCREMENT=1 ;

-- --------------------------------------------------------

--
-- Tabellenstruktur für Tabelle `diet`
--

CREATE TABLE IF NOT EXISTS `diet` (
  `id_diet` int(11) NOT NULL AUTO_INCREMENT,
  `name` varchar(85) COLLATE utf8_unicode_ci NOT NULL,
  PRIMARY KEY (`id_diet`)
) ENGINE=InnoDB DEFAULT CHARSET=utf8 COLLATE=utf8_unicode_ci AUTO_INCREMENT=1 ;

-- --------------------------------------------------------

--
-- Tabellenstruktur für Tabelle `education`
--

CREATE TABLE IF NOT EXISTS `education` (
  `id_education` int(11) NOT NULL AUTO_INCREMENT,
  `name` varchar(85) COLLATE utf8_unicode_ci NOT NULL,
  PRIMARY KEY (`id_education`)
) ENGINE=InnoDB DEFAULT CHARSET=utf8 COLLATE=utf8_unicode_ci AUTO_INCREMENT=1 ;

-- --------------------------------------------------------

--
-- Tabellenstruktur für Tabelle `facebookfriendship`
--

CREATE TABLE IF NOT EXISTS `facebookfriendship` (
  `id_source` bigint(20) NOT NULL,
  `id_target` bigint(20) NOT NULL,
  PRIMARY KEY (`id_source`,`id_target`)
) ENGINE=InnoDB DEFAULT CHARSET=utf8 COLLATE=utf8_unicode_ci;

--
-- Daten für Tabelle `facebookfriendship`
--

INSERT INTO `facebookfriendship` (`id_source`, `id_target`) VALUES
(698827801, 513986947),
(698827801, 528307744),
(698827801, 554952235),
(698827801, 556500261),
(698827801, 556644030),
(698827801, 569232671),
(698827801, 586044227),
(698827801, 591543636),
(698827801, 597479947),
(698827801, 629681854),
(698827801, 645192082),
(698827801, 648741387),
(698827801, 649787744),
(698827801, 652537597),
(698827801, 665361998),
(698827801, 665780089),
(698827801, 666006092),
(698827801, 666202068),
(698827801, 666302778),
(698827801, 666490519),
(698827801, 707616396),
(698827801, 713757670),
(698827801, 714425726),
(698827801, 715787158),
(698827801, 722710747),
(698827801, 729595972),
(698827801, 730405777),
(698827801, 740530743),
(698827801, 756780961),
(698827801, 770679609),
(698827801, 770822570),
(698827801, 779837041),
(698827801, 783754033),
(698827801, 784253307),
(698827801, 785408587),
(698827801, 785921601),
(698827801, 786502434),
(698827801, 820892968),
(698827801, 866515248),
(698827801, 1002986929),
(698827801, 1016841880),
(698827801, 1019791201),
(698827801, 1027654825),
(698827801, 1035097947),
(698827801, 1040408122),
(698827801, 1044872559),
(698827801, 1045540801),
(698827801, 1046758879),
(698827801, 1049390090),
(698827801, 1050843817),
(698827801, 1052226025),
(698827801, 1054477279),
(698827801, 1054952098),
(698827801, 1055465729),
(698827801, 1076283657),
(698827801, 1076569203),
(698827801, 1080907185),
(698827801, 1091732286),
(698827801, 1126894941),
(698827801, 1135636974),
(698827801, 1137265249),
(698827801, 1141224263),
(698827801, 1146964094),
(698827801, 1154580375),
(698827801, 1156731335),
(698827801, 1166340645),
(698827801, 1190033924),
(698827801, 1190461783),
(698827801, 1195538208),
(698827801, 1200352272),
(698827801, 1203422570),
(698827801, 1209947464),
(698827801, 1210614880),
(698827801, 1215997079),
(698827801, 1219932403),
(698827801, 1234292637),
(698827801, 1255196563),
(698827801, 1261579581),
(698827801, 1263081263),
(698827801, 1268024929),
(698827801, 1273024264),
(698827801, 1286529613),
(698827801, 1290275832),
(698827801, 1307709250),
(698827801, 1313415999),
(698827801, 1314313946),
(698827801, 1333140706),
(698827801, 1336543990),
(698827801, 1346501539),
(698827801, 1351274046),
(698827801, 1351882018),
(698827801, 1356797510),
(698827801, 1357887188),
(698827801, 1363464667),
(698827801, 1368139575),
(698827801, 1369243971),
(698827801, 1370071033),
(698827801, 1378869929),
(698827801, 1379665907),
(698827801, 1384887786),
(698827801, 1397320790),
(698827801, 1404093973),
(698827801, 1418937176),
(698827801, 1421499118),
(698827801, 1430329713),
(698827801, 1448348455),
(698827801, 1451323051),
(698827801, 1465309854),
(698827801, 1474511389),
(698827801, 1475105167),
(698827801, 1493755797),
(698827801, 1513462658),
(698827801, 1517351678),
(698827801, 1527041125),
(698827801, 1542725090),
(698827801, 1551876883),
(698827801, 1557296069),
(698827801, 1558225900),
(698827801, 1558451416),
(698827801, 1583135483),
(698827801, 1584005070),
(698827801, 1584813754),
(698827801, 1612842694),
(698827801, 1629942037),
(698827801, 1708609764),
(698827801, 100000122066375),
(698827801, 100000137427660),
(698827801, 100000338599167),
(698827801, 100000381724228),
(698827801, 100000487189710),
(698827801, 100000553339295),
(698827801, 100000860062124),
(698827801, 100000930582589),
(698827801, 100001381680193),
(698827801, 100001678245282),
(698827801, 100002117326166),
(698827801, 100002200970151),
(698827801, 100002300782607),
(1447030326, 705340),
(1447030326, 1529853),
(1447030326, 501592400),
(1447030326, 503045902),
(1447030326, 503322227),
(1447030326, 506004191),
(1447030326, 506248986),
(1447030326, 507354686),
(1447030326, 511603545),
(1447030326, 514897232),
(1447030326, 516296724),
(1447030326, 518930325),
(1447030326, 519087752),
(1447030326, 520412160),
(1447030326, 520862930),
(1447030326, 521271684),
(1447030326, 528556212),
(1447030326, 529203443),
(1447030326, 529905857),
(1447030326, 530824611),
(1447030326, 530874099),
(1447030326, 532612840),
(1447030326, 532889689),
(1447030326, 533288000),
(1447030326, 533348211),
(1447030326, 533606548),
(1447030326, 534200083),
(1447030326, 535563370),
(1447030326, 538153858),
(1447030326, 540750994),
(1447030326, 542119463),
(1447030326, 547118890),
(1447030326, 552023080),
(1447030326, 552169611),
(1447030326, 552194975),
(1447030326, 553492738),
(1447030326, 555298448),
(1447030326, 555360988),
(1447030326, 556446589),
(1447030326, 558999732),
(1447030326, 561783412),
(1447030326, 563250038),
(1447030326, 563384761),
(1447030326, 567240799),
(1447030326, 567561680),
(1447030326, 568245466),
(1447030326, 569928254),
(1447030326, 571195130),
(1447030326, 571203157),
(1447030326, 571977111),
(1447030326, 572705471),
(1447030326, 573502145),
(1447030326, 576905110),
(1447030326, 578512185),
(1447030326, 580545422),
(1447030326, 581110892),
(1447030326, 586167581),
(1447030326, 587100131),
(1447030326, 590202038),
(1447030326, 590876669),
(1447030326, 592417726),
(1447030326, 593181046),
(1447030326, 595278384),
(1447030326, 595466091),
(1447030326, 596057257),
(1447030326, 597475194),
(1447030326, 597475480),
(1447030326, 597672228),
(1447030326, 602259353),
(1447030326, 602656352),
(1447030326, 606319571),
(1447030326, 607698166),
(1447030326, 609331763),
(1447030326, 609492701),
(1447030326, 609633001),
(1447030326, 609854122),
(1447030326, 610172731),
(1447030326, 611054876),
(1447030326, 616020580),
(1447030326, 624112349),
(1447030326, 627174821),
(1447030326, 629905311),
(1447030326, 630539180),
(1447030326, 630766611),
(1447030326, 632304535),
(1447030326, 635115166),
(1447030326, 636857532),
(1447030326, 639589101),
(1447030326, 639846873),
(1447030326, 643379529),
(1447030326, 643869587),
(1447030326, 651919059),
(1447030326, 661378814),
(1447030326, 668167622),
(1447030326, 672668715),
(1447030326, 674744718),
(1447030326, 675689627),
(1447030326, 677671630),
(1447030326, 678361943),
(1447030326, 681145055),
(1447030326, 681812164),
(1447030326, 682162831),
(1447030326, 685158816),
(1447030326, 685746022),
(1447030326, 690001122),
(1447030326, 694667840),
(1447030326, 698149896),
(1447030326, 704975982),
(1447030326, 706498919),
(1447030326, 707226251),
(1447030326, 709909010),
(1447030326, 711414649),
(1447030326, 713267025),
(1447030326, 715756007),
(1447030326, 718500482),
(1447030326, 724958773),
(1447030326, 725732343),
(1447030326, 728713078),
(1447030326, 730534872),
(1447030326, 737194171),
(1447030326, 737454484),
(1447030326, 739408353),
(1447030326, 742302181),
(1447030326, 747385569),
(1447030326, 750221420),
(1447030326, 754747297),
(1447030326, 757022262),
(1447030326, 758173928),
(1447030326, 760535214),
(1447030326, 763997247),
(1447030326, 769325093),
(1447030326, 770009951),
(1447030326, 773547286),
(1447030326, 774692828),
(1447030326, 774768623),
(1447030326, 781320060),
(1447030326, 781769828),
(1447030326, 781808999),
(1447030326, 783528655),
(1447030326, 783565452),
(1447030326, 785339030),
(1447030326, 786285571),
(1447030326, 788783490),
(1447030326, 789075971),
(1447030326, 817299675),
(1447030326, 843847883),
(1447030326, 848765316),
(1447030326, 855395092),
(1447030326, 867730626),
(1447030326, 897170275),
(1447030326, 1001648798),
(1447030326, 1003252881),
(1447030326, 1006322992),
(1447030326, 1007726900),
(1447030326, 1008007866),
(1447030326, 1012536492),
(1447030326, 1013576674),
(1447030326, 1014330735),
(1447030326, 1015242411),
(1447030326, 1016373183),
(1447030326, 1017982016),
(1447030326, 1024698796),
(1447030326, 1028705001),
(1447030326, 1029635948),
(1447030326, 1032354009),
(1447030326, 1033337683),
(1447030326, 1036277590),
(1447030326, 1041510864),
(1447030326, 1041973257),
(1447030326, 1042537939),
(1447030326, 1044663087),
(1447030326, 1045498179),
(1447030326, 1045596530),
(1447030326, 1048680925),
(1447030326, 1049985995),
(1447030326, 1050667516),
(1447030326, 1053680132),
(1447030326, 1059006689),
(1447030326, 1060854216),
(1447030326, 1062482548),
(1447030326, 1066848285),
(1447030326, 1067005071),
(1447030326, 1068192311),
(1447030326, 1069567338),
(1447030326, 1076597024),
(1447030326, 1077936256),
(1447030326, 1078014050),
(1447030326, 1086131515),
(1447030326, 1086803018),
(1447030326, 1090207784),
(1447030326, 1091721477),
(1447030326, 1100201359),
(1447030326, 1100631920),
(1447030326, 1105611760),
(1447030326, 1110831668),
(1447030326, 1111905815),
(1447030326, 1114902719),
(1447030326, 1115873741),
(1447030326, 1116115054),
(1447030326, 1116908019),
(1447030326, 1117294741),
(1447030326, 1118661949),
(1447030326, 1119523755),
(1447030326, 1123311634),
(1447030326, 1124377785),
(1447030326, 1125865341),
(1447030326, 1128693785),
(1447030326, 1129025221),
(1447030326, 1130164470),
(1447030326, 1130533100),
(1447030326, 1130783523),
(1447030326, 1131555220),
(1447030326, 1133260303),
(1447030326, 1133982441),
(1447030326, 1134984752),
(1447030326, 1135166847),
(1447030326, 1135192182),
(1447030326, 1149279400),
(1447030326, 1158234019),
(1447030326, 1159103543),
(1447030326, 1162733527),
(1447030326, 1162843157),
(1447030326, 1169332647),
(1447030326, 1173242855),
(1447030326, 1175543811),
(1447030326, 1176721117),
(1447030326, 1181022842),
(1447030326, 1183882251),
(1447030326, 1186973406),
(1447030326, 1187091417),
(1447030326, 1192428049),
(1447030326, 1199453133),
(1447030326, 1207396948),
(1447030326, 1207622385),
(1447030326, 1212241778),
(1447030326, 1215771693),
(1447030326, 1216162995),
(1447030326, 1218236103),
(1447030326, 1218476429),
(1447030326, 1223762351),
(1447030326, 1224434995),
(1447030326, 1234669314),
(1447030326, 1242202708),
(1447030326, 1245822500),
(1447030326, 1246231553),
(1447030326, 1247051404),
(1447030326, 1247494854),
(1447030326, 1257901222),
(1447030326, 1270985993),
(1447030326, 1273321048),
(1447030326, 1275640028),
(1447030326, 1276623341),
(1447030326, 1279937162),
(1447030326, 1280777801),
(1447030326, 1281827605),
(1447030326, 1283081420),
(1447030326, 1286195981),
(1447030326, 1288571747),
(1447030326, 1290670045),
(1447030326, 1294850870),
(1447030326, 1295314788),
(1447030326, 1299642059),
(1447030326, 1300329178),
(1447030326, 1302835800),
(1447030326, 1314464980),
(1447030326, 1318806403),
(1447030326, 1320737506),
(1447030326, 1323321758),
(1447030326, 1328417219),
(1447030326, 1332280942),
(1447030326, 1333105731),
(1447030326, 1333129031),
(1447030326, 1333790719),
(1447030326, 1333989221),
(1447030326, 1336212304),
(1447030326, 1344438729),
(1447030326, 1345037132),
(1447030326, 1345788861),
(1447030326, 1347306282),
(1447030326, 1348530690),
(1447030326, 1348550315),
(1447030326, 1350407170),
(1447030326, 1350837040),
(1447030326, 1351501426),
(1447030326, 1355810008),
(1447030326, 1362730651),
(1447030326, 1363512736),
(1447030326, 1365168112),
(1447030326, 1366047050),
(1447030326, 1367731462),
(1447030326, 1368069500),
(1447030326, 1372855708),
(1447030326, 1379736498),
(1447030326, 1380901215),
(1447030326, 1383961437),
(1447030326, 1385144300),
(1447030326, 1386369831),
(1447030326, 1386504825),
(1447030326, 1386793583),
(1447030326, 1389874587),
(1447030326, 1391028981),
(1447030326, 1393381001),
(1447030326, 1396986357),
(1447030326, 1398063688),
(1447030326, 1400247385),
(1447030326, 1401006402),
(1447030326, 1404530697),
(1447030326, 1404804809),
(1447030326, 1405835095),
(1447030326, 1406001082),
(1447030326, 1406383898),
(1447030326, 1409118529),
(1447030326, 1409777427),
(1447030326, 1416009681),
(1447030326, 1418100901),
(1447030326, 1419754342),
(1447030326, 1419866900),
(1447030326, 1421401108),
(1447030326, 1423174886),
(1447030326, 1423581191),
(1447030326, 1423673960),
(1447030326, 1424347929),
(1447030326, 1425244710),
(1447030326, 1425688028),
(1447030326, 1427722606),
(1447030326, 1427944345),
(1447030326, 1432205003),
(1447030326, 1434765038),
(1447030326, 1435434580),
(1447030326, 1436494023),
(1447030326, 1436962696),
(1447030326, 1441667487),
(1447030326, 1442891776),
(1447030326, 1444806284),
(1447030326, 1445066432),
(1447030326, 1446061251),
(1447030326, 1446832218),
(1447030326, 1447555057),
(1447030326, 1451497788),
(1447030326, 1454101997),
(1447030326, 1456041181),
(1447030326, 1457500436),
(1447030326, 1459083427),
(1447030326, 1462461436),
(1447030326, 1462565677),
(1447030326, 1469124105),
(1447030326, 1471120376),
(1447030326, 1471565063),
(1447030326, 1478066349),
(1447030326, 1479304705),
(1447030326, 1481052082),
(1447030326, 1481282490),
(1447030326, 1481493455),
(1447030326, 1481630882),
(1447030326, 1482154679),
(1447030326, 1483867557),
(1447030326, 1485396365),
(1447030326, 1486489330),
(1447030326, 1488274696),
(1447030326, 1488308064),
(1447030326, 1490270224),
(1447030326, 1492767592),
(1447030326, 1492986871),
(1447030326, 1493542596),
(1447030326, 1496570800),
(1447030326, 1497274714),
(1447030326, 1500974957),
(1447030326, 1503781010),
(1447030326, 1503948106),
(1447030326, 1505003008),
(1447030326, 1507634161),
(1447030326, 1510893256),
(1447030326, 1512091553),
(1447030326, 1520607073),
(1447030326, 1522483633),
(1447030326, 1523228674),
(1447030326, 1524637716),
(1447030326, 1524654786),
(1447030326, 1526117167),
(1447030326, 1530352351),
(1447030326, 1533307921),
(1447030326, 1533369511),
(1447030326, 1534548201),
(1447030326, 1535307547),
(1447030326, 1536429194),
(1447030326, 1537300541),
(1447030326, 1537462988),
(1447030326, 1537691578),
(1447030326, 1538326783),
(1447030326, 1538412569),
(1447030326, 1540146390),
(1447030326, 1544994630),
(1447030326, 1546016849),
(1447030326, 1550929999),
(1447030326, 1554600600),
(1447030326, 1555915929),
(1447030326, 1565630377),
(1447030326, 1567848225),
(1447030326, 1568266716),
(1447030326, 1568538236),
(1447030326, 1571161479),
(1447030326, 1576662791),
(1447030326, 1582696547),
(1447030326, 1592770708),
(1447030326, 1597164627),
(1447030326, 1602240676),
(1447030326, 1602422919),
(1447030326, 1603001088),
(1447030326, 1604353809),
(1447030326, 1609422156),
(1447030326, 1609592723),
(1447030326, 1609622739),
(1447030326, 1613531033),
(1447030326, 1614405650),
(1447030326, 1616451869),
(1447030326, 1616885039),
(1447030326, 1617159803),
(1447030326, 1618824520),
(1447030326, 1620279648),
(1447030326, 1622626495),
(1447030326, 1624062388),
(1447030326, 1625412883),
(1447030326, 1629489641),
(1447030326, 1635331308),
(1447030326, 1639775518),
(1447030326, 1640244063),
(1447030326, 1643257422),
(1447030326, 1645214252),
(1447030326, 1650483825),
(1447030326, 1653162043),
(1447030326, 1658450047),
(1447030326, 1658973617),
(1447030326, 1668147628),
(1447030326, 1672742568),
(1447030326, 1706068734),
(1447030326, 1832236595),
(1447030326, 100000020762344),
(1447030326, 100000100252096),
(1447030326, 100000102018433),
(1447030326, 100000105961153),
(1447030326, 100000135622557),
(1447030326, 100000160055530),
(1447030326, 100000160282732),
(1447030326, 100000161253781),
(1447030326, 100000190545501),
(1447030326, 100000208344907),
(1447030326, 100000279713338),
(1447030326, 100000380746672),
(1447030326, 100000401452896),
(1447030326, 100000512492648),
(1447030326, 100000570598149),
(1447030326, 100000698297868),
(1447030326, 100000702824783),
(1447030326, 100000741101584),
(1447030326, 100000762752842),
(1447030326, 100000839513769),
(1447030326, 100000888277338),
(1447030326, 100000948088694),
(1447030326, 100000966972732),
(1447030326, 100001012239304),
(1447030326, 100001042376597),
(1447030326, 100001118556256),
(1447030326, 100001218844384),
(1447030326, 100001224859344),
(1447030326, 100001239128640),
(1447030326, 100001381216559),
(1447030326, 100001445331398),
(1447030326, 100001486269878),
(1447030326, 100001488976237),
(1447030326, 100001583857764),
(1447030326, 100001587345656),
(1447030326, 100001646950111),
(1447030326, 100001686046159),
(1447030326, 100001719230082),
(1447030326, 100001760205637),
(1447030326, 100001789985625),
(1447030326, 100001801744129),
(1447030326, 100001825744572),
(1447030326, 100001960739046),
(1447030326, 100001993657478),
(1447030326, 100002072432242),
(1447030326, 100002308531230),
(1447030326, 100002327421293),
(1447030326, 100002429887506),
(1447030326, 100002553796278),
(1447030326, 100002636530465),
(1447030326, 100002649311571),
(1447030326, 100002690243064),
(1447030326, 100002886860766),
(1447030326, 100002922120919),
(1447030326, 100002927753305),
(1447030326, 100002954257561),
(1447030326, 100002968222090),
(1447030326, 100003251812737),
(1447030326, 100003469115074),
(1447030326, 100003472014007),
(1447030326, 100003533651799),
(1447030326, 100003537942823),
(1447030326, 100004024110470),
(1482662501, 513494388),
(1482662501, 520007036),
(1482662501, 525894288),
(1482662501, 539752543),
(1482662501, 550772076),
(1482662501, 571295115),
(1482662501, 572628016),
(1482662501, 573272422),
(1482662501, 575438147),
(1482662501, 578966600),
(1482662501, 582841354),
(1482662501, 583341420),
(1482662501, 598120133),
(1482662501, 622851077),
(1482662501, 629982865),
(1482662501, 657564113),
(1482662501, 685845577),
(1482662501, 698249014),
(1482662501, 698827801),
(1482662501, 715831725),
(1482662501, 726071684),
(1482662501, 726976137),
(1482662501, 727773145),
(1482662501, 729432079),
(1482662501, 730698903),
(1482662501, 745557499),
(1482662501, 753972430),
(1482662501, 755627235),
(1482662501, 773127147),
(1482662501, 779817569),
(1482662501, 782863269),
(1482662501, 1002331183),
(1482662501, 1003010671),
(1482662501, 1018160875),
(1482662501, 1026387125),
(1482662501, 1041896721),
(1482662501, 1048577402),
(1482662501, 1054064843),
(1482662501, 1055987009),
(1482662501, 1062610728),
(1482662501, 1076508260),
(1482662501, 1080137706),
(1482662501, 1091875761),
(1482662501, 1093825831),
(1482662501, 1114664218),
(1482662501, 1114814753),
(1482662501, 1128736519),
(1482662501, 1135636974),
(1482662501, 1140628628),
(1482662501, 1141224263),
(1482662501, 1160479328),
(1482662501, 1173458408),
(1482662501, 1181953920),
(1482662501, 1187067760),
(1482662501, 1200352272),
(1482662501, 1215434300),
(1482662501, 1218156876),
(1482662501, 1232595030),
(1482662501, 1233517192),
(1482662501, 1234712013),
(1482662501, 1243718595),
(1482662501, 1243865187),
(1482662501, 1245707761),
(1482662501, 1247062313),
(1482662501, 1252337253),
(1482662501, 1256636488),
(1482662501, 1259306542),
(1482662501, 1271372185),
(1482662501, 1313382502),
(1482662501, 1313859704),
(1482662501, 1322740071),
(1482662501, 1324800252),
(1482662501, 1339954296),
(1482662501, 1342355304),
(1482662501, 1342771739),
(1482662501, 1342801323),
(1482662501, 1347525115),
(1482662501, 1370071033),
(1482662501, 1384809862),
(1482662501, 1403791067),
(1482662501, 1404316799),
(1482662501, 1409811477),
(1482662501, 1419463436),
(1482662501, 1436672730),
(1482662501, 1451557528),
(1482662501, 1467010272),
(1482662501, 1472138485),
(1482662501, 1479139925),
(1482662501, 1482365671),
(1482662501, 1484534875),
(1482662501, 1489941180),
(1482662501, 1499016948),
(1482662501, 1524147691),
(1482662501, 1524379372),
(1482662501, 1537190644),
(1482662501, 1548884258),
(1482662501, 1553826841),
(1482662501, 1632425016),
(1482662501, 1660590826),
(1482662501, 1664554994),
(1482662501, 1668621796),
(1482662501, 100000025884655),
(1482662501, 100000093095555),
(1482662501, 100000137427660),
(1482662501, 100000227846240),
(1482662501, 100000265061724),
(1482662501, 100000284993494),
(1482662501, 100000471169958),
(1482662501, 100000966972732),
(1482662501, 100001223426626),
(1482662501, 100001792726866),
(1482662501, 100001927476862),
(1482662501, 100002117326166),
(100000966972732, 705340),
(100000966972732, 9802466),
(100000966972732, 164201325),
(100000966972732, 529461927),
(100000966972732, 529653006),
(100000966972732, 535376266),
(100000966972732, 626182889),
(100000966972732, 649787744),
(100000966972732, 652604358),
(100000966972732, 682057500),
(100000966972732, 690764177),
(100000966972732, 698827801),
(100000966972732, 724321711),
(100000966972732, 734710390),
(100000966972732, 742356888),
(100000966972732, 747385569),
(100000966972732, 767885602),
(100000966972732, 789450838),
(100000966972732, 801452887),
(100000966972732, 1001177277),
(100000966972732, 1045503949),
(100000966972732, 1061633830),
(100000966972732, 1065962533),
(100000966972732, 1073161306),
(100000966972732, 1083291704),
(100000966972732, 1085643757),
(100000966972732, 1096663054),
(100000966972732, 1104040489),
(100000966972732, 1141224263),
(100000966972732, 1149669218),
(100000966972732, 1174366116),
(100000966972732, 1180770372),
(100000966972732, 1182409069),
(100000966972732, 1182420336),
(100000966972732, 1194773768),
(100000966972732, 1203394254),
(100000966972732, 1208545655),
(100000966972732, 1227788017),
(100000966972732, 1245081854),
(100000966972732, 1245707761),
(100000966972732, 1257551529),
(100000966972732, 1259876708),
(100000966972732, 1263567476),
(100000966972732, 1264016677),
(100000966972732, 1266373302),
(100000966972732, 1269258367),
(100000966972732, 1278428457),
(100000966972732, 1283002409),
(100000966972732, 1288689646),
(100000966972732, 1298259655),
(100000966972732, 1303110313),
(100000966972732, 1352127219),
(100000966972732, 1358424532),
(100000966972732, 1361816036),
(100000966972732, 1362645184),
(100000966972732, 1382770972),
(100000966972732, 1403297165),
(100000966972732, 1410171453),
(100000966972732, 1411037058),
(100000966972732, 1412780970),
(100000966972732, 1421372642),
(100000966972732, 1436921697),
(100000966972732, 1447030326),
(100000966972732, 1449787373),
(100000966972732, 1450308735),
(100000966972732, 1451262938),
(100000966972732, 1475105167),
(100000966972732, 1476497717),
(100000966972732, 1482662501),
(100000966972732, 1484856549),
(100000966972732, 1489313915),
(100000966972732, 1502134354),
(100000966972732, 1504396267),
(100000966972732, 1505097957),
(100000966972732, 1507066015),
(100000966972732, 1544095767),
(100000966972732, 1548242639),
(100000966972732, 1549952288),
(100000966972732, 1550385364),
(100000966972732, 1550415403),
(100000966972732, 1552747018),
(100000966972732, 1557247134),
(100000966972732, 1558125446),
(100000966972732, 1562085018),
(100000966972732, 1573426117),
(100000966972732, 1610165086),
(100000966972732, 1633076719),
(100000966972732, 1639823365),
(100000966972732, 1664123674),
(100000966972732, 1676336267),
(100000966972732, 1677012755),
(100000966972732, 1727238078),
(100000966972732, 1733320117),
(100000966972732, 1763625980),
(100000966972732, 1766724200),
(100000966972732, 1802204274),
(100000966972732, 1809226318),
(100000966972732, 100000013792911),
(100000966972732, 100000068297596),
(100000966972732, 100000105091998),
(100000966972732, 100000126511909),
(100000966972732, 100000130397275),
(100000966972732, 100000154796310),
(100000966972732, 100000166597943),
(100000966972732, 100000253343674),
(100000966972732, 100000276084862),
(100000966972732, 100000328131660),
(100000966972732, 100000333184389),
(100000966972732, 100000341089202),
(100000966972732, 100000370558074),
(100000966972732, 100000399722930),
(100000966972732, 100000403239154),
(100000966972732, 100000563423574),
(100000966972732, 100000604572865),
(100000966972732, 100000608480496),
(100000966972732, 100000614466779),
(100000966972732, 100000696030151),
(100000966972732, 100000708450403),
(100000966972732, 100000721509525),
(100000966972732, 100000902079735),
(100000966972732, 100000956992633),
(100000966972732, 100001098669660),
(100000966972732, 100001182134727),
(100000966972732, 100001195576336),
(100000966972732, 100001199014011),
(100000966972732, 100001211464254),
(100000966972732, 100001280403256),
(100000966972732, 100001290192237),
(100000966972732, 100001445998792),
(100000966972732, 100001682092356),
(100000966972732, 100001696126900),
(100000966972732, 100001870097895),
(100000966972732, 100002117326166),
(100000966972732, 100002175374713),
(100000966972732, 100002330768804),
(100000966972732, 100002450285392),
(100000966972732, 100002498033494),
(100000966972732, 100002599578310),
(100000966972732, 100003308434114),
(100000966972732, 100003541962124),
(100000966972732, 100003556138599),
(100000966972732, 100003767307285),
(100000966972732, 100004038682840),
(100002117326166, 503767429),
(100002117326166, 510196179),
(100002117326166, 513501287),
(100002117326166, 539752543),
(100002117326166, 540963824),
(100002117326166, 563488034),
(100002117326166, 568022323),
(100002117326166, 575438147),
(100002117326166, 576113346),
(100002117326166, 587015754),
(100002117326166, 635396816),
(100002117326166, 649787744),
(100002117326166, 651155953),
(100002117326166, 657564113),
(100002117326166, 661615563),
(100002117326166, 662943534),
(100002117326166, 669839706),
(100002117326166, 675299060),
(100002117326166, 698827801),
(100002117326166, 715831725),
(100002117326166, 726071684),
(100002117326166, 767067434),
(100002117326166, 769327088),
(100002117326166, 771609838),
(100002117326166, 784085493),
(100002117326166, 817424161),
(100002117326166, 848239889),
(100002117326166, 1017524175),
(100002117326166, 1027428013),
(100002117326166, 1036548769),
(100002117326166, 1038711800),
(100002117326166, 1043558475),
(100002117326166, 1054064843),
(100002117326166, 1086295967),
(100002117326166, 1141224263),
(100002117326166, 1151407950),
(100002117326166, 1161126632),
(100002117326166, 1163592099),
(100002117326166, 1187067760),
(100002117326166, 1197974806),
(100002117326166, 1200352272),
(100002117326166, 1239200131),
(100002117326166, 1266975091),
(100002117326166, 1271372185),
(100002117326166, 1302466103),
(100002117326166, 1310652184),
(100002117326166, 1322607456),
(100002117326166, 1333140706),
(100002117326166, 1337787987),
(100002117326166, 1342771739),
(100002117326166, 1357887188),
(100002117326166, 1362962109),
(100002117326166, 1374390122),
(100002117326166, 1397320790),
(100002117326166, 1403895596),
(100002117326166, 1405371957),
(100002117326166, 1420088516),
(100002117326166, 1428377587),
(100002117326166, 1435483106),
(100002117326166, 1448348455),
(100002117326166, 1475105167),
(100002117326166, 1482662501),
(100002117326166, 1486082951),
(100002117326166, 1493755797),
(100002117326166, 1495350844),
(100002117326166, 1499869477),
(100002117326166, 1517397682),
(100002117326166, 1518795090),
(100002117326166, 1520979871),
(100002117326166, 1524351495),
(100002117326166, 1542649082),
(100002117326166, 1583135483),
(100002117326166, 1607913072),
(100002117326166, 1739213346),
(100002117326166, 100000137427660),
(100002117326166, 100000138313367),
(100002117326166, 100000265061724),
(100002117326166, 100000553339295),
(100002117326166, 100000789592019),
(100002117326166, 100001029534652),
(100002117326166, 100001588535245),
(100002117326166, 100001838606265),
(100002117326166, 100002043199780),
(100002117326166, 100002075569987),
(100002117326166, 100002329288207),
(100002117326166, 100002603777546);

-- --------------------------------------------------------

--
-- Tabellenstruktur für Tabelle `facebookgroup`
--

CREATE TABLE IF NOT EXISTS `facebookgroup` (
  `id_group` bigint(20) NOT NULL AUTO_INCREMENT,
  `name` varchar(150) COLLATE utf8_unicode_ci NOT NULL,
  `gid` bigint(20) NOT NULL,
  `nid` bigint(20) DEFAULT NULL,
  `creator` bigint(20) DEFAULT NULL,
  `description` text COLLATE utf8_unicode_ci,
  `type` varchar(85) COLLATE utf8_unicode_ci DEFAULT NULL,
  `subtype` varchar(85) COLLATE utf8_unicode_ci DEFAULT NULL,
  `last_update` datetime DEFAULT NULL,
  `website` varchar(150) COLLATE utf8_unicode_ci DEFAULT NULL,
  PRIMARY KEY (`id_group`),
  UNIQUE KEY `fb_id_UNIQUE` (`gid`)
) ENGINE=InnoDB  DEFAULT CHARSET=utf8 COLLATE=utf8_unicode_ci AUTO_INCREMENT=40 ;

--
-- Daten für Tabelle `facebookgroup`
--

INSERT INTO `facebookgroup` (`id_group`, `name`, `gid`, `nid`, `creator`, `description`, `type`, `subtype`, `last_update`, `website`) VALUES
(1, 'Marfan Syndrome', 2204143971, NULL, NULL, NULL, NULL, NULL, NULL, NULL),
(2, 'Ernst Gutknecht: Ein Mathematiker, ein Held!', 172833896184, NULL, NULL, NULL, NULL, NULL, NULL, NULL),
(3, 'Loft-Poker', 294640773935309, NULL, NULL, NULL, NULL, NULL, NULL, NULL),
(4, 'Krav Maga Windisch', 135892849684, NULL, NULL, NULL, NULL, NULL, NULL, NULL),
(5, 'I06 @ FHNW - der glorreiche Jahrgang', 319390757714, NULL, NULL, NULL, NULL, NULL, NULL, NULL),
(6, 'JUSO Baden-Brugg (PrOST)', 306751166036326, NULL, NULL, NULL, NULL, NULL, NULL, NULL),
(7, 'BM10e', 308626719148995, NULL, NULL, NULL, NULL, NULL, NULL, NULL),
(8, 'JUSO Aargau', 36809442212, NULL, NULL, NULL, NULL, NULL, NULL, NULL),
(9, 'Tamara Troxler''s Hammersprüche bzw. "Witze"', 159469627442876, NULL, NULL, NULL, NULL, NULL, NULL, NULL),
(10, '4c(ool isch''s gsi) <3 2006-2010', 149071985127051, NULL, NULL, NULL, NULL, NULL, NULL, NULL),
(11, 'DiveZone', 13135755062, NULL, NULL, NULL, NULL, NULL, NULL, NULL),
(12, 'Adina & Manu''s "Welcome Home Party"', 180898925372270, NULL, NULL, NULL, NULL, NULL, NULL, NULL),
(13, 'Bez. Kölliken 04-07', 116015028538134, NULL, NULL, NULL, NULL, NULL, NULL, NULL),
(14, 'Global LCP 2012/13', 306003282819778, NULL, NULL, NULL, NULL, NULL, NULL, NULL),
(15, 'LC Fribourg EB 2012/2013', 360711683987662, NULL, NULL, NULL, NULL, NULL, NULL, NULL),
(16, 'Swiss LCPs 12/13', 429590780403507, NULL, NULL, NULL, NULL, NULL, NULL, NULL),
(17, 'Cocomama', 118987214828908, NULL, NULL, NULL, NULL, NULL, NULL, NULL),
(18, '++ ICECREAM-SUPERSTAR - the creamy blog ++', 140369932741731, NULL, NULL, NULL, NULL, NULL, NULL, NULL),
(19, 'WENA LDS Home Group', 249686151792252, NULL, NULL, NULL, NULL, NULL, NULL, NULL),
(20, 'WENALDS 2012!', 319925578068566, NULL, NULL, NULL, NULL, NULL, NULL, NULL),
(21, 'WENALDS 2012 Sharings!', 382951278391423, NULL, NULL, NULL, NULL, NULL, NULL, NULL),
(22, 'Global Village Berne 2012', 330144197021720, NULL, NULL, NULL, NULL, NULL, NULL, NULL),
(23, 'Kick Off 2012', 285850921475379, NULL, NULL, NULL, NULL, NULL, NULL, NULL),
(24, 'Be.project by BearingPoint', 346896511999585, NULL, NULL, NULL, NULL, NULL, NULL, NULL),
(25, 'SPREAD THE INSPIRATION', 199625273467245, NULL, NULL, NULL, NULL, NULL, NULL, NULL),
(26, 'The word of the day/le mot du jour/das tägliche Wort', 281700445200774, NULL, NULL, NULL, NULL, NULL, NULL, NULL),
(27, 'LC FRIBOURG', 140543777599, NULL, NULL, NULL, NULL, NULL, NULL, NULL),
(28, 'IUR I - Université de Fribourg - 2011-2012', 163182967107791, NULL, NULL, NULL, NULL, NULL, NULL, NULL),
(29, 'Mondaysnobs', 284844811545322, NULL, NULL, NULL, NULL, NULL, NULL, NULL),
(30, 'Centre Fries', 8977451245, NULL, NULL, NULL, NULL, NULL, NULL, NULL),
(31, '4LIGA', 184101878305185, NULL, NULL, NULL, NULL, NULL, NULL, NULL),
(32, 'Sbic-elianer!', 101049393314221, NULL, NULL, NULL, NULL, NULL, NULL, NULL),
(33, 'Flintstones', 195075773857664, NULL, NULL, NULL, NULL, NULL, NULL, NULL),
(34, 'FHNW Secret Group', 266263746807091, NULL, NULL, NULL, NULL, NULL, NULL, NULL),
(35, 'Samariterverein Niederwil und Umgebung', 129664723836144, NULL, NULL, NULL, NULL, NULL, NULL, NULL),
(36, 'Die Schlechtesten Videos/Szenen ALLER ZEITEN!!!!', 116103031743811, NULL, NULL, NULL, NULL, NULL, NULL, NULL),
(37, 'Bier + Wurst + hoffentlich guets Wätter', 127024520668722, NULL, NULL, NULL, NULL, NULL, NULL, NULL),
(38, 'StudCom GmbH - Mitarbeiter', 148475915200431, NULL, NULL, NULL, NULL, NULL, NULL, NULL),
(39, 'Novum Lounge FHNW', 44079821904, NULL, NULL, NULL, NULL, NULL, NULL, NULL);

-- --------------------------------------------------------

--
-- Tabellenstruktur für Tabelle `facebookpage`
--

CREATE TABLE IF NOT EXISTS `facebookpage` (
  `id_page` bigint(20) NOT NULL AUTO_INCREMENT,
  `pid` bigint(20) NOT NULL,
  `name` varchar(150) COLLATE utf8_unicode_ci NOT NULL,
  `category` varchar(85) COLLATE utf8_unicode_ci DEFAULT NULL,
  `type` varchar(85) COLLATE utf8_unicode_ci DEFAULT NULL,
  `likes` bigint(20) DEFAULT NULL,
  `website` varchar(150) COLLATE utf8_unicode_ci DEFAULT NULL,
  `founded` int(11) DEFAULT NULL,
  PRIMARY KEY (`id_page`)
) ENGINE=InnoDB  DEFAULT CHARSET=utf8 COLLATE=utf8_unicode_ci AUTO_INCREMENT=204 ;

--
-- Daten für Tabelle `facebookpage`
--

INSERT INTO `facebookpage` (`id_page`, `pid`, `name`, `category`, `type`, `likes`, `website`, `founded`) VALUES
(1, 85191657165, 'Melody Gardot', 'Musician/band', 'MUSICIAN/BAND', NULL, NULL, NULL),
(2, 264949839558, 'Little Dragon', 'Musician/band', 'MUSICIAN/BAND', NULL, NULL, NULL),
(3, 108072275881224, 'Tommy Castro', 'Musician/band', 'MUSICIAN/BAND', NULL, NULL, NULL),
(4, 112575758755297, 'Jon Lord', 'Musician/band', 'MUSICIAN/BAND', NULL, NULL, NULL),
(5, 109992889020145, 'Jon Cleary', 'Musician/band', 'MUSICIAN/BAND', NULL, NULL, NULL),
(6, 104007816301935, 'Barbara Dennerlein', 'Musician/band', 'MUSICIAN/BAND', NULL, NULL, NULL),
(7, 109619672397620, 'Bill Evans', 'Actor/director', 'ACTOR/DIRECTOR', NULL, NULL, NULL),
(8, 108265962532026, 'Keith Jarrett', 'Musician/band', 'MUSICIAN/BAND', NULL, NULL, NULL),
(9, 109241052434781, 'Guess How Much I Love You', 'Book', 'BOOK', NULL, NULL, NULL),
(10, 113338508679743, 'Das Kartengeheimnis', 'Book', 'BOOK', NULL, NULL, NULL),
(11, 107850909243964, 'Torture the Artist', 'Book', 'BOOK', NULL, NULL, NULL),
(12, 105548942811415, 'Oscar et la Dame rose', 'Book', 'BOOK', NULL, NULL, NULL),
(13, 166261933395456, 'Intouchables', 'Movie', 'MOVIE', NULL, NULL, NULL),
(14, 166762813391376, 'Trainspotting', 'Movie', 'MOVIE', NULL, NULL, NULL),
(15, 179403312117362, 'Kill Bill', 'Movie', 'MOVIE', NULL, NULL, NULL),
(16, 187199394665811, 'American Beauty', 'Movie', 'MOVIE', NULL, NULL, NULL),
(17, 108239329196451, 'Bienvenue chez les Ch''tis', 'Movie', 'MOVIE', NULL, NULL, NULL),
(18, 104055142962868, 'Léon', 'Movie', 'MOVIE', NULL, NULL, NULL),
(19, 53180527367, 'Slumdog Millionaire', 'Movie', 'MOVIE', NULL, NULL, NULL),
(20, 39644305296, 'Fight Club', 'Movie', 'MOVIE', NULL, NULL, NULL),
(21, 109951909034179, 'Twelve Monkeys', 'Movie', 'MOVIE', NULL, NULL, NULL),
(22, 176105760417, 'Death At A Funeral', 'Movie', 'MOVIE', NULL, NULL, NULL),
(23, 9588466619, 'Futurama', 'Tv show', 'TV SHOW', NULL, NULL, NULL),
(24, 274065822607103, 'Fachhochschule Nordwestschweiz FHNW', 'University', 'UNIVERSITY', NULL, NULL, NULL),
(25, 196924537001110, 'Le Pain Quotidien', 'Company', 'COMPANY', NULL, NULL, NULL),
(26, 169007386486180, 'Cakefriends', 'Restaurant/cafe', 'RESTAURANT/CAFE', NULL, NULL, NULL),
(27, 119682428047331, 'FHNW', 'Organization', 'ORGANIZATION', NULL, NULL, NULL),
(28, 115833858446843, 'Capri-Sonne', 'Product/service', 'PRODUCT/SERVICE', NULL, NULL, NULL),
(29, 104073103982, 'Black Ball Billard-Lounge', 'Bar', 'BAR', NULL, NULL, NULL),
(30, 102613406462433, 'Caribana Festival', 'Organization', 'ORGANIZATION', NULL, NULL, NULL),
(31, 31061022037, 'Donkey', 'Public figure', 'PUBLIC FIGURE', NULL, NULL, NULL),
(32, 115849815096298, 'Lastesel', 'Animal', 'ANIMAL', NULL, NULL, NULL),
(33, 107528222629452, 'Fantoche', 'Non-profit organization', 'FESTIVAL', NULL, NULL, NULL),
(34, 104883179610644, 'Hands Solo', 'Musician/band', 'MUSICIAN/BAND', NULL, NULL, NULL),
(35, 136776939681635, 'Frank the Tank', 'Musician/band', 'MUSICIAN/BAND', NULL, NULL, NULL),
(36, 14006993015, 'Bligg', 'Musician/band', 'MUSICIAN/BAND', NULL, NULL, NULL),
(37, 7619396355, 'David Guetta', 'Musician/band', 'MUSICIAN/BAND', NULL, NULL, NULL),
(38, 108487049226177, 'Bad Boys', 'Movie', 'MOVIE', NULL, NULL, NULL),
(39, 112063758806484, 'Der blutige Pfad Gottes', 'Movie', 'MOVIE', NULL, NULL, NULL),
(40, 108611105879781, 'Bad Boys II', 'Movie', 'MOVIE', NULL, NULL, NULL),
(41, 112371802123294, 'Transporter 1', 'Movie', 'MOVIE', NULL, NULL, NULL),
(42, 112127428799369, 'Transporter 2', 'Movie', 'MOVIE', NULL, NULL, NULL),
(43, 109550739071923, 'The Rock', 'Movie', 'MOVIE', NULL, NULL, NULL),
(44, 359252982311, 'Hey Mann Wo Ist Mein Auto', 'Movie general', 'MOVIE GENERAL', NULL, NULL, NULL),
(45, 11487688717, '"Snatch"', 'Movie', 'MOVIE', NULL, NULL, NULL),
(46, 9098498615, 'Adam Sandler', 'Entertainer', 'ENTERTAINER', NULL, NULL, NULL),
(47, 36211311648, 'Two and a Half Men', 'Tv show', 'TV SHOW', NULL, NULL, NULL),
(48, 140879489291903, 'JUNG, WILD & SEXY', 'Tv show', 'TV SHOW', NULL, NULL, NULL),
(49, 7807422276, 'How I Met Your Mother', 'Tv show', 'TV SHOW', NULL, NULL, NULL),
(50, 115910708423941, 'Gta 4', 'Games/toys', 'GAMES/TOYS', NULL, NULL, NULL),
(51, 152063891519142, 'Mark Webber', 'Athlete', 'ATHLETE', NULL, NULL, NULL),
(52, 109671612392705, 'Ronnie O’Sullivan', 'Public figure', 'PUBLIC FIGURE', NULL, NULL, NULL),
(53, 153448271375412, 'Fernando Alonso', 'Athlete', 'ATHLETE', NULL, NULL, NULL),
(54, 64760994940, 'Roger Federer', 'Athlete', 'ATHLETE', NULL, NULL, NULL),
(55, 125338090854262, 'Collaborative Innovation Networks: COINs Conference', 'Community', 'COMMUNITY', NULL, NULL, NULL),
(56, 154341371276874, 'Paul Panzer', 'Comedian', 'COMEDIAN', NULL, NULL, NULL),
(57, 114314315298472, 'Stockpulse', 'Internet/software', 'CORPORATE OFFICE', NULL, NULL, NULL),
(58, 102277456511467, 'Kaya Yanar', 'Comedian', 'COMEDIAN', NULL, NULL, NULL),
(59, 112915102084898, 'Wer sind diese Rechungswesen? Und was wollen sie von mir?', 'Church/religious organization', 'CHURCH/RELIGIOUS ORGANIZATION', NULL, NULL, NULL),
(60, 93922637103, 'digitec AG', 'Retail and consumer merchandise', 'RETAIL AND CONSUMER MERCHANDISE', NULL, NULL, NULL),
(61, 34344332222, 'Abby Sciuto', 'Public figure', 'PUBLIC FIGURE', NULL, NULL, NULL),
(62, 31091843175, 'Jake Harper (Two and a half men)', 'Actor/director', 'ACTOR/DIRECTOR', NULL, NULL, NULL),
(63, 13639749437, 'Al Bundy', 'Public figure', 'PUBLIC FIGURE', NULL, NULL, NULL),
(64, 8908606083, 'twoleftfeet.ch', 'Recreation/sports', 'RECREATION/SPORTS', NULL, NULL, NULL),
(65, 179679788385, 'Raserinitiative', 'Product/service', 'PRODUCT/SERVICE', NULL, NULL, NULL),
(66, 103700283002749, 'Miffy', 'Tv show', 'TV SHOW', NULL, NULL, NULL),
(67, 197832590242401, 'MetropolitanDeli', 'Local business', 'LOCAL BUSINESS', NULL, NULL, NULL),
(68, 336477869711119, 'Options', 'Retail and consumer merchandise', 'RETAIL AND CONSUMER MERCHANDISE', NULL, NULL, NULL),
(69, 141342679259734, 'Julionair', 'Musician/band', 'MUSICIAN/BAND', NULL, NULL, NULL),
(70, 134734004459, 'darwin deez', 'Musician/band', 'MUSICIAN/BAND', NULL, NULL, NULL),
(71, 133869149957621, 'Satellite Stories', 'Musician/band', 'MUSICIAN/BAND', NULL, NULL, NULL),
(72, 44689108683, 'BONAPARTE', 'Musician/band', 'MUSICIAN/BAND', NULL, NULL, NULL),
(73, 180306358658136, 'Holy Members Club', 'Musician/band', 'MUSICIAN/BAND', NULL, NULL, NULL),
(74, 33036879568, 'The Wombats', 'Musician/band', 'MUSICIAN/BAND', NULL, NULL, NULL),
(75, 146487481057, 'Vampire Weekend', 'Musician/band', 'MUSICIAN/BAND', NULL, NULL, NULL),
(76, 86185782848, 'Two Door Cinema Club', 'Musician/band', 'MUSICIAN/BAND', NULL, NULL, NULL),
(77, 48632437776, 'The bianca Story', 'Musician/band', 'MUSICIAN/BAND', NULL, NULL, NULL),
(78, 109728465712749, 'The Whitest Boy Alive', 'Musician/band', 'MUSICIAN/BAND', NULL, NULL, NULL),
(79, 127649477279912, 'Baby Genius', 'Musician/band', 'MUSICIAN/BAND', NULL, NULL, NULL),
(80, 25796438685, 'of Montreal', 'Musician/band', 'MUSICIAN/BAND', NULL, NULL, NULL),
(81, 7112765682, 'OK Go', 'Musician/band', 'MUSICIAN/BAND', NULL, NULL, NULL),
(82, 7153742831, 'The Dø', 'Musician/band', 'MUSICIAN/BAND', NULL, NULL, NULL),
(83, 7124595973, 'THE EELS', 'Musician/band', 'MUSICIAN/BAND', NULL, NULL, NULL),
(84, 6876902267, 'Christopher Christopher', 'Musician/band', 'MUSICIAN/BAND', NULL, NULL, NULL),
(85, 5932128890, 'The Kooks', 'Musician/band', 'MUSICIAN/BAND', NULL, NULL, NULL),
(86, 5229624654, 'The Decemberists', 'Musician/band', 'MUSICIAN/BAND', NULL, NULL, NULL),
(87, 156387294416412, 'Manipulation, mit Klaus Maria Brandauer', 'Movie', 'MOVIE', NULL, NULL, NULL),
(88, 91290503700, 'Inception', 'Movie', 'MOVIE', NULL, NULL, NULL),
(89, 82771544063, 'Avatar', 'Movie', 'MOVIE', NULL, NULL, NULL),
(90, 120001599615, 'The Cove', 'Movie', 'MOVIE', NULL, NULL, NULL),
(91, 264291375172, '3sat neues', 'Tv show', 'TV SHOW', NULL, NULL, NULL),
(92, 207975175882194, 'Rhinoslider & Rhinofader', 'Computers/internet', 'COMPUTERS/INTERNET', NULL, NULL, NULL),
(93, 112292442183453, 'Sounds! auf DRS 3', 'Movies/music', 'MOVIES/MUSIC', NULL, NULL, NULL),
(94, 158553304221517, 'androidnext', 'Website', 'WEBSITE', NULL, NULL, NULL),
(95, 296350467090087, 'Picasa Uploader', 'App page', 'APP PAGE', NULL, NULL, NULL),
(96, 198405580252660, 'RSS Graffiti', 'App page', 'APP PAGE', NULL, NULL, NULL),
(97, 260345107360331, 'Juvenat', 'Political organization', 'POLITICAL ORGANIZATION', NULL, NULL, NULL),
(98, 97220294896, 'SP Schweiz - PS Suisse', 'Political party', 'POLITICAL PARTY', NULL, NULL, NULL),
(99, 7544046722, 'Arduino', 'Electronics', 'ELECTRONICS', NULL, NULL, NULL),
(100, 175811089139949, 'Help, I''m Alive by Metric on Fantasies', 'Unknown', 'UNKNOWN', NULL, NULL, NULL),
(101, 137947732957611, 'Apple Inc.', 'Company', 'COMPUTERS & ELECTRONICS', NULL, NULL, NULL),
(102, 204577902909300, 'Web 2.0 scientific calculator', 'Personal website', 'PERSONAL WEBSITE', NULL, NULL, NULL),
(103, 112343825511850, 'Die Impro-Leck-TuEllen', 'Local business', 'LOCAL BUSINESS', NULL, NULL, NULL),
(104, 185659088141657, 'Samsung Galaxy S II', 'Electronics', 'ELECTRONICS', NULL, NULL, NULL),
(105, 196198827087395, 'Wir wollen 3sat neues zurück', 'Community', 'COMMUNITY', NULL, NULL, NULL),
(106, 6427302910, 'WordPress', 'Software', 'SOFTWARE', NULL, NULL, NULL),
(107, 7639824123, 'Firebug', 'Product/service', 'PRODUCT/SERVICE', NULL, NULL, NULL),
(108, 371193692559, 'Elmastudio', 'Computers/internet', 'COMPUTERS/INTERNET', NULL, NULL, NULL),
(109, 100162593367117, 'kulturbanause', 'Website', 'WEBSITE', NULL, NULL, NULL),
(110, 108734602494994, 'Wikileaks', 'Non-profit organization', 'NON-PROFIT ORGANIZATION', NULL, NULL, NULL),
(111, 114759495257057, 'Ich schäme mich für das Resultat der Ausschaffungsinitiative', 'Non-profit organization', 'NON-PROFIT ORGANIZATION', NULL, NULL, NULL),
(112, 109795516727, 'Abenteuer Wissen', 'Tv show', 'TV SHOW', NULL, NULL, NULL),
(113, 176344829047536, 'I am a MAC', 'Website', 'WEBSITE', NULL, NULL, NULL),
(114, 110059075707662, '2008 iPhone... 2010 iPad... 2012 iBoard... 2014 iMat !', 'Product/service', 'PRODUCT/SERVICE', NULL, NULL, NULL),
(115, 24932281961, 'Nutella', 'Food/beverages', 'FOOD/BEVERAGES', NULL, NULL, NULL),
(116, 111723752218100, 'Rettet die Erde! Sie ist der einzige Planet mit Schokolade!', 'Cause', 'CAUSE', NULL, NULL, NULL),
(117, 156208391058049, 'Liebe ist eine echt tolle Krankheit, da müssen immer gleich beide ins Bett :-D', 'Cause', 'CAUSE', NULL, NULL, NULL),
(118, 371633470309, 'Langweile löst in mir ein "du musst scheiße labbern " Gefühl aus', 'Local business', 'LOCAL BUSINESS', NULL, NULL, NULL),
(119, 132004434312, 'Taucher.Net', 'Website', 'WEBSITE', NULL, NULL, NULL),
(120, 131582549993, 'NICHTLUSTIG', 'Website', 'WEBSITE', NULL, NULL, NULL),
(121, 108562295857694, '"Komm essen wir Opa" - Satzzeichen retten Leben', 'Cause', 'CAUSE', NULL, NULL, NULL),
(122, 131662583514782, 'BP - Wir tanken auch Ihren Golf voll', 'Community', 'COMMUNITY', NULL, NULL, NULL),
(123, 365327290536, 'Vorleser.net - kostenlose Hörbücher', 'Media/news/publishing', 'MEDIA/NEWS/PUBLISHING', NULL, NULL, NULL),
(124, 318156982005, 'Stadtkrieger', 'Author', 'AUTHOR', NULL, NULL, NULL),
(125, 197952668850, 'Digital Plus', 'Media/news/publishing', 'MEDIA/NEWS/PUBLISHING', NULL, NULL, NULL),
(126, 277153538098, 'Divertimento', 'Public figure', 'PUBLIC FIGURE', NULL, NULL, NULL),
(127, 117669438248580, 'Daniel Düsentrieb', 'Public figure', 'PUBLIC FIGURE', NULL, NULL, NULL),
(128, 227105521439, 'Useless Facts', 'Product/service', 'PRODUCT/SERVICE', NULL, NULL, NULL),
(129, 100236119832, 'BrainStore', 'Consulting/business services', 'CONSULTING/BUSINESS SERVICES', NULL, NULL, NULL),
(130, 97848298204, 'Unnützes Wissen', 'Product/service', 'PRODUCT/SERVICE', NULL, NULL, NULL),
(131, 94910898443, 'ApfelBlog.ch', 'Personal blog', 'PERSONAL BLOG', NULL, NULL, NULL),
(132, 14696440021, 'Mozilla Firefox', 'Product/service', 'PRODUCT/SERVICE', NULL, NULL, NULL),
(133, 167667043267721, 'The Whitest Boy Alive', 'Musician/band', 'MUSICIAN/BAND', NULL, NULL, NULL),
(134, 117930184893219, 'ZÜRICH OPENAIR (official)', 'Concert venue', 'CONCERT VENUE', NULL, NULL, NULL),
(135, 321925461176900, 'Achtung Technik Los', 'Community', 'COMMUNITY', NULL, NULL, NULL),
(136, 263976463550, 'AHAAHAHAHAHAHAHAHAHAHAHA  ok im done , no wait  AHAHAHAHAHAHAHAHAHAHAH', 'Professional sports team', 'PROFESSIONAL SPORTS TEAM', NULL, NULL, NULL),
(137, 138039566244509, 'Climate CoLab', 'Community organization', 'COMMUNITY ORGANIZATION', NULL, NULL, NULL),
(138, 57557773881, 'AIESEC in Switzerland', 'Non-profit organization', 'NON-PROFIT ORGANIZATION', NULL, NULL, NULL),
(139, 122993781064089, 'STAFF FINDER für Stunden-, Tages- oder Kurzeinsätze (Jobs)', 'Product/service', 'PRODUCT/SERVICE', NULL, NULL, NULL),
(140, 393623424922, 'AIESEC Geneva', 'Non-profit organization', 'NON-PROFIT ORGANIZATION', NULL, NULL, NULL),
(141, 195811363795458, 'Yalea - Sprachreisen', 'Education', 'EDUCATION', NULL, NULL, NULL),
(142, 129826430363114, 'Emmi CAFFÈ LATTE', 'Food/beverages', 'FOOD/BEVERAGES', NULL, NULL, NULL),
(143, 132640032818, 'AIESEC Local Committee Vienna, Austria', 'Non-profit organization', 'EXCHANGE PROGRAM', NULL, NULL, NULL),
(144, 366250900057845, 'BSC Zelgli Aarau', 'Community organization', 'COMMUNITY ORGANIZATION', NULL, NULL, NULL),
(145, 209118161295, 'The Annoying Orange', 'Public figure', 'PUBLIC FIGURE', NULL, NULL, NULL),
(146, 168020689894262, 'Be.project by BearingPoint', 'Consulting/business services', 'CONSULTING/BUSINESS SERVICES', NULL, NULL, NULL),
(147, 266755436689219, 'Brunch etc', 'Restaurant/cafe', 'BREAKFAST & BRUNCH RESTAURANT', NULL, NULL, NULL),
(148, 101359746631009, 'WenaLDS 2012 by Aiesec Vienna ''52 (WU)', 'Non-profit organization', 'NON-PROFIT ORGANIZATION', NULL, NULL, NULL),
(149, 157509397638182, 'Centre Fries', 'Local business', 'COLLEGE/UNIVERSITY', NULL, NULL, NULL),
(150, 201399156597302, 'Career Days Fribourg', 'University', 'UNIVERSITY', NULL, NULL, NULL),
(151, 301605116518766, 'AIESEC Fribourg', 'Non-profit organization', 'NON-PROFIT ORGANIZATION', NULL, NULL, NULL),
(152, 109334162418862, 'University of Fribourg', 'University', 'UNIVERSITY', NULL, NULL, NULL),
(153, 130530700322541, 'Azurlingua, Nice, Ecole de Français', 'School', 'SCHOOL', NULL, NULL, NULL),
(154, 107967209224731, 'University of Fribourg', 'University', 'UNIVERSITY', NULL, NULL, NULL),
(155, 9246289234, 'La Redoute', 'Clothing', 'CLOTHING', NULL, NULL, NULL),
(156, 272315751201, 'Faire l''amour fait perdre env. 360 calories. "Salut, on fait un régime?"', 'Local business', 'LOCAL BUSINESS', NULL, NULL, NULL),
(157, 171555662872051, 'Unterschriften sammeln', 'Local business', 'LOCAL BUSINESS', NULL, NULL, NULL),
(158, 155934361130202, 'Dschungelnervensäge verliert Top bei Modenschau', 'Personal blog', 'PERSONAL BLOG', NULL, NULL, NULL),
(159, 179679205378972, 'SLR - studio left right', 'Professional services', 'PROFESSIONAL SERVICES', NULL, NULL, NULL),
(160, 110504115686310, 'Ich lese keine Anleitungen, ich drücke Knöpfe bis es klappt! ;)', 'Cause', 'CAUSE', NULL, NULL, NULL),
(161, 113306958683168, 'Ventimiglia', 'City', 'CITY', NULL, NULL, NULL),
(162, 372481096502, 'I hate it when Nate calls me when I`m in bed with Chuck Bass', 'Local business', 'LOCAL BUSINESS', NULL, NULL, NULL),
(163, 110851102288599, 'KiFF', 'Club', 'CLUB', NULL, NULL, NULL),
(164, 22611803768, 'Ed Westwick', 'Actor/director', 'ACTOR/DIRECTOR', NULL, NULL, NULL),
(165, 126897517325414, 'Luke...I am your father....lol Jk Dumbledore is', 'Actor/director', 'ACTOR/DIRECTOR', NULL, NULL, NULL),
(166, 489636540087, 'Dear John, why can''t more boys be like you?', 'Fictional character', 'FICTIONAL CHARACTER', NULL, NULL, NULL),
(167, 112527728759165, 'oooooh i''ve been tagged in a pic :) ...BLOODY HELL!! UNTAG! UNTAG!', 'Public figure', 'PUBLIC FIGURE', NULL, NULL, NULL),
(168, 270478328129, 'Nein Mama spät kanns gestern nicht gewesen sein beim Bäcker war noch Licht', 'Local business', 'LOCAL BUSINESS', NULL, NULL, NULL),
(169, 189859875931, 'Burton Snowboards', 'Product/service', 'PRODUCT/SERVICE', NULL, NULL, NULL),
(170, 181018790673, 'Old enough to know its a bad idea, young enough not to care', 'Product/service', 'PRODUCT/SERVICE', NULL, NULL, NULL),
(171, 120621558791, 'I want to be a galaxy', 'Product/service', 'PRODUCT/SERVICE', NULL, NULL, NULL),
(172, 113130795429, 'FLIMS / LAAX / FALERA', 'Company', 'COMPANY', NULL, NULL, NULL),
(173, 104434885937, 'Lachflash', 'Community', 'COMMUNITY', NULL, NULL, NULL),
(174, 83471501518, 'Laughing until it hurts and you can''t breathe!', 'Local business', 'LOCAL BUSINESS', NULL, NULL, NULL),
(175, 81210895552, 'Aare', 'Public places', 'PUBLIC PLACES', NULL, NULL, NULL),
(176, 72396555206, 'Volleyball', 'Athlete', 'ATHLETE', NULL, NULL, NULL),
(177, 58849673588, 'MBudget Kaugummi', 'Food/beverages', 'FOOD/BEVERAGES', NULL, NULL, NULL),
(178, 37921481300, 'tiramisù', 'Local business', 'LOCAL BUSINESS', NULL, NULL, NULL),
(179, 35216748478, 'laughing', 'Personal blog', 'PERSONAL BLOG', NULL, NULL, NULL),
(180, 33856193545, 'SANGRIA', 'Company', 'COMPANY', NULL, NULL, NULL),
(181, 21415640912, 'H&M', 'Clothing', 'CLOTHING STORE', NULL, NULL, NULL),
(182, 19136001940, 'Shisha', 'Wine/spirits', 'WINE/SPIRITS', NULL, NULL, NULL),
(183, 8526405673, 'The Twilight Saga', 'Movie', 'MOVIE', NULL, NULL, NULL),
(184, 117640604914520, 'Karibik - auswandern - Boot kapern - Pirat werden! Wer macht mit', 'Community', 'COMMUNITY', NULL, NULL, NULL),
(185, 107603642595771, 'Wenn wir unterwegs sind, unterhalten wir die gesamte Umgebung.!', 'Community', 'COMMUNITY', NULL, NULL, NULL),
(186, 7996074839, 'Flogging Molly', 'Musician/band', 'MUSICIAN/BAND', NULL, NULL, NULL),
(187, 25473643536, 'Culcha Candela', 'Musician/band', 'MUSICIAN/BAND', NULL, NULL, NULL),
(188, 40815879992, 'Ultratech', 'Musician/band', 'MUSICIAN/BAND', NULL, NULL, NULL),
(189, 51028250291, 'CRESCENDO', 'Musician/band', 'MUSICIAN/BAND', NULL, NULL, NULL),
(190, 147709383230, 'ESL TV', 'Tv channel', 'TV CHANNEL', NULL, NULL, NULL),
(191, 15576613667, 'Fringe', 'Tv show', 'TV SHOW', NULL, NULL, NULL),
(192, 22934684677, 'The Big Bang Theory', 'Tv show', 'TV SHOW', NULL, NULL, NULL),
(193, 7608631709, 'House', 'Tv show', 'TV SHOW', NULL, NULL, NULL),
(194, 119869331419453, 'Dark Souls', 'Games/toys', 'GAMES/TOYS', NULL, NULL, NULL),
(195, 295429160513621, 'ASUS ROG Nordic', 'Product/service', 'PRODUCT/SERVICE', NULL, NULL, NULL),
(196, 457491664279600, 'ScavengerHunt', 'App page', 'APP PAGE', NULL, NULL, NULL),
(197, 288847201173288, 'Tetris Friends', 'App page', 'APP PAGE', NULL, NULL, NULL),
(198, 149918698416510, 'Couchzone', 'Fictional character', 'FICTIONAL CHARACTER', NULL, NULL, NULL),
(199, 274167006052, 'Cynical Brit', 'Website', 'WEBSITE', NULL, NULL, NULL),
(200, 109590478330, 'HuskyStarcraft', 'Public figure', 'PUBLIC FIGURE', NULL, NULL, NULL),
(201, 152645494125, 'Cultris', 'App page', 'APP PAGE', NULL, NULL, NULL),
(202, 23519525029, 'Sheldon Cooper', 'Public figure', 'PUBLIC FIGURE', NULL, NULL, NULL),
(203, 17917103388, 'M-Budget Energy Drink', 'Company', 'COMPANY', NULL, NULL, NULL);

-- --------------------------------------------------------

--
-- Tabellenstruktur für Tabelle `friendshiptype`
--

CREATE TABLE IF NOT EXISTS `friendshiptype` (
  `id_friendship` int(11) NOT NULL AUTO_INCREMENT,
  `type` varchar(85) COLLATE utf8_unicode_ci NOT NULL,
  PRIMARY KEY (`id_friendship`)
) ENGINE=InnoDB DEFAULT CHARSET=utf8 COLLATE=utf8_unicode_ci AUTO_INCREMENT=1 ;

-- --------------------------------------------------------

--
-- Tabellenstruktur für Tabelle `importance`
--

CREATE TABLE IF NOT EXISTS `importance` (
  `weight` int(11) NOT NULL,
  `description` varchar(85) COLLATE utf8_unicode_ci NOT NULL,
  PRIMARY KEY (`weight`)
) ENGINE=InnoDB DEFAULT CHARSET=utf8 COLLATE=utf8_unicode_ci;

--
-- Daten für Tabelle `importance`
--

INSERT INTO `importance` (`weight`, `description`) VALUES
(0, 'Irrelevant'),
(1, 'A little important'),
(10, 'Somewhat important'),
(50, 'Very important'),
(250, 'Mandatory');

-- --------------------------------------------------------

--
-- Tabellenstruktur für Tabelle `job`
--

CREATE TABLE IF NOT EXISTS `job` (
  `id_job` int(11) NOT NULL AUTO_INCREMENT,
  `name` varchar(100) COLLATE utf8_unicode_ci NOT NULL,
  PRIMARY KEY (`id_job`)
) ENGINE=InnoDB DEFAULT CHARSET=utf8 COLLATE=utf8_unicode_ci AUTO_INCREMENT=1 ;

-- --------------------------------------------------------

--
-- Tabellenstruktur für Tabelle `language`
--

CREATE TABLE IF NOT EXISTS `language` (
  `id_language` int(11) NOT NULL AUTO_INCREMENT,
  `name` varchar(100) COLLATE utf8_unicode_ci NOT NULL,
  `code` varchar(10) COLLATE utf8_unicode_ci NOT NULL,
  PRIMARY KEY (`id_language`)
) ENGINE=InnoDB DEFAULT CHARSET=utf8 COLLATE=utf8_unicode_ci AUTO_INCREMENT=1 ;

-- --------------------------------------------------------

--
-- Tabellenstruktur für Tabelle `languagelevel`
--

CREATE TABLE IF NOT EXISTS `languagelevel` (
  `id_languageLevel` int(11) NOT NULL AUTO_INCREMENT,
  `name` varchar(85) COLLATE utf8_unicode_ci NOT NULL,
  PRIMARY KEY (`id_languageLevel`)
) ENGINE=InnoDB DEFAULT CHARSET=utf8 COLLATE=utf8_unicode_ci AUTO_INCREMENT=1 ;

-- --------------------------------------------------------

--
-- Tabellenstruktur für Tabelle `location`
--

CREATE TABLE IF NOT EXISTS `location` (
  `id_location` int(11) NOT NULL,
  `name` varchar(150) COLLATE utf8_unicode_ci NOT NULL,
  `longitude` decimal(20,15) NOT NULL,
  `latitude` decimal(20,15) NOT NULL,
  PRIMARY KEY (`id_location`)
) ENGINE=InnoDB DEFAULT CHARSET=utf8 COLLATE=utf8_unicode_ci;

--
-- Daten für Tabelle `location`
--

INSERT INTO `location` (`id_location`, `name`, `longitude`, `latitude`) VALUES
(1253785, 'Un, Uttar Pradesh, India', 77.254166700000000, 29.584722200000000),
(2306104, 'Akra, Greater Accra, Ghana', -0.196900000000000, 5.556020000000000),
(2659394, 'Endingen, Aargau, Switzerland', 8.293385000000000, 47.536355000000000),
(2660718, 'Fribourg, Fribourg, Switzerland', 7.151284217834470, 46.802365534430800),
(2661685, 'Auenstein, Aargau, Switzerland', 8.134546000000000, 47.415578000000000),
(4930956, 'Boston, Massachusetts, United States', -71.059773200000000, 42.358430800000000),
(5109797, 'Boston, New York, United States', -78.737528900000000, 42.628949500000000),
(7115588, 'Endingen, Aargau, Switzerland', 8.290278000000000, 47.538887000000000),
(7285727, 'Endingen, Aargau, Switzerland', 8.290067195892334, 47.530706405639650);

-- --------------------------------------------------------

--
-- Tabellenstruktur für Tabelle `lookingfor`
--

CREATE TABLE IF NOT EXISTS `lookingfor` (
  `id_person` bigint(20) NOT NULL,
  `gender` char(1) COLLATE utf8_unicode_ci NOT NULL,
  `age_from` tinyint(4) NOT NULL,
  `age_to` tinyint(4) NOT NULL,
  `distance` int(11) DEFAULT NULL,
  `same_country` tinyint(1) NOT NULL DEFAULT '0',
  `same_city` tinyint(1) NOT NULL DEFAULT '0',
  `anywhere` tinyint(1) NOT NULL DEFAULT '1',
  PRIMARY KEY (`id_person`),
  KEY `fk_personLookingFor` (`id_person`)
) ENGINE=InnoDB DEFAULT CHARSET=utf8 COLLATE=utf8_unicode_ci;

-- --------------------------------------------------------

--
-- Tabellenstruktur für Tabelle `matching`
--

CREATE TABLE IF NOT EXISTS `matching` (
  `id_source` bigint(20) NOT NULL,
  `id_destination` bigint(20) NOT NULL,
  `replies_simon` double NOT NULL DEFAULT '0',
  `replies_jaccard` double NOT NULL DEFAULT '0',
  `replies_adamic_adar` double NOT NULL DEFAULT '0',
  `replies_cosim` double NOT NULL DEFAULT '0',
  `replies_score` double NOT NULL DEFAULT '0',
  `friends_simon` double NOT NULL DEFAULT '0',
  `friends_jaccard` double NOT NULL DEFAULT '0',
  `friends_adamic_adar` double NOT NULL DEFAULT '0',
  `friends_cosim` double NOT NULL DEFAULT '0',
  `friends_score` double NOT NULL DEFAULT '0',
  `groups_simon` double NOT NULL DEFAULT '0',
  `groups_jaccard` double NOT NULL DEFAULT '0',
  `groups_adamic_adar` double NOT NULL DEFAULT '0',
  `groups_cosim` double NOT NULL DEFAULT '0',
  `groups_score` double NOT NULL DEFAULT '0',
  `pages_simon` double NOT NULL DEFAULT '0',
  `pages_jaccard` double NOT NULL DEFAULT '0',
  `pages_adamic_adar` double NOT NULL DEFAULT '0',
  `pages_cosim` double NOT NULL DEFAULT '0',
  `pages_score` double NOT NULL DEFAULT '0',
  `final_score` double NOT NULL DEFAULT '0',
  PRIMARY KEY (`id_source`,`id_destination`),
  KEY `fk_matchSource` (`id_source`),
  KEY `fk_matchDestination` (`id_destination`)
) ENGINE=InnoDB DEFAULT CHARSET=utf8 COLLATE=utf8_unicode_ci;

--
-- Daten für Tabelle `matching`
--

INSERT INTO `matching` (`id_source`, `id_destination`, `replies_simon`, `replies_jaccard`, `replies_adamic_adar`, `replies_cosim`, `replies_score`, `friends_simon`, `friends_jaccard`, `friends_adamic_adar`, `friends_cosim`, `friends_score`, `groups_simon`, `groups_jaccard`, `groups_adamic_adar`, `groups_cosim`, `groups_score`, `pages_simon`, `pages_jaccard`, `pages_adamic_adar`, `pages_cosim`, `pages_score`, `final_score`) VALUES
(1, 2, 0.39965262694272674, 0, 0, 0, 0.39965262694272674, 0, 0, 0, 0, 0.39965262694272674, 0, 0, 0, 0, 0, 0, 0, 0, 0, 0, 0.42556578593930766),
(1, 3, 0.09287087810503357, 0, 0, 0, 0.11989578808281802, 0, 0, 0, 0, 0.0719374728496908, 0, 0, 0, 0, 0, 0, 0, 0, 0, 0, 0.12212253976209281),
(2, 1, 0.39965262694272674, 0, 0, 0, 0.39965262694272674, 0, 0, 0, 0, 0.39965262694272674, 0, 0, 0, 0, 0, 0, 0, 0, 0, 0, 0.42556578593930766),
(2, 3, 0.16955824957813173, 0, 0, 0, 0.39965262694272674, 0, 0, 0, 0, 0.0719374728496908, 0, 0, 0, 0, 0, 0, 0, 0, 0, 0, 0.19207368488233365),
(3, 1, 0.09287087810503357, 0, 0, 0, 0.11989578808281802, 0, 0, 0, 0, 0.0719374728496908, 0, 0, 0, 0, 0, 0, 0, 0, 0, 0, 0.12212253976209281),
(3, 2, 0.16955824957813173, 0, 0, 0, 0.39965262694272674, 0, 0, 0, 0, 0.0719374728496908, 0, 0, 0, 0, 0, 0, 0, 0, 0, 0, 0.19207368488233365);

-- --------------------------------------------------------

--
-- Tabellenstruktur für Tabelle `mood`
--

CREATE TABLE IF NOT EXISTS `mood` (
  `id_mood` int(11) NOT NULL AUTO_INCREMENT,
  `rating` tinyint(1) NOT NULL COMMENT '-5 to +5',
  `description` varchar(45) COLLATE utf8_unicode_ci DEFAULT NULL,
  PRIMARY KEY (`id_mood`)
) ENGINE=InnoDB DEFAULT CHARSET=utf8 COLLATE=utf8_unicode_ci AUTO_INCREMENT=1 ;

-- --------------------------------------------------------

--
-- Tabellenstruktur für Tabelle `person`
--

CREATE TABLE IF NOT EXISTS `person` (
  `id_person` bigint(20) NOT NULL AUTO_INCREMENT,
  `access_level` int(11) NOT NULL,
  `fb_id` bigint(20) NOT NULL,
  `first_name` varchar(85) COLLATE utf8_unicode_ci NOT NULL,
  `last_name` varchar(85) COLLATE utf8_unicode_ci NOT NULL,
  `activated` tinyint(1) NOT NULL DEFAULT '0',
  `gender` char(1) COLLATE utf8_unicode_ci DEFAULT NULL,
  `nick` varchar(50) COLLATE utf8_unicode_ci DEFAULT NULL,
  `member_since` datetime DEFAULT NULL,
  `last_online` datetime DEFAULT NULL,
  `birthday` date DEFAULT NULL,
  `email` varchar(85) COLLATE utf8_unicode_ci DEFAULT NULL,
  `location` int(11) DEFAULT NULL,
  `education` int(11) DEFAULT NULL,
  `job` int(11) DEFAULT NULL,
  `diet` int(11) DEFAULT NULL,
  `diet_strict` tinyint(1) DEFAULT NULL,
  `religion` int(11) DEFAULT NULL,
  `religion_serious` int(11) DEFAULT NULL,
  `sign` tinyint(4) DEFAULT NULL,
  `sign_serious` int(11) DEFAULT NULL,
  `description` varchar(160) COLLATE utf8_unicode_ci DEFAULT NULL,
  PRIMARY KEY (`id_person`),
  UNIQUE KEY `fb_id_UNIQUE` (`fb_id`),
  KEY `fk_personDiet` (`diet`),
  KEY `fk_personEducation` (`education`),
  KEY `fk_personJob` (`job`),
  KEY `fk_personReligion` (`religion`),
  KEY `fk_personSign` (`sign`),
  KEY `fk_personReligionSerious` (`religion_serious`),
  KEY `fk_personSignSerious` (`sign_serious`),
  KEY `fk_personAccessLevel` (`access_level`),
  KEY `fk_personLocation` (`location`)
) ENGINE=InnoDB  DEFAULT CHARSET=utf8 COLLATE=utf8_unicode_ci AUTO_INCREMENT=6 ;

--
-- Daten für Tabelle `person`
--

INSERT INTO `person` (`id_person`, `access_level`, `fb_id`, `first_name`, `last_name`, `activated`, `gender`, `nick`, `member_since`, `last_online`, `birthday`, `email`, `location`, `education`, `job`, `diet`, `diet_strict`, `religion`, `religion_serious`, `sign`, `sign_serious`, `description`) VALUES
(1, 2, 100002117326166, 'Linda', 'Bäbler', 1, 'F', 'Lindaaa', '2012-03-22 15:18:51', '2012-03-22 15:18:51', '1986-10-14', NULL, 7285727, NULL, NULL, NULL, NULL, NULL, NULL, NULL, NULL, NULL),
(2, 2, 698827801, 'Michael', 'Henninger', 1, 'M', 'afweawef', '2012-03-22 16:15:12', '2012-03-22 16:15:12', '1985-05-14', NULL, 7285727, NULL, NULL, NULL, NULL, NULL, NULL, NULL, NULL, NULL),
(3, 2, 100000966972732, 'Jonas', 'Lauener', 1, 'M', 'jolau', '2012-05-14 00:00:00', '2012-07-18 00:00:00', '2012-06-06', NULL, 2306104, NULL, NULL, NULL, NULL, NULL, NULL, NULL, NULL, 'Hallo!'),
(4, 2, 1447030326, 'Sarah', 'Gloor', 1, 'F', 'Sarah', '2012-07-19 10:22:11', '2012-07-19 10:22:11', '1991-12-30', NULL, 2660718, NULL, NULL, NULL, NULL, NULL, NULL, NULL, NULL, 'As curious, open-minded!'),
(5, 2, 1482662501, 'Kevin', 'Zogg', 1, 'M', 'slomo', '2012-08-13 00:00:00', '2012-08-13 14:37:23', '1988-11-21', NULL, 2661685, NULL, NULL, NULL, NULL, NULL, NULL, NULL, NULL, 'Ich bin eine Testperson.');

-- --------------------------------------------------------

--
-- Tabellenstruktur für Tabelle `personabout`
--

CREATE TABLE IF NOT EXISTS `personabout` (
  `id_person` bigint(20) NOT NULL,
  `id_about` int(11) NOT NULL,
  `description` text COLLATE utf8_unicode_ci NOT NULL,
  PRIMARY KEY (`id_person`,`id_about`),
  KEY `fk_personAboutPerson` (`id_person`),
  KEY `fk_personAboutAbout` (`id_about`)
) ENGINE=InnoDB DEFAULT CHARSET=utf8 COLLATE=utf8_unicode_ci;

-- --------------------------------------------------------

--
-- Tabellenstruktur für Tabelle `personblocked`
--

CREATE TABLE IF NOT EXISTS `personblocked` (
  `id_blocker` bigint(20) NOT NULL,
  `id_blocked` bigint(20) NOT NULL,
  `since` datetime DEFAULT NULL,
  PRIMARY KEY (`id_blocker`,`id_blocked`),
  KEY `fk_blockedPerson` (`id_blocked`),
  KEY `fk_blockerPerson` (`id_blocker`)
) ENGINE=InnoDB DEFAULT CHARSET=utf8 COLLATE=utf8_unicode_ci;

-- --------------------------------------------------------

--
-- Tabellenstruktur für Tabelle `personfacebookgroup`
--

CREATE TABLE IF NOT EXISTS `personfacebookgroup` (
  `id_person` bigint(20) NOT NULL,
  `id_group` bigint(20) NOT NULL,
  `visible` tinyint(1) NOT NULL DEFAULT '0',
  PRIMARY KEY (`id_person`,`id_group`),
  KEY `fk_personGroupPerson` (`id_person`),
  KEY `fk_personGroupGroup` (`id_group`)
) ENGINE=InnoDB DEFAULT CHARSET=utf8 COLLATE=utf8_unicode_ci;

--
-- Daten für Tabelle `personfacebookgroup`
--

INSERT INTO `personfacebookgroup` (`id_person`, `id_group`, `visible`) VALUES
(1, 1, 0),
(2, 2, 0),
(2, 3, 0),
(2, 4, 0),
(2, 5, 0),
(3, 6, 0),
(3, 7, 0),
(3, 8, 0),
(3, 9, 0),
(3, 10, 0),
(3, 11, 0),
(4, 13, 0),
(4, 14, 0),
(4, 15, 0),
(4, 16, 0),
(4, 17, 0),
(4, 18, 0),
(4, 19, 0),
(4, 20, 0),
(4, 21, 0),
(4, 22, 0),
(4, 23, 0),
(4, 24, 0),
(4, 25, 0),
(4, 26, 0),
(4, 27, 0),
(4, 28, 0),
(4, 29, 0),
(4, 30, 0),
(4, 31, 0),
(4, 32, 0),
(4, 33, 0),
(5, 34, 0),
(5, 35, 0),
(5, 36, 0),
(5, 37, 0),
(5, 38, 0),
(5, 39, 0);

-- --------------------------------------------------------

--
-- Tabellenstruktur für Tabelle `personfacebookpage`
--

CREATE TABLE IF NOT EXISTS `personfacebookpage` (
  `id_person` bigint(20) NOT NULL,
  `id_page` bigint(20) NOT NULL,
  `visible` tinyint(1) NOT NULL DEFAULT '0',
  `profile_section` varchar(85) COLLATE utf8_unicode_ci DEFAULT NULL,
  `created_time` bigint(20) DEFAULT NULL,
  PRIMARY KEY (`id_person`,`id_page`),
  KEY `fk_personFacebookPagePerson` (`id_person`),
  KEY `fk_personFacebookPageFacebookPage` (`id_page`)
) ENGINE=InnoDB DEFAULT CHARSET=utf8 COLLATE=utf8_unicode_ci;

--
-- Daten für Tabelle `personfacebookpage`
--

INSERT INTO `personfacebookpage` (`id_person`, `id_page`, `visible`, `profile_section`, `created_time`) VALUES
(1, 1, 0, 'music', 1317229175),
(1, 2, 0, 'music', 1315080204),
(1, 3, 0, 'music', 1298720655),
(1, 4, 0, 'music', 1298720654),
(1, 5, 0, 'music', 1298720654),
(1, 6, 0, 'music', 1298720654),
(1, 7, 0, 'music', 1298070420),
(1, 8, 0, 'music', 1298070213),
(1, 9, 0, 'books', 1327182352),
(1, 10, 0, 'books', 1298072852),
(1, 11, 0, 'books', 1298072852),
(1, 12, 0, 'books', 1298072852),
(1, 13, 0, 'movies', 1327179851),
(1, 14, 0, 'movies', 1311782861),
(1, 15, 0, 'movies', 1308680119),
(1, 16, 0, 'movies', 1307139428),
(1, 17, 0, 'movies', 1305397985),
(1, 18, 0, 'movies', 1304866421),
(1, 19, 0, 'movies', 1304866421),
(1, 20, 0, 'movies', 1300652644),
(1, 21, 0, 'movies', 1298072159),
(1, 22, 0, 'movies', 1298072158),
(1, 23, 0, 'television', 1322060009),
(1, 24, 0, 'other', 1332251566),
(1, 25, 0, 'other', 1327178685),
(1, 26, 0, 'other', 1327178615),
(1, 27, 0, 'other', 1326823084),
(1, 28, 0, 'other', 1323441558),
(1, 29, 0, 'other', 1308060617),
(1, 30, 0, 'other', 1307892457),
(1, 31, 0, 'other', 1304602826),
(1, 32, 0, 'other', 1304597169),
(1, 33, 0, 'other', 1298073843),
(1, 66, 0, 'television', 1333401892),
(1, 67, 0, 'other', 1333402472),
(1, 68, 0, 'other', 1333402059),
(2, 29, 0, 'other', 1299141339),
(2, 34, 0, 'music', 1311183180),
(2, 35, 0, 'music', 1279518984),
(2, 36, 0, 'music', 1231999365),
(2, 37, 0, 'music', 1252774092),
(2, 38, 0, 'movies', 1299876996),
(2, 39, 0, 'movies', 1298223242),
(2, 40, 0, 'movies', 1297933973),
(2, 41, 0, 'movies', 1273749527),
(2, 42, 0, 'movies', 1273749527),
(2, 43, 0, 'movies', 1273749527),
(2, 44, 0, 'movies', 1273749527),
(2, 45, 0, 'movies', 1220713273),
(2, 46, 0, 'movies', 1217518691),
(2, 47, 0, 'television', 1298223243),
(2, 48, 0, 'television', 1289471132),
(2, 49, 0, 'television', 1288366033),
(2, 50, 0, 'games', 1322142594),
(2, 51, 0, 'favorite_athletes', 1310644727),
(2, 52, 0, 'favorite_athletes', 1298236525),
(2, 53, 0, 'favorite_athletes', 1298222981),
(2, 54, 0, 'favorite_athletes', 1298222978),
(2, 55, 0, 'other', 1318852473),
(2, 56, 0, 'other', 1305666152),
(2, 57, 0, 'other', 1298106761),
(2, 58, 0, 'other', 1292500067),
(2, 59, 0, 'other', 1275555086),
(2, 60, 0, 'other', 1265633841),
(2, 61, 0, 'other', 1256067163),
(2, 62, 0, 'other', 1251921796),
(2, 63, 0, 'other', 1218283109),
(2, 64, 0, 'other', 1269373582),
(2, 65, 0, 'other', 1272437979),
(3, 27, 0, 'other', 1342020585),
(3, 69, 0, 'music', 1330636444),
(3, 70, 0, 'music', 1319486164),
(3, 71, 0, 'music', 1316880364),
(3, 72, 0, 'music', 1315497788),
(3, 73, 0, 'music', 1314444498),
(3, 74, 0, 'music', 1307547713),
(3, 75, 0, 'music', 1305574512),
(3, 76, 0, 'music', 1305574504),
(3, 77, 0, 'music', 1300497772),
(3, 78, 0, 'music', 1297809884),
(3, 79, 0, 'music', 1282511614),
(3, 80, 0, 'music', 1281019786),
(3, 81, 0, 'music', 1276448054),
(3, 82, 0, 'music', 1270768971),
(3, 83, 0, 'music', 1270768994),
(3, 84, 0, 'music', 1270310943),
(3, 85, 0, 'music', 1270769002),
(3, 86, 0, 'music', 1270769043),
(3, 87, 0, 'movies', 1298405710),
(3, 88, 0, 'movies', 1291751971),
(3, 89, 0, 'movies', 1291751970),
(3, 90, 0, 'movies', 1286572954),
(3, 91, 0, 'television', 1301947228),
(3, 92, 0, 'other', 1332848880),
(3, 93, 0, 'other', 1331074776),
(3, 94, 0, 'other', 1329496109),
(3, 95, 0, 'other', 1328249509),
(3, 96, 0, 'other', 1326964740),
(3, 97, 0, 'other', 1324083150),
(3, 98, 0, 'other', 1318877049),
(3, 99, 0, 'other', 1314133660),
(3, 100, 0, 'other', 1312889835),
(3, 101, 0, 'other', 1311797057),
(3, 102, 0, 'other', 1308489628),
(3, 103, 0, 'other', 1305574754),
(3, 104, 0, 'other', 1304267517),
(3, 105, 0, 'other', 1301947693),
(3, 106, 0, 'other', 1299613222),
(3, 107, 0, 'other', 1297898080),
(3, 108, 0, 'other', 1295967044),
(3, 109, 0, 'other', 1295353179),
(3, 110, 0, 'other', 1291751762),
(3, 111, 0, 'other', 1290977212),
(3, 112, 0, 'other', 1290813595),
(3, 113, 0, 'other', 1290166258),
(3, 114, 0, 'other', 1287689335),
(3, 115, 0, 'other', 1285702558),
(3, 116, 0, 'other', 1285437644),
(3, 117, 0, 'other', 1285437597),
(3, 118, 0, 'other', 1284665089),
(3, 119, 0, 'other', 1281188339),
(3, 120, 0, 'other', 1277751044),
(3, 121, 0, 'other', 1276791063),
(3, 122, 0, 'other', 1276791017),
(3, 123, 0, 'other', 1276214195),
(3, 124, 0, 'other', 1276212592),
(3, 125, 0, 'other', 1275775598),
(3, 126, 0, 'other', 1275089776),
(3, 127, 0, 'other', 1274905931),
(3, 128, 0, 'other', 1274478218),
(3, 129, 0, 'other', 1274367944),
(3, 130, 0, 'other', 1273260939),
(3, 131, 0, 'other', 1270828763),
(3, 132, 0, 'other', 1270767012),
(3, 133, 0, 'music', 1338926634),
(3, 134, 0, 'other', 1339788558),
(3, 135, 0, 'other', 1340190559),
(4, 136, 0, 'favorite_teams', 1317149069),
(4, 137, 0, 'other', 1342547379),
(4, 138, 0, 'other', 1340218384),
(4, 139, 0, 'other', 1336327562),
(4, 140, 0, 'other', 1335223291),
(4, 141, 0, 'other', 1334416938),
(4, 142, 0, 'other', 1333543857),
(4, 143, 0, 'other', 1332069260),
(4, 144, 0, 'other', 1330803182),
(4, 145, 0, 'other', 1327264897),
(4, 146, 0, 'other', 1327232286),
(4, 147, 0, 'other', 1325111051),
(4, 148, 0, 'other', 1324496943),
(4, 149, 0, 'other', 1321111660),
(4, 150, 0, 'other', 1320177929),
(4, 151, 0, 'other', 1320054771),
(4, 152, 0, 'other', 1317131742),
(4, 153, 0, 'other', 1316621448),
(4, 154, 0, 'other', 1316616479),
(4, 155, 0, 'other', 1315005985),
(4, 156, 0, 'other', 1314689011),
(4, 157, 0, 'other', 1305534581),
(4, 158, 0, 'other', 1299320411),
(4, 159, 0, 'other', 1291330475),
(4, 160, 0, 'other', 1291330284),
(4, 161, 0, 'other', 1285971792),
(4, 162, 0, 'other', 1284579915),
(4, 163, 0, 'other', 1282583978),
(4, 164, 0, 'other', 1281458720),
(4, 165, 0, 'other', 1275219115),
(4, 166, 0, 'other', 1274134265),
(4, 167, 0, 'other', 1272821084),
(4, 168, 0, 'other', 1271102605),
(4, 169, 0, 'other', 1262656548),
(4, 170, 0, 'other', 1265031861),
(4, 171, 0, 'other', 1261752524),
(4, 172, 0, 'other', 1233956753),
(4, 173, 0, 'other', 1248131211),
(4, 174, 0, 'other', 1255010693),
(4, 175, 0, 'other', 1239721610),
(4, 176, 0, 'other', 1264434932),
(4, 177, 0, 'other', 1240613539),
(4, 178, 0, 'other', 1242403798),
(4, 179, 0, 'other', 1240613542),
(4, 180, 0, 'other', 1271240294),
(4, 181, 0, 'other', 1220790608),
(4, 182, 0, 'other', 1249418893),
(4, 183, 0, 'other', 1234094840),
(4, 184, 0, 'other', 1272383609),
(4, 185, 0, 'other', 1271675224),
(5, 132, 0, 'other', 1220736834),
(5, 186, 0, 'music', 1220707029),
(5, 187, 0, 'music', 1220703161),
(5, 188, 0, 'music', 1265042935),
(5, 189, 0, 'music', 1252604982),
(5, 190, 0, 'television', 1299078045),
(5, 191, 0, 'television', 1279049080),
(5, 192, 0, 'television', 1266573184),
(5, 193, 0, 'television', 1220736952),
(5, 194, 0, 'games', 1332530352),
(5, 195, 0, 'other', 1343922422),
(5, 196, 0, 'other', 1339081396),
(5, 197, 0, 'other', 1327717177),
(5, 198, 0, 'other', 1311081122),
(5, 199, 0, 'other', 1304791403),
(5, 200, 0, 'other', 1289892268),
(5, 201, 0, 'other', 1252599163),
(5, 202, 0, 'other', 1265989296),
(5, 203, 0, 'other', 1224778834);

-- --------------------------------------------------------

--
-- Tabellenstruktur für Tabelle `personfriendshiptype`
--

CREATE TABLE IF NOT EXISTS `personfriendshiptype` (
  `id_person` bigint(20) NOT NULL,
  `id_friendship` int(11) NOT NULL,
  PRIMARY KEY (`id_person`,`id_friendship`),
  KEY `fk_friendTypePerson` (`id_person`),
  KEY `fk_friendTypeFriendship` (`id_friendship`)
) ENGINE=InnoDB DEFAULT CHARSET=utf8 COLLATE=utf8_unicode_ci;

-- --------------------------------------------------------

--
-- Tabellenstruktur für Tabelle `personlanguage`
--

CREATE TABLE IF NOT EXISTS `personlanguage` (
  `id_person` bigint(20) NOT NULL,
  `id_language` int(11) NOT NULL,
  `id_level` int(11) DEFAULT NULL,
  PRIMARY KEY (`id_person`,`id_language`),
  KEY `fk_personLanguagePerson` (`id_person`),
  KEY `fk_personLanguageLanguage` (`id_language`),
  KEY `fk_personLanguageLevel` (`id_level`)
) ENGINE=InnoDB DEFAULT CHARSET=utf8 COLLATE=utf8_unicode_ci;

-- --------------------------------------------------------

--
-- Tabellenstruktur für Tabelle `personrating`
--

CREATE TABLE IF NOT EXISTS `personrating` (
  `id_rater` bigint(20) NOT NULL,
  `id_rated` bigint(20) NOT NULL,
  `rating` tinyint(4) NOT NULL DEFAULT '0',
  `last_update` datetime NOT NULL,
  PRIMARY KEY (`id_rater`,`id_rated`),
  KEY `fk_personRatingRator` (`id_rater`),
  KEY `fk_personRatingRated` (`id_rated`)
) ENGINE=InnoDB DEFAULT CHARSET=utf8 COLLATE=utf8_unicode_ci;

-- --------------------------------------------------------

--
-- Tabellenstruktur für Tabelle `persontag`
--

CREATE TABLE IF NOT EXISTS `persontag` (
  `id_person` bigint(20) NOT NULL,
  `id_tag` bigint(20) NOT NULL,
  PRIMARY KEY (`id_person`,`id_tag`),
  KEY `fk_person` (`id_person`),
  KEY `fk_tag` (`id_tag`)
) ENGINE=InnoDB DEFAULT CHARSET=utf8 COLLATE=utf8_unicode_ci;

--
-- Daten für Tabelle `persontag`
--

INSERT INTO `persontag` (`id_person`, `id_tag`) VALUES
(3, 1),
(3, 2),
(3, 3),
(3, 5),
(3, 6),
(3, 7),
(3, 8),
(4, 1),
(4, 5),
(4, 9);

-- --------------------------------------------------------

--
-- Tabellenstruktur für Tabelle `picture`
--

CREATE TABLE IF NOT EXISTS `picture` (
  `id_picture` int(11) NOT NULL AUTO_INCREMENT,
  `id_person` bigint(20) NOT NULL,
  `caption` varchar(200) COLLATE utf8_unicode_ci DEFAULT NULL,
  `picture` mediumblob NOT NULL,
  `picture_format_name` varchar(10) COLLATE utf8_unicode_ci NOT NULL,
  `mood` int(11) DEFAULT NULL,
  `thumbnail` blob,
  `thumbnail_format_name` varchar(10) COLLATE utf8_unicode_ci DEFAULT NULL,
  PRIMARY KEY (`id_picture`,`id_person`),
  KEY `fk_picture_person` (`id_person`),
  KEY `fk_picture_mood` (`mood`)
) ENGINE=InnoDB  DEFAULT CHARSET=utf8 COLLATE=utf8_unicode_ci AUTO_INCREMENT=2 ;

--
-- Daten für Tabelle `picture`
--

INSERT INTO `picture` (`id_picture`, `id_person`, `caption`, `picture`, `picture_format_name`, `mood`, `thumbnail`, `thumbnail_format_name`) VALUES
(1, 3, 'Profile Picture', 0xffd8ffe000104a46494600010200000100010000ffdb004300080606070605080707070909080a0c140d0c0b0b0c1912130f141d1a1f1e1d1a1c1c20242e2720222c231c1c2837292c30313434341f27393d38323c2e333432ffdb0043010909090c0b0c180d0d1832211c213232323232323232323232323232323232323232323232323232323232323232323232323232323232323232323232323232ffc000110800fc00b403012200021101031101ffc4001f0000010501010101010100000000000000000102030405060708090a0bffc400b5100002010303020403050504040000017d01020300041105122131410613516107227114328191a1082342b1c11552d1f02433627282090a161718191a25262728292a3435363738393a434445464748494a535455565758595a636465666768696a737475767778797a838485868788898a92939495969798999aa2a3a4a5a6a7a8a9aab2b3b4b5b6b7b8b9bac2c3c4c5c6c7c8c9cad2d3d4d5d6d7d8d9dae1e2e3e4e5e6e7e8e9eaf1f2f3f4f5f6f7f8f9faffc4001f0100030101010101010101010000000000000102030405060708090a0bffc400b51100020102040403040705040400010277000102031104052131061241510761711322328108144291a1b1c109233352f0156272d10a162434e125f11718191a262728292a35363738393a434445464748494a535455565758595a636465666768696a737475767778797a82838485868788898a92939495969798999aa2a3a4a5a6a7a8a9aab2b3b4b5b6b7b8b9bac2c3c4c5c6c7c8c9cad2d3d4d5d6d7d8d9dae2e3e4e5e6e7e8e9eaf2f3f4f5f6f7f8f9faffda000c03010002110311003f00ed3c9149e48a83ed2d4bf696a003ca1bea6f287a55337077d5817268024f287a52f96076a8bed268fb41a009c22f7a779686aafda0d1f6834016fc843e9486d50f61557ed2d47da9c75e2802c1b44ed4c3689e951fdb1a97ed87b8a000da27a535ad171d29fe731232319e83bd29b94c61b20fbd0055fb3213504f69b454c6e00978e7356957cc1cd0060bd933e483c9a84694d237cc38ae87c85ce168d9b280304e8fe560a8ef52986e3cbd9c11ee2b5c9f6a8c4abd3140188f61be32ac99cd521a0c801f2dca83daba72e87d28f3171401cb8d1ef94604a714574fe62fad1401a5fd952ffb347f6549ea2987c423fe789fce93fe120ffa627f3a00636972799d454ffd96feab551b5b62f911707dea41aebffcf21f9d0058feca93fbc28feca93fbc2a0fede93fe790fce8fede93fe790fce802c7f64498fbe3f2a43a449fde1517f6fcb8e221f9d21d7e4cffaa1f9d0049fd96ea79618a0e96e7397e7b62a3fed89dc6f112851d4938a9a3d4659392aa31d79a008ff00b2df38de297fb2dd4121c707b8abf1995be7380bdb23ff00af434aaa0932a600ec680335ad2e15b861f5c727eb5247a63b83e63641ed5a51ba347bd88c86e84751514da8bfdd0401c150700e3f0a00c9bbd2feccbe76f2c08fcaa945704b6d0d8ad0d46fb09d39c76e05735733ed659d1829ce3693c1a00e8e385fef6f35656d1dc72dfa573706b73b2aa80a3df15a36daccc53f87f2a00d73a6e5492e6a89b04171b4c869bfdb339f946dfcaaab5ccaf2ee2df37b5006b7f64c6467cc354a7b208db50e7eb42dedc743271f4a719db19ea7d4d002269123283bfad149fda772bc71c7b514018525d0438a87fb4141eb4b3da17e41aca92d9c4a473401bb15cac8383560648acdb4b774da49ad64c6da008f0476a82794c62af7cb42da35c36155893d947268020d3e0babd98c48a5006f99d8718ae934ef0e2090b4b234841e003803fc4fe54ba46812210676511e3fd5039cfd71fe35bdb5e1906e0b8e8a070a2802ac9a75aa2e2345fcc0aa724621c32c68587209e715a57209462ca31e8b83581730ced21091054c7de27068016599f2cebb8b13c9dc7faff2aa6247f376bab7cc300b0cd45259cc70311a01fc4ec71558b5c42df35ccd27a7960edfca8036938b7023656fe21ffd6aa5392ec0004903a91d3dab39aeee1d724ecc7563d3029d0ea3e671e629900fbcbde802c3e1a328e064f5158da8e9e762ac44ff00b23ad6a89bcd76248c8e40ab12db0680b1600b7007f3a00e361cc11984f321c1247403d055b82e4093693803bfad693dac6b29cae7209e71e9c0e94d16b0ca0f2aac38c66802688a32ee5209c53e08c9909358d24771677195c94fad5d4d55000a720d0069b8db9e6889f70aacb32c916edd9cd451cde593cd005f3d7ad1548dc1639e68a0081a600641acfb897e72c0538c8714c6c30e68015751200183c5588b51cf518aa7e5a9a7c70166c2824fb5006c412894e49017d4f7ae8f4db79e64f3990456a39323b637d53d07468d76de5efcca065221d3f1ae9c2aca566b8236f4443c0fc05004b1ab18d024836fae368fc2a69230407c865518396ff1a735b864df33b2ae385ce2a9dcd9d958a1b9b9ba91235e7619481f8ff85003de3deac57289d3ef631f80ae7efb54b3b672ad32f0325d9fa7e15c778abe22db473b436d2b98c7ca02636ff3ae1e6d77fb424665bac03c90c793ed401deea5e33d36172d24ebd084eb9cfd31d2b97bbf19e9570fb0b216c60361c1fcf15c9dd3dc4cdc8da08fef0359eda76419247d98ec3afe9401d84be25922555b595cc04f2ae79c7b7b7f3ad5b2d4a231aba1e1c91c9ed5e6c9e6c136e50c141e01ad2b7d4278d94e7001a00f60d37749179e4638dc73dea7beba2d72c47098040f5ae4741d6ee6e02acae3cbcf1c724d75573776de42baf0c0762324d003600f238132e63eac734e3046cb942406e809a82deec336d39218f4072454d346f14a3380846ec1a0088e55b6b9cfb7ad51bab689e4f424f515a058acabc06193918ff3eb51deac660f31546e040279ebde80326579ad47cac76e696df51f33099cb66acf95e647cb03ea2b2e5896de51228fae2803704a70339cd1589fda4de8df9514016a9714bb7da9c14fa5000a957ed2369a658205c163d4f7fad4080e07071f4ae83c3f6c9e63ccd901782c7b7afe3401d0dadbc505baab64ac7d33d598ff005a924bb8ad019e4219c70831c03ed5917faaa99634880f455f4ae6b5fd56468bc88df03760b741b4753fe7d6803afb8f1147140d75249f733b4e78381d6bc83c53f11a4d46e9a16f33eccbc08d0f327d4f6ab9e2fd63cad2fc885f31aa88c11dc91c9fcbf9d797244f3cfcf7a00d292f21bb763f67d85bb75c5352d771fe2fa62aed958838240ad416aaa3a50064dbd9b6720102b4534f07b55b48c29e2ac2c6720d00555d354ff08c7a629cfa545b784c56946a40c75e6a71cf0450073e85ec9f0b91f4ad2b4d6e3930ac071fc269ba9da96859d474e6b9594033f0429cf53401e883528d144992800ee78157adb565ba9106e0c07dd06bcf52fde28446ceae7b0ed5a7a65e36fcb363071802803ba95cc570ed81c630c4f51504d702389a3eedc907fcfbd31651242370ce5326b36fa4694ee476258ee39ed8a009259de151cfca7deab3309413939f4a92d23fb54589319f7a74f6eb02f0e314010acaa0638a2a028a4e73fa51401bdb68008e86a438cd3d50b29c2938ebc50045b4b63249c56dc5702cf4845076062598fad66429b8e319c55fbfb299ed238f69452bc13db1d6803117550d39b8e7183b467f3fd3f9d725a8eadf689955e570aa773f3d79edfa55dbf596169cb36c0a0a819c76e2b90b8906f25a4014753dcfb0a00bfe20bb5b993c88c8daa32003e82b2f4cb7f364ce2a257926b82f8c6e3902b774e8d2da2dce07b0028034adacc6c03156bec781ce6a836bd0400298dbf2a920d7e1b96daa8e33dc8a0099ad7691f3702a78e2edce69c1d5fa7a530bf96a4f5a00b0aa054aa993c560dd6ad342711425ce7d2990ea5a9b1dc61da3d71401d04c998194f3c579f6a43cab89500fbad9aede0bb6963db32156f5c706b8ff00102ecbab8cf19236d00672b1dcacad5bba6bb1207b8ac3b4024c6e1c8eb8ef5d1e9308f3973d2803ac490ec0ac4edc5579645030075a4c332727f0a661ca6029cd00496eac3ee9c0a96e2176503d7bd568dcc472c7a55879fce4c83f3500305aa0182c3345208a4619a2803772335a1a7dc436ce5e4de7208c0031588b37352acff30c9fd6803a9b5b8b55dd2476acec4f05900cfd2b425b6b8b9b7335e058d572447df18ac7d32ea6ba81e257540065514e0fd7eb9aaf3ebb77684c176b2488738643d7eb40189e20d016e904c42a871f791b183ef9af3cbdd2e2b390a330623a5763afeb5a95e6c8e18d6d626f959f7f2fef5cade690f60a6690b3330dc0b1e4d0056d2ad45ddeb2a0caa0e49aeb6df4b8a2b7f9c02c7a9359fe0ab4f3a0ba9b6e097c74addbcd3669632a64644ff6473401837af65072ce001f95514d4ecd9f0a633e9c526a1a14323fced3311d0b366aac5e1c563b54b853401bf658ba6213afb54d346221cf6ad1f0ee8e6d612ed93c60134dd4a0deaea3ad0073171aa410bed66008ea00a92d354b3ba3b5661b876f5acd9f4957b872ea5b71e726a78343b304360ab0ff0068d007476f871c720f7ae4fc5f015d4236cfde4fe5fe4574b616ed6e7092b32f70dfe358fe348bfe3ce6ff0068a9a00e7ec133db2476aec746b70e8c49c74ae52d76aede95d6e933aed11af249a00d65558fef0071d39a1db7b6d8d7f2a6ddc4cf80b9fa66ae59a28c29073ea68020fecd693e6618a6358c9137ca303d6b78ed44cfa557b8b8023c15fc68033444ca31ba8a4323939c51401109769e697ce0581cf4aaee77702a2625074cd00769e1e96d963f30b02de8bd7f5a4d57ceba96502748940cb60e31efd2b1f49d5bece82252bb89e5b6ff009269de209a4bbd3a45b66ca9e588ee7d7e9401ccdc4cd15c116ff3907fd61504d66cf7b3de5cec9e42caa7a6302b95d46e2e22b922395d4723863cd5ef0ec935e4ed06499410c33fc43b8a00f4ef055aa8b2b8c0eb266ba996d0184fca3f1aabe17b158b4d42aa73261bf4ad9d49a3b7d3d893f36481401c65de9f0872cd835561f204e91a0dccc700014b7972493cd50b1bb683538ee5632ea80f03f9d00769b62b6b42d210a40e057372b09653e86ab9d56eee6f2459e20206fb8dbb9fc4543777725bedf2adccbcfcc43630280219225f358743e94790339c517532493c6f11ce17e63562221c500496f173e958be2f877594033d25fe95d1c4306b07c64ac6c22651c2be4fb0c500715e6aacac8cd8e7208ad4d2af5edee5493bc03d2b06e81660ebd48abfa55b3b0666241032a7d2803d261bb1341e6f9614f71e94d37bf382808c56569772cd63f3fdee9f955e55f307618a00d04be1d59bf3a75ddd452a009c9f5ae7ae0c89360e71566005be607a5005df9bd68aaed7655b1e945005732fcd434a08e6a158d9a9c2223ad004b1cc57ee1c1adf89a2b8d31919086cf2c09e4fa56558d92ca739ad7362628f209c7b1a00f37f126812db5d170328c72a7a54de06d31e6f11c807cad1c65d73ec47f8d7677412ed7c9b952c3b115c75fc373a45d79b6d23c4cbcc7221c1c7e1401eefe1bb33244236c6557fad64f8a15a194a1fba3a553f849a95cdde88b2de4b2492fda1d0bc8c49208047f5adef17462546381953d6803cbef19892a2aed8da32c3bdb8f7aa1a999627262c6ecf151c2757b983f7a61450382b9fd45005bbec6d3e5105855388cad1e1d7154666be85d81f2a423d015a16eef78c4283fe047fc280348261395a9a0015b1ebd2b3bfb46f11406b20defbb0055fb43bce48c6474a00d28b155b54b58eee211caa59739c03d7156635c1fad73fe21f139d26f0da436be74be5860c5b8527d450070da803fdb13c6063126d03d31c574da659136e0a8cb1381f8562e9ba5dcdfde1ba9ce1598bbb9ee4fa57636a5601b42f00606280258a0482048875ce4d492bb4232b5181231dc071514ece4e08a002493cdc64735207312657e9500231e94f259a3e99c50046cad2316cf5a2906fc77a28036e3b5545ce3b52a5bacd9c7514c33129cd5ad2d44aedcd0050691eca6f97a56a5bdf198018ebdab335b88c738c77f4af46f00783c45043ab6a2a4c8c3743130e00ecc7fa50064c9e09d4df4e37aeb14608c8491f6b7f80fc4d7397fa15cf926def6ce554ece5723f03d2bdeef21fb4d9cb0ff7d48ae0b47b2bbb9d49ade096584467f7a5588c0f4a00a9e17d31347d2a2b41fdddd9f7ea29faeca6519ee7a8ae9f57b58a305d4608ea4572177289010dd450071d756f9959b19c54625f257001e6b6a688127bd645c45b739fc28028ccd0b1c903342083190a28783e6e314c688a1e381400e7c49c8031fa558b55c123d299147f91ab71c7b4d004cb81c9e0019cd60cfa441777b25fcabb8b90467d3a0adc952392168e5242b0f9b07071552492348fca886147140144c08acabc051d854ac917006dcd452e02e69d6119965ce062802da5da431ed65cf1d2abbcf1cc7017f2a76a116de54723b5536631c5b80c914012b42bbf834d08c8d83f9d334f9da5b8024c8c9ad1baf2c329c819a00c7919f79c038a2b7628ec9a3058a67bf4a28029f9e19715259dd35b499071525b683aab6dc585c9cf4fdd373fa57a1f86be1c5ab58fdab5d8a4333fdd8376dd83df1de8039ff0c6872f8975f8269e0736111df2395f9588fe1cfbf1f857b48000000c62a8697a55a68f64b69651948158b052c4f27eb5a14005719f6e1a478da4490ec86ed79cf4ddebfcbf3aecebcffe244063b48af5148689f96c76a00d2f11df7929c11cf5f7af3ebbbcc4848279ed514fe239b51b58e395b2e831bbd6b2de72e7af3401a3f6cc9e6ab4f876ce6aa6f34e0e718a005f2fe6c9a618f71c62a51934fda71400d48b1deacc602f27b734c55a7bc524d0c9142479854ed07f8bd87bd00573b65dccc7a9aa52265b8aacd2dc22e307152da4534c73838cd002c908688d4768ef06e52b907a1f4ab8f032640c9acdb896447c05a00b6d2eeddbbad5132a9629d89a92263b7f79dea191407dc38c9a0098c6b126e4ebda9aced32f73f5a7248bb8063d2a6578c9c0f4eb401585bbe28ab0d2956c6451401f48c97314639209ec0543717030aa08dc464806b91fb64a5b71639cd588af1fccdccd9fad0075715c870b9e323f5a9259a3821696460a8a3249ae73edeaa393d2ab6b978d7363180df22a82c077273fd3f9d0058bbf1582cc96918c038dcffe1583aa6a33ea76725bdc88de2901046dfe558d24cc8c4af2cbdbfbc2a55b94961f97907bd0079f32b5a5e4b0139d8e573f4ab2a79ce69daedafd9b566751f24c378faf7a8e13c0a009c7229fde9129c2802452315206e39a8a8073ed4016037155e4b930de4454fdce694c815726b2e2d423bbbe6802624889dcdfde07a7e9c50074977a74532fda10e1251b801d8f7151c5e459c182790339ab16eecfa4c91afdf8cef19f4ef585780b7f1123bd0059fb5a966391cf43eb54ae36484b715087745f978f7a884fb1cef20f3de802558c34659940a876c5bb24e6ae031cf11038cf5aa7e4289f058e0d002b85c0da07e150bcc54600e6af3c6a0617f3c550e04adb8500572b2c87773cd152bbaee345007af1939a5f3f0456689891d69c252475a00bd35c9c75eb508b96f29d49c86f5aacef95a61c85a00ad73eaa791c8aa91b9866dcbfeae43c8f43575ea9b28590a37dd6a004d4ec9751b5d8a712afcc84fafa5732aac8c55c10ca7047bd7591f070472bc1c0aa9aa5824f0b4f12812a72703ef0ff001a00c88f2454950c448a9f231400134d670a298ee3b5412c9818cd00477370429e6b0746666f12ced9f97cbf9bdf918abd7521c1aa9a144dfda1713e3e5c0526803bdd35c2480310437cb8f51dc54d7de15b88e2fb4d9b8bab62371c70e9f55fea2abdb46c59641820f6f4ae9b4c9ffd23eced2152ca4a11d8d0079fcf16d5e0e2b3a484b1ce41e6bd175dd060d5158a6db5beece07c921ff68763ee2bcf65b1bfb2bc7b6ba88c72a1e437f3fa5004b6ca63182c2a3b99445303b862a29ad6e810fdaa19ac2799412f8f4a00b525ea84e1c541e723fcdfa5576b1da986973ed54eecbdb4785c6280343cc5f4a2b045eca06369a2803d9c641e69ca79e69868ce71401311f2d3327a669cad95c1a6b0c1f6a008dfd6a29137c7c751c8a9c8c8a881dad400c84ee5cf7e86a5dc322a355093ff00b2fd2a500316dd9c6700500739730882f258c7ddce47d0d42edb4568eae9b2e636ecc98fcab2df91401196eb55e56cf34f9385f7159f713107e9400c9d4b9d8a092c7000ae9346d064b6d3c9940f31db7153daadf8734310db25fdd2ee9a519453fc0bfe35b3b33bdcff0011c0fa500510ff00658f6c283763a939aa50dccf1df89fcc3e606ce6b55e2dc6a28f4c6966181807927b0a00de1702e6d924c6370cfd2abdc5a5bead0adbdd9d8ebfeaa703253d8fa8f6a912311c4a8bd1462a2752a770e9401cd5fd9c9a49682f902b81956072ac3b107d2b91d435194656dc657b1af58b9b3b6f10696da75dfcac398651d636ff000f515e51a969d77a6df4969730ed92338383c11d88f6a00cb5b8b86901918d599de39142e064d41217c90236e2961b695d779e33400f16aa46775149e54dfde345007ac76a41476a4140122fd69e3e65c1a897d0d3f91cafe540063151cab919152ef53c1e0fbd211c500403e75dbdc720d4ca38c8e33d454046d7c8ab087228032f5a5cdb249fdc7c7e7580cdc75aeab508bceb2990752b91f51cd720cdc1f6a00af3ca471556d2ddafb52b7b61cf992007e9dff4a5b97ebeb5d0f8334d265935291780364591dfb9fe9f9d00764d81f2800051c55263b9b0bd054d3c99f954fd6a2039a0091140193534070dec6a1cf18a72b807e940168f078a8fa1c11f29a3cd1b4f349bc6307a1a00400c6e194f4a87c41a7c5aa69df6a083ed36eb9271cb2771f85485ea7b69b6b60f43c11eb401e78d6f02e72bfa541e5c63200eb5b77b66969a8cf03ff0b657e8791fa5664f0664ca74cd006798067ad15a0205c7239a2803af27e5a4079a0f4a68a00941e69e0d443a549fc1400a4027919a065471c8a0f4fc69075a0019438e29a9946c1a1fe56e38a53f3264f5a00738e335c35fe2dae668fa056207d2bb97ff00555c4dd42b77e2a8ada5cf95263700719e94011e97a2cdabcbbc931da83f3498ebf4aede3f2e0823b6b64db14636ad2ca896f1a430a848c0e0014d1400fed45369dd850014abc64d2f6a43400a0d3b39a6f634a3a50007ef54b08f981cd447b54a9f71be9401535cb149bcabc1f7b011ff00a1ac7786307819ae8ee006b2954f23cbfeb5cefdd9062802bb2aa9c605155eea56131e074f4a2803ffd9, 'jpg', NULL, 0xffd8ffe000104a46494600010200000100010000ffdb004300080606070605080707070909080a0c140d0c0b0b0c1912130f141d1a1f1e1d1a1c1c20242e2720222c231c1c2837292c30313434341f27393d38323c2e333432ffdb0043010909090c0b0c180d0d1832211c213232323232323232323232323232323232323232323232323232323232323232323232323232323232323232323232323232ffc00011080032003203012200021101031101ffc4001f0000010501010101010100000000000000000102030405060708090a0bffc400b5100002010303020403050504040000017d01020300041105122131410613516107227114328191a1082342b1c11552d1f02433627282090a161718191a25262728292a3435363738393a434445464748494a535455565758595a636465666768696a737475767778797a838485868788898a92939495969798999aa2a3a4a5a6a7a8a9aab2b3b4b5b6b7b8b9bac2c3c4c5c6c7c8c9cad2d3d4d5d6d7d8d9dae1e2e3e4e5e6e7e8e9eaf1f2f3f4f5f6f7f8f9faffc4001f0100030101010101010101010000000000000102030405060708090a0bffc400b51100020102040403040705040400010277000102031104052131061241510761711322328108144291a1b1c109233352f0156272d10a162434e125f11718191a262728292a35363738393a434445464748494a535455565758595a636465666768696a737475767778797a82838485868788898a92939495969798999aa2a3a4a5a6a7a8a9aab2b3b4b5b6b7b8b9bac2c3c4c5c6c7c8c9cad2d3d4d5d6d7d8d9dae2e3e4e5e6e7e8e9eaf2f3f4f5f6f7f8f9faffda000c03010002110311003f00ead6e74e0cc42cf83d3914e175a696dbb2e0b760315cd58dca45b62f2e424f73cd775a369296f9ba962613118c73c7e005005416b0b70d05c47dc17c0a516f66016f31f6af500f5aafe29f12697a6b32dcde3798a398e33c83efe95c0afc43b492e3ca8bcc5427ac831ffeba00eb6eb5086c6f36012792fd3d73564ded9cd12948e42c48e49acef3a1beb285f6a482439dc0f03daa0647832f6ec170395edf5c76a00dcf36cffe7849ff007dd15cff00f69cff00f3cbff001ea2802ce8c2082e4dcced88e15de7dcf61547c5df10aeecf4eb8834b904731611ab2f553dcd69cd6f61268f36eb8110906559db1d3e9fe35e5d0696d7dadc88646744cc85b6119191ce0f3401141a6dc5c937574eed2b9cb301d6b560d22d9c65e10c7d4d2457138d485a20b9752768cc402ff8d2ea52cd69789062e33dfcac6280209b56b8d0aec5befcc3b7280f6ae9ad7597bbd2c4e4fef4820fbd71be238da4934f9324ef0412c39e31fe35d169d6ca2ca0894925978c5005e13b919f348cf6e68a93fb26e3fe7aad140115dea53cbe17b882da30f3c20b807bfe5d68f8696f3ea30de6a578872a0a9e09e063d7f0ad7f0e68373aaea32e9d6f1055401e4b823ee03d3ea7dab6743f0c49e1cb9d4ef8c84c72836e5470bb813938fcba5007286f0c7a8cd3c16e85501ebc0cd67cb28ba983b26413d4f7ff003cd5ad4ac15259998390e78dae462a9dbda80ebb4cbc1e43392280333c610b26976f34606236393e99c0153e872dcc5a6224cc571c83e82ae6b162978d109a47f263e7ca07e563ea7e94d658d2dd72afb587ca73d050038ea7759ff58b45571e5119de7f2a2803d93e197fc816edbf88ce327bfdc1478919bfb3efc6e38fb5faff00b0b451401e7739ca2e79e7bd436e3e7fc68a2802bddffacfc0d51909fb3a73e9451400b81e945145007fffd9, 'jpg'),
(1, 4, 'Profile Picture', 0xffd8ffe000104a46494600010200000100010000ffdb004300080606070605080707070909080a0c140d0c0b0b0c1912130f141d1a1f1e1d1a1c1c20242e2720222c231c1c2837292c30313434341f27393d38323c2e333432ffdb0043010909090c0b0c180d0d1832211c213232323232323232323232323232323232323232323232323232323232323232323232323232323232323232323232323232ffc0001108007700b403012200021101031101ffc4001f0000010501010101010100000000000000000102030405060708090a0bffc400b5100002010303020403050504040000017d01020300041105122131410613516107227114328191a1082342b1c11552d1f02433627282090a161718191a25262728292a3435363738393a434445464748494a535455565758595a636465666768696a737475767778797a838485868788898a92939495969798999aa2a3a4a5a6a7a8a9aab2b3b4b5b6b7b8b9bac2c3c4c5c6c7c8c9cad2d3d4d5d6d7d8d9dae1e2e3e4e5e6e7e8e9eaf1f2f3f4f5f6f7f8f9faffc4001f0100030101010101010101010000000000000102030405060708090a0bffc400b51100020102040403040705040400010277000102031104052131061241510761711322328108144291a1b1c109233352f0156272d10a162434e125f11718191a262728292a35363738393a434445464748494a535455565758595a636465666768696a737475767778797a82838485868788898a92939495969798999aa2a3a4a5a6a7a8a9aab2b3b4b5b6b7b8b9bac2c3c4c5c6c7c8c9cad2d3d4d5d6d7d8d9dae2e3e4e5e6e7e8e9eaf2f3f4f5f6f7f8f9faffda000c03010002110311003f00f398473534b1078597d45450f5ab4df72803886c25e303d8fcc7d056ae851bea7afdac4dfc720247a77fe55977ebb2fa7f4de6ba2f87d0197c516ce7a024fe9401f416856eb6d6ea8a3000c574708f7ac4b3e368addb7538a009f031d68f2c119eb4f094f500500665dd989232a07d2bccfc65e1b1751bc8a987c73c57b010b9acfd434f8ee918151cfb5007c93a8e9b35bcacaca7838208acf495a3386cedf7ed5ee9e2cf0586df3db852c392beb5e57a8e98a24742a524538653d6803178e19390698c81be61d695e292d988037467a8a7677a6411c77ff1a0060f43c1f5a40483fe14ff00bc70460f7a603b4ed6fce80251d3dbf955bb6970db49c67a30aa5d3a53948ddc75f4a00f5af05eb1ae6a464b18b504124401024192c3dabba8ac3c4ee38d461ffbf7ff00d7af08d0f5b974ed460bb46f9e36e4ff00787a1afa0f46f11daea16b0c8b32ef750c8d9fbdedf5a008869de281ff0031087fefdfff005ea4fb078a00ff008ff87fef8ffebd6ea6a568ea0f9cbcfbd5afb4c0532241401ca9b1f14e7fe3fe1ffbf7ff00d7a2ba917b6b8ff58bf9d1401f2d4320ddc9ab4f3a2465891c0ac1b879470848e6abcb2cc22f989e68033eee432dc3b9eed9aec7e1f1487c4366ac70640cbf8ed27fa5712c0e09f7addf0e5e49078834d2870de78009f7e3fad007d2b67730228df2a06f735b76d791119122903d0d79affc2242eed83ff68ca27619763d093fd2b327d1ee74965ff89e448474532ff89a00f6c49165195231ed52ae3a1af37f0df889edb10dd4e920278656c8aefe0bb4b88d4a743de8016f2e12da06909e8335c0ea7e39baf35a0d3e0f31f38dc7a575bae0dd0153d08c1ae0af641650bc96f12efec48e9fe27da802d5a697a9eb09e6ea37ad186e7cb8c63f5aafabfc3ed32e232c259c49d896cd606ab078dec2c62d425b9291cc3e58a361953d813d01ac17d63c62aacd15d4b31040d9b771f7ed8a00a1adf8665d3dd94112283d71cfe35c9cd6b240fb9178ee2bd4f4c8758d6e1275284238e3eee33599e21f0bb5b279a8bf5a00f39c86008e08fd29701d718e4751566f2d4a92506245ea3d4553560e38255a8003ba319182b4e5657e73834127bf5f5a8c8da723bfad004fb9a36ddd08efeb5d37867556dcd6e1ca1e1948ec6b94f30e318e3d0d49657a6d2f2399491b58671401ef9a2badd4256e015b8500b2f623fbc2ba2581b0ab1b12a45739a2ba6b7a65a4b64e524dbb92403ee37f129f635d768f76aeff0066b88843703f849e09f6a00a47459e43b964c03da8aea8471e39c51401f2a2c685b24671542f650e0a85ad548db90075a8db47731bca7b738a00e60a7de153698e5357b497fb9321fc88a95a1db23afa714cb75f2e6ddfdde9401eafe2a7f11c612df4b591a171f31453903eb505b78392eb4cb7940b993542c7cd69e26db823b6463835ea564892d9c6d81ca03fa568c16ad8e4803e9401e7ba2f81a7b01ba5b9333f19ec3df8af46d094c509858e761c03ed538b655524827eb52697102eed8c7340116a1891c21c5573a3dacd121788315391f5abf7b105b8c8a92df2063a8a00ca9344b69c0135bf98a3a06e45584d22da34da96e88bec056b85a1970b4018a74d8517010035cff8834e596d5b2bc639aebe5e339ac6d4cab44ca7906803e78f11d89b3bb6206083c5739710061e72719ebed5e8de38b0218b819c579da4bb26643d3a63d6802b799d16418f46a5dac067aafad3e450a71f790f3501568c168db2a4f4a000907a7e55137af4a56c3f20629bcfd6803d5fe1678bed2c239b4cd418c449df0cbd81ef93dbb57aa5e3437b0868d9966ece87f223fa1ffebd7cefa5ceb6ab637f04ad1cb1398a60aa090a4e4301dfa9fcabd5216d574ad31754d36ee2b9b650647424796ca4754e3e5f75a00eef4ed5e4bbb40d382b32131c9c7561dff1ebf8d150f83afa2bcd0ccec7cb99a66f391baabf191fca8a00f10b5506519ad162a55976f4159f6b8f31738ab17ee5248d62fbf21c67d0773401cbde4616ee500746c63d2a848364b81deafdeaf95772a062d863cfad654d2ed71401f4d786ae12f344b0983643c287f415d75bed095e33f0bb5e336862d1dbe6b67dbff013c8fea3f0af4f82f86dc93401af75711c30b16200c51a436509f539ae66f676beba8edd58edce5b1e95ab6da90d39f6cca447d9c0c8fc68036eee2dc335893dcc96f1348b9254f4a8b54f185ac51058b123b7400d67591bdd4a40f3955889ced1de8036ad75a0efe54c0c727a377fa569fda5597ad65dc58472c5f370c3a1f4ac9fb55c59cde4ca7729e15a80372eee00538358b23b4c08ea2a626498739a458c2a1a00e27c5765e6db3647415e1773917d2e0fdd35f43f88368b694b740a6be7a9d77bb3f7964623e99a006ef241cfe34d3f778e39e94f887383e9533c384e0679ce280339c7e148a4ee1c55a9620a4f3c75a8f002e55739fd2803a0f0ea417c5ac26c7241561d7d0f35b674bd574946b2b3d4dd6d6639785b9007b835c8e8d752596a115c2820a38c8af7af092697af992f3744f313b7c993aa0febde8020f0cdddad868eb1cb3379eec5e6771cbb7033d3d001f8515dd2786b4ec12f17cc4e4ec1c7e145007cf56d3625c6334ebabdb79c83e6795b78041c1ac9172527e39f7159f7771bee1805c64e49a009a725ee640a7712d8dc45644a71213d6ad89b64124bfc4c70b548f231dcf5a00ebfe1f6a8b65acf92cd849c6c3f5edfaff3af6db63232e33c015f32c13bdbcf1c884864390457d09e0df1043ad6930dc023cd036c8be8c3aff8d00694572b6576ed3610b9c02c7000ada6b9b631e669a3031eb50ded95a5f22a4f0a4913f0eac3208ac9d27c3b6de1bd5a5b98236bab5751fb890eed841e0ae7a7ff00aa8034cff63f127cac7b6075abb05e303b2d74e9df033f771c56d5aeada2fd8d008845b0eff2da3c1539a9ae75bc9ff41b632b6305dfe55fcfbd0060dd5d6a291066b35883217cbbf4c0ef5c9e9936bbaeea32dc5c431c3a6a2fc84039938ea3dabac7b596f2789afe5f39e224c6b8002e7f9d693aa18bc94181ed40155620b029c755e6abbe1633562e7f768173d2b1f50bc10c0496ed401c578f752169a35c0538771b17ea6bc661fdedcfb2af1f85747e3dd74ea3a89b789b724479e7f8bffad5cdd870b31ee13fad004d6b17997491e3962314fbefdd4e148e067351db49e55fc6ff00dd7a65ecbf6895c8ec49a004c93853cd5700c5211d569d131231d3153baef4c8ea2801554121d3ef76f7adbd1b5e7d2f5186e63254a919c1c1f7ae7637653d38eeb53b6d750c0e3de803e81b0f8a7a69b34f33ccdc383f2d15e1315bdfb460c71b329e854e4514014cdcc91e721491d4d532ecee588e49ab1b49e48fceab4876b6075a00249031541d0714b819a8c0c0cf7a9e28b78cf38f5f5a008b6f39f7adcf0a788a6f0f6acae0936d21db2a0fd08f7159aa8259d625e83ad40e856e1547506803e9bd0358b7d56de278a5574719520f5ad4bb574c3276e86be68f0d78baf3c377a1a225edcb65a2cfea3d0d7d15e16f1158789f4b5b8b690367865eea7d08a00b71eacc8bb5ecf7bfa800e6a417d7f7036451794b8ef5a96f6d11fe1191ed5752dd1790aa2803220b795133f3173d58d68247e547b98f35331556c920002b9fd6f5d82d508de063de801baade2a311babc97c75e30fb321b3b57dd7527439fb83d69be2df1e95dd05936e95b3973d14579834cf737125c4ae598f2598f24d003705e42cc49e7927f5ab76785867cf5c0fe755718419eb8e6a78cec5751dc0c9a00638db2313d41cd4633bf3eb52382c85b3c8e298983c81400e0a37640c1ab08540fad3307a8e334cdceb956c1e7838a00924419dc31cf7c5348c0c8fc45190460ad47bc2920e45005849caae1738fad155b23fbf45004c1ce003c81c73503e18e48039a68b9264c951b0f507d2976056c2b6e1d437a8a00548d49e6a7037aed5e07ad26d1803d298d27f0ae68026899206f97963deab4ac373367e76fd29aefe50e797ed50125be627eb400df289618e95b5e16f145f7853561776ac5a32712c24f0e3fc6b2e023927a0e86abbaf3f5a00fa5b43f8a1a0ea702b1bb58252398e5f94835af378db4d4e7ed6873d36b6735f2b5bbf972035da787efd5d96291b9ed9e9401eaba8f8e659894b389dbb6e6e05719aadcde5d2bc93bb313ced1d2ba3b2b581a10ccabc8eb59daf88e2b5f2e3e4c8768c0e4d007975fc2ee2499b3c9c0aa11ae1467b7cc7fa5753acdba41682204103a915cb4af8e40c64d003b2049c9e0d1bf2cdeb50465de4c0e7b01567ca0abf303d3ae28016361b4827af5a7431fce41a646a4be3bd48a4f73cad004cca0645444654afad29977727aff3a4c8618ef4008a0952a7a8a8e44c8e9835209086e7a8a7b8046f5f4e680297cddba51564aae7ff00af450065f2edf31ab0920002f6a28a0099d83104719a6038c807f3a28a00825c6fe79a70fbbc7345140088484f97bd3f682a411c834514009b79e9fad685bcad6a55c71b483c7a5145007a8787f5259acd72738e791ed497f2c4f2c97533361461703a0ffebd14500707ad6a1f6b628836aeee87f3ae7677cb841d4f268a2802e436a634de719c74a6962c7007028a2801f13614b0fbc9fca9b33fcfb8719eb4514010b120f04e0d1bdb3d68a28017cc3dff003a9226e7da8a2801c48538c51451401fffd9, 'jpg', NULL, 0xffd8ffe000104a46494600010200000100010000ffdb004300080606070605080707070909080a0c140d0c0b0b0c1912130f141d1a1f1e1d1a1c1c20242e2720222c231c1c2837292c30313434341f27393d38323c2e333432ffdb0043010909090c0b0c180d0d1832211c213232323232323232323232323232323232323232323232323232323232323232323232323232323232323232323232323232ffc00011080032003203012200021101031101ffc4001f0000010501010101010100000000000000000102030405060708090a0bffc400b5100002010303020403050504040000017d01020300041105122131410613516107227114328191a1082342b1c11552d1f02433627282090a161718191a25262728292a3435363738393a434445464748494a535455565758595a636465666768696a737475767778797a838485868788898a92939495969798999aa2a3a4a5a6a7a8a9aab2b3b4b5b6b7b8b9bac2c3c4c5c6c7c8c9cad2d3d4d5d6d7d8d9dae1e2e3e4e5e6e7e8e9eaf1f2f3f4f5f6f7f8f9faffc4001f0100030101010101010101010000000000000102030405060708090a0bffc400b51100020102040403040705040400010277000102031104052131061241510761711322328108144291a1b1c109233352f0156272d10a162434e125f11718191a262728292a35363738393a434445464748494a535455565758595a636465666768696a737475767778797a82838485868788898a92939495969798999aa2a3a4a5a6a7a8a9aab2b3b4b5b6b7b8b9bac2c3c4c5c6c7c8c9cad2d3d4d5d6d7d8d9dae2e3e4e5e6e7e8e9eaf2f3f4f5f6f7f8f9faffda000c03010002110311003f00f57b296078c059158fb1aba4aa4658e001d735e2da4c1ac7db2deef4ed196ce361b8a995f29cf46cf04fb0f5af5686796e746ccf81291b580f5a00e5bc4175a5f890bd8416525d4bce641f2aa9ff0078d79078a3c05a8694cd398d0a678789b3f98af61bef05c9a823eeba99014fdd79321408dfde38ebf4aa16df0d5ad65124dab5e4e98f9a2773b0fe04d007cf4e8c8c55d4861d41ef4cfbbd791eb5e8bf10fc2f1697399624db1375c76f7af3a60d19dadf81ec6801770f55a299b0ff00768a00fb06de18120dec5460679ed566d5166d358a8cee62c0d71eba8493e9caf92616c1661ce57d6af457ed756a574dd482c6c39f297ccc7d31d28036935386ddc452823fdaec3ebe9562e6ea21116523a5645bc22c6cdcc96f70f9fbf24cbb7278fef11eb54b4b135dc72cb2db4d6b0924c51cc7e6dbeb8ec0d0073be3bb3fed3d1e66dbc81915f3ef99b94a9ea09c1afa2fc6d7b169be1db995880446401ea4f4af9e6083cc963dbfc6703f950041b17fb9455962aae576f438a2803d3be1978d63681743d4640b227cb0bb1fbcbd87d47f2af59b595b4bb976b5578d663b9fc9504337a907bfbd7c9b707131684956dd9183c8af5df87ff16a0b5b55d37c47236f88e22bada5b70f46c77f7a00f60325c5fcab24b14adb7bca7f901c0a4d52e23b4b52f2b287c7af4ac49fe2269ad066c55ae58f4d8a71f99af2af1e789359d455a36668636059917fbbe99a00cbf887e2efeddbcfb05abe6d626f9dc74661e9ec2b91dc628eddd4f2a33fad570028018fd69e183820f71400cf324f5a29fe59a2802a27fac5fad35bfd77e3451401eade0124da9c9ce3a6699e301fbcbaf645c7eb451401e60fccc3356ff8c7e3451400f1d051451401ffd9, 'jpg'),
(1, 5, 'Profile Picture', 0xffd8ffe000104a46494600010200000100010000ffdb004300080606070605080707070909080a0c140d0c0b0b0c1912130f141d1a1f1e1d1a1c1c20242e2720222c231c1c2837292c30313434341f27393d38323c2e333432ffdb0043010909090c0b0c180d0d1832211c213232323232323232323232323232323232323232323232323232323232323232323232323232323232323232323232323232ffc0001108012800c803012200021101031101ffc4001f0000010501010101010100000000000000000102030405060708090a0bffc400b5100002010303020403050504040000017d01020300041105122131410613516107227114328191a1082342b1c11552d1f02433627282090a161718191a25262728292a3435363738393a434445464748494a535455565758595a636465666768696a737475767778797a838485868788898a92939495969798999aa2a3a4a5a6a7a8a9aab2b3b4b5b6b7b8b9bac2c3c4c5c6c7c8c9cad2d3d4d5d6d7d8d9dae1e2e3e4e5e6e7e8e9eaf1f2f3f4f5f6f7f8f9faffc4001f0100030101010101010101010000000000000102030405060708090a0bffc400b51100020102040403040705040400010277000102031104052131061241510761711322328108144291a1b1c109233352f0156272d10a162434e125f11718191a262728292a35363738393a434445464748494a535455565758595a636465666768696a737475767778797a82838485868788898a92939495969798999aa2a3a4a5a6a7a8a9aab2b3b4b5b6b7b8b9bac2c3c4c5c6c7c8c9cad2d3d4d5d6d7d8d9dae2e3e4e5e6e7e8e9eaf2f3f4f5f6f7f8f9faffda000c03010002110311003f00f5ae68e94b462b5b98584a39a763da8028b8586e4d1934f00521145c2cc6e68dd4ad8032480299be32701d723de8ba0b31d9a5dd48a55b80c0fd0d3b68a2e87662668cd413dd5bdb0ccb2a27a648155df56b20a592e6227d37526d024cbc6550704814edddf35ccea5abc7e4b490cca1d4138ce47ff5eb01fe20982dd91e2064190b83c93fd2a79921d99e8c0e475a7035e6961f10654c0bb8811d78eb5b961e3bb3bd9b61531e781b8f342926166ba1d8834b9ae466f19db5aea02293e689b187041c574169aadaddc025495429ee4e29a682ccbe29d9a816547fbac1be873526e145868901e7a53830a8b70a323d68b05c9b70a8a5b948d8272ce464201938f5c761ee78a8a79c4103c8412146703b9f4a481192305c832372e7d4fa7d07414ac1726333820088907b9228a86594a6001963c0145160b91e6806942d1b455dd1980268cd18c5047bd21ab8b9c534c8075359ba96af6da7c65a595548f53cd71ba978eb04adb2803fbc6a5c921a4dec77b2de428087607d45739a95fc026db138503ae0f7ae1e4f12cb70d99656009e483814f8afa09c90af927d4f5ace53ec6d187737e7d76e2004c24b01df3d2a94be2dd4ae1444ac500ea41e6b2ae67080e245c5644d72a4903049f4359f3b34e45d8e826bf967e66b904f705b24d462f5b6ed04b01d06302b9b134ea7e5897ea4ff008d06f6f08c98c103d0d4f33b94a297435e691c93962093c806b2ae6d64126f54e0724e7269ab7f2118c7ce0e36b707fc0d28d448c24aa57b648e0fe349c98ecbb0cf341e197a7e269658c4881d1f0e391838344fe54a9bd54a9ec4722a899d91b69619ec7b1ff0a137d05ca98b23dd0218b3123df35a16fac5d2db79419f3d01c900566493acaa54921b1d73d2b2a4bb9ade42371207439ab5260e0bb1da69fe32d4f4d708266600f21b9aebacbe2580105c459071b9b393d3d2bc8575566e1f07d4e2a559f7a924f18aa526b423d9a67bfc7e2db0bd850db3932b00769c7031d4fa5695aeaf14f3c685802d91827927dabe7bd2f5096c9da44724918009aea7c37accd71aca4d3dc940b9cf4c73f5e954a7ad8974da3d9ef17798501c069013f41923f502ac30c0241ac2875eb2bc9e04b7b812b0201db938391d4f4f5adb66cae49eb5a266457037c849c139c73faff9f7a2a9dc5f4369019a56c05c824039249c0e3a93fccd145c0d3ce2933ed4d1229ee0fd0d1b801d6a840cc0649ae5fc49e298b4c8cc5132b4c47001e9ee6a1f1578a174e8cc30303311d7d2bc8b50d51e7959ddcb331c924f26a2526b61c62dbf234352d666bb95a496566627a93c5649b92ec00cb13c62b3dee4b375ebdab634ab68b7092e1f24f48d464b7d7dab27dd9bc62913d9d8cf76c32aa883a93926b55c596991740d21e848e4fe150deea2d6d6a0aec52461234e703f0ac45b6b9ba90cd3cbb73c81c9359b7dcb49742f4f7ad3649181db359f2cc412700fb558780a2e324803a9aaa5096e466a2e9b2920472e782403ef536c2a064e0f620d4d6fa71906e4241ee08eb57469d210060823a1a6da29a7d0caf35b70070d9e81f927e869f20678b2090473823903fa8f7ad16d29987ce841ec40a63594a00043123a1ef4ae1caccb4b8642420e7f893b11ea077fe755aecee5ca6083c9ff00eb7f9ffebe84b66c49ca90c0fcac38c1aa93c4c0648dae3ef00383ee3de9a6ae351334ca4001c9c6320fa7b7d29ac04ca54fdec123dea7920dfc0193dbdea1303a11d411c8229f36a3e56673ab46d8ed4f49587ad5a9202fce3af38a8fecec839155cc98b91925bb48ed819e4d684724b6b270c4038ce2b3632c841c9007e15299cb10198914afa838e9a9d4e93e226d3e44911b69520f39c1c66bd5b42f18c1aa5b8de183f4ced207f87eb5f3f872641b7381dc8aed74dd7562d362b68d006c82ce4648fa67a7e95a4656dce79c16e8f43d52ec79ad213ba3846e001e0c873cfd71c7e34572526a17125b153858db9dee7a91f9668abe6467ca75f6fabc6930459c31071d6b626bf02d1a40c3819eb5e3515e4b0481d5f9eb926afdd78b655d3da30c46460e0f26946a2654e9f632fc49aab5c6a13316e37119cd72f2ce589e4d25d5cb4d23333124927e95519fbe69f98256561e6460c0a9e41e0d6de9529891a5918127a82724fd7dbdab9e56c9f6ae9348b259904b312c8bf74630a3fc4d4c9d9148d2b612dfdd6f23217804f402b696d1163c0504e3ad41668a880460aae7927a9fc2b5adedda72000703a9ac1eaee6d148ca364f33615783ed57ad7c3a1882e2ba2b4b044032056a244a00000153a1aa8a30e0d1a38800147e356d34e8c71b467e95a9b067b53c28f4a4d96958ca3a6a118da3f2a89f494fee8fcab736834d6404718a4d8247352e888f93b464fb5665e78795812a39fa5766d10233dea231039c8a2e558f37974170fc2e3f0aad26947254ae1857a4cb6c841f9467e959775a7a9f980c1a5f3158e05b4c083730c01ea2a84f6e7713b70074cd7697368c858001b1d33597716c0e72a013d30334d498b538f9e320e483f95576c8e71cfa57477568083b50e7d48ac5b988c449da73ef57195c5249a196a14ca8646c64f435ae97315bc8c8aa304e5483dab058b3323838c1c1352b4e7218e78f4ad2d7307e674b25fb4b0932cc0e00da33d3d801c515cb35d927208007a514ecc8b235deef049cf4acebcb96718ce01ed5034848c03c9aab3b9c804f3d2aa31b31ca5742b4d511724d201dfad18c7156644d16d2c06324faf4aebf4e75f21140e00e067fa571e9c118ebfcaba5d0c160c49c80393513d8a89d5da29728a3a9e80575b676cb142a3be3935cf6856a59fce7c71d05752bc002b9dbb1d105a132e06054d9f4e955d724f06a50703152d9aa44ca78e694127daa353df19a764f5a2e52d4797c0eb4d2d9e7afd690e49ed8a31498d2b0ecf1d734d201cd0471c73f4a6331fa50035c0fad55980c63ad59660075aad2648a570339a20cec48ace92d949618183ed5ac700104753555d7193ef4260d1cfdcda9463c6739ae7b51b41cb30c0ec6bb09543331278e99ac1d508588938e2a93d486722d111918f9739f7a8252154e08200ebd2a5b891b7120e39f4acf9831c163c9f53c8ae88ec73cdea1b8b93b40c64003d4d15a9e1ed3c5eea51820948f9391d4f6a2894d2761c69392b94a339cb11d05539989909ab6dfbb420f53daa8b9f9bf1ab5b98c9e848a78cd19e6853f2d20249e01aa25134086590281924e0576fa6d9adb429186cbb609c7bd729a6d95c5d5c2240b96c824f61ef5de69f6de4cc884ee23193ea6b29b4f4358c5adceab4c844502003b56b22e401d6aa5aa1f2c71579063dab07b9d115643d22c0e0014f0833481b1d4d3f7022a6c58118e69c0640cd21231da8193de81a4291ce0628038c641a32318e68e00a06349c1c75fa5318027b7e14f619e9c1a42a40ebcd21d885c715038e0d587c542c38a4053941e82a94c700d68c8383cd66dc9193493199d39c2b1ce38ae535998a424939663c7b575176e3cb20753c571baf3ee9028fa01571dcce7a23059d9c9e73d873d2a09002e703a0e4d5adb842c06083c7b5476c9f68b95403ef30045752d15ce46aeec767e10b2115a095800ee724f7c515b9a6c02082355180001d28ae293bb3d18454558f2dbbb7960908704f3d6a8104b74aeb6730cae4c8808cd53b8d3e291498005239c7ad77a9773ca4ae61e3029f1a166001eb44abb18a9ed525b11e60cfe14dbd2e38abbb1dbe9900b3d3e248c01248033363924f6ad9d293ccbb193c0e49cd6459ca5ed226e380054d1dd4a8ae6138278f7ae54f5d4eaa9bab1dda5e5b44305c6475e6abdc6bd6b11203827b735c2cb1ea320ce49079c13fd29a96574d9de08a1d84ae762be21432e33dff4ad4b5d45676c03c835c1c568e1864f23a135bb61ba29036eea3079eb52dae85c5b3b05704641cd3c373c566437208009abd1be4718a46858182738a6b4814649e3de94950305b19ac6d4ae5d570b9f7fa8a7626e69c9728a325b9a78955f1c8fa57192df4a84b31240e83dea4875d5b721a40cc49ea781472b0e63ad619a89c71cd675a6bf6b72002c149ec4106aff009f1cab956cfe352e2d0d4932b4a7009ac9b96e4f7ad59c820e08ac6b961923352599f7246c24e2b8bd689330f6e715d94f86523b118ae435850b2609e4647e46ae1b99cf63164942c6141e0fad59d02332ea718c77c9aa128c2ee1d0e6b5bc2a376a8bf4e6ba26ed0d0c29abcf53d1e0040500668a9add01c64d15c963b6e79899149c139a9739525491c54bfd98bb81130c8e809a5fecf9811ca95f515d6d9e5a68c0bc07cc248e49a8e03824f1c55fd4a028d93c5672020918eb5a6e86b4774751a3ddb4d0240396071f85758902431a0c0ce3278ef5c6785a233ea01096007240ee07a9f4aec6f2608493c01ef5cf3493d0e88be6b5c9d48239207a52bb201d4573926b0a24c12c7270a88324d4177ab5edbaab35b08c1e4063c91fd2a141bd4d1cd2d2c6fcc54721803f5a6c374c8c06ec8cfad7389ad972a2680a86190413c8f5ab6b21c87424a9f5ea2a5c1a294afa33b3b0b9f3180cf35d1dbc4766e27f5ae3f41479a5dd8240eb5d6b4a123c67181493b1693688eea729907358f73769c8639a5beb9666201358f70fb416638f6cd2727d0125d49e57494f4c9cd57934c3392cac01f700d564bd40deb8f4ad3b5bb47c00706aa2df521a46749a25d86dd1ca3200e0647ff5a859b51b23b58b1c7420e6ba12ea470ddaa09023e438c8f7abe6ee4a875456b3d704a3ca9c047e8327ad36ea51b8907355eff495950b42db5ba822b2d2e2786430ce0ee1d09ee2a249171beccbece393f9d737ae440b0938c63a56e17047b1acbd4144b04808e4018fce941d98a4b4393b93fbb000e993c56af838e754231dab32e94989db904607e1cd68785a416ad35cb7031815d53d6272c1da67a8453c512fccc0628ae0750d7dca6c8c9249e839a2b1503a3dab39b43396c895bf3ad3b379d012f2b103a64d5657803724e33e9565ae622a021e075adddde96317184475ea79d096209c77358d8c38e0d693de2c83667e51491db2dcc8aa839240e2aa29a5a993b37a1d7f82f4e0b6525d15c339c03ed5b777a609810c481dc0abba45a2da69f0c20636a8cd5f68c30ffeb57349dd9d505a1c92e956d036e451bc7393d6aaea763f6e203003031c7435d54f641c92060fd2aab69ae7a1268526b42f913d4e3ffb018156798b0518504e768c93819e83249fa9ada9228aee38ede1870400a1cf518c7a7f5ad64d1998fcd903d4d5cb0b055b80a8b90a793439363e4d4d0d2ec23b2b45403271c9f5351dec98240ad19488a3c7a0ac5ba72ec4d41b45146462493f9d67dc10e182a17603273d00ad28d77120f5344b6c40e533e840eb492bb224accc9b5d125bb24bdc089719c20048ae76eaeef2caf9e18a652aa18832e0020027f338e0773c5758a65b77250953d063fc2b3aeb448750919dc9de4924640e4d6b16918ca2efa99765e29f3584738f2c9e32092a4ff4adcb7d4565206e073ef59d1f86e1809caeec82067a0cf7a645a4cb6d31556253b13daa676dd0e09a3a449415c7506b3efe0de3701823914fb7495000c091d8fad5b65ca104738ef59a7d19763100f979ea2a95d801483d08e6b4e64d8c4f4073597743232688bd424b4399b888913467a91b87e19ff1a9b42b517598c9200e48069d76c89708ec01e7047b1e0d47a14e2d755284fcad915d6d3e5ba3923653d4ec6d342b4c8668c3118c134539af9e25554c0663d4f403d68ac398eab23cd0ce657c0ce053cc840c0240a5b48a3008738627a7b54cd6c54960323b0aecba3cfe593d44810b904f007526baaf0e5a093518723201c9cd7396e8c48240503b9aed7c250a9bb2e49381c66a24cd211ea77f1c6bb4003a0ab0b08c0ce3350c4e00e315604a09e0d73bb1d7142342bdc0a694507a0a7b4a00eb55e4bb50703193c0148b158172106013dfd2ae5bc11c09f2f2c7a9acb4ba5129cb64d5d8e7de400473d2982ee4970a1d4f358b32ed90826b4e79c212a48c8eb591732ee7f97f4a968d13be88620c3820719ad3851658f18cd518fa02c08abd0829822a53b307b10cfa7023200355bec2c320608f715b4adb87232691a20c3a60d37e445b5308d9b138e07d2a4165c738f7e2b49a220f34dda40c0a41668ce7b5d838191e955e55214823a56b48090726b3e75c67bd26812316e9415358d763838e98adcba51839e958778c0671d0714a37b83d8e6753600923a7426b32398c378ae4f420e456b5dc7e6dc08b8f988155f5ad21ec638e51cab0c647635db16ad6671d48fbd7474776ed2da46230496039068abba2c3e7e976ec464851d47b515cfcd63a52ba38e3a73954727693c907b0ab28aa89b17e6c77a81efa473fbc23278e29c9280323ad6f2bf539a2d741ff002a8c1209ec076aec7c2040590f607ad711210086279f4aee3c2995d30be3192693d15c69d9d8ec239b27ae2a6fb400300d6445367b9a95a52475ac5b3789724b8c83ce2b3ae2590b829d70403ef43392719c934f54e39a499a18b34f77692895c6509c123b569dbea64a82091c52cd6c65254e483daa9bda321200e3b556a4b24b8d5b66e676240e4e013fca9967add94ac3e7c13d370233f9d3d2c99a320a8c77cf7a4fb15ba722052d8eb8a4d9714fa1a6d728e995231566ceeb31824f1dc9ac486d247201f9133c80735b11c4be479407cb8c54dca77b6a6aa32b8054e7352af3c63a565dbca636f2f3803a568ab8eb934f4e845d8ae993daabb0233d6acbb81ed9ef503b724f6349a1a7a10b608f63542e00c1ab92b9078acfb8938273834ac24cc8bd60aa715ce5cc992727bd6bea73e03004d73d3b92a79eb4e0b5b89b2ac0a64bd0c46429c935bb7d09d42c0dba2862577127b0f5a8749b112c12b6393d2ae43006b5320244d1b10d83ce30063f4fd6b56eef4e86566cd1d260f234f86303a281d28ab161c409eb8e68ac99d104ac7954aaae0381c9ea73d29b1ca11b04e45401c98cae7ad6d687e1abad55c3636c20fcce7802bba692d59e5d2bb6258da9bf9d52252cc4f40335e8f61a79b2d392138c8192076a6e99a769ba441e540e85f1f3392324ff004abe1d2500230231d8e6b9dcaeedd0eab15a307a53e424b0441c91c9f4a7c11832119e849a50a103b9ea4d66f7b1a45e811458ea327d6ad24649e7b567ff006845164b3018ed509d7e2190a334ec34dbd8db1103d073514b012456526ba33923f5ab6babc2fcb3018ea3348be565b8a2c8da4538da81c62aba6a96e0821b9ab497d0ca3218734acd86a86ac183c0c0a951714e0e840c1049a42483c7349a1f374647344410e3a8356629814049a68f9c62ab728c572783485b971a5c8ea6a27970319e6abb4b8e0d42f2f19cd1704ac3a69f8ce79acfb89b0a4e79a9257c8acebb7201183c8ce68b89b31efdcbb1c9c9cf4acd752cc00e9572724b93e94cb688cb3ae0719ab8e8ae437d0ddd3a3167621dc1e47031d6a19ed268a13723e52e092bed5a17166f776f1a2b150b8391eb54afeda786d199ae5db030013fd29a682e5fd38836ea413d28aaba34c5ad5413ca9c1cd152d1a45e8798c316cc332827ae0d5c9350bb910219e41181808a70a07b01c577034cb04184b54c7a919fe7504da7593820c298f618af59d0763e3e39c42fb591c40964047ced8f626bbef085c992cb6b31241e493935972681652e42e6327a1078ad0d0f4c974c9580943c67919e08ae5ab1695ac7ad85c542ad9c59d4da906e483de9d3c4198af38aa504bb6f14e7822b42524b83ea2b91ad4f522f4391d56c251704894a827818ab3a66891cf04724b2310492c09c56a6a1009979c5615ec57c90a2c33ba04c90107273d8d5ab34538cb96f13a383c310ca62da4ed6e49cf352ea3e16113c6b6f9218e073dea3d03c40c8a90df442dcc6a000c465bdff009715d326b56134b1a2cf1b380582820f1d3349c5dcc5569c5ea73b37844dbdb07fb490c0658e0e073d78cf4aa09a35f45009ccbb23e40c8c9f6e07e55dc5f6a96696a5e69515072cce40033fe4560eb1e23b1b5d3ccb14b1be30154104b73da959a2d6224f4662137d671892642a0f39a96db57472031c1a9f50d6ac25b4b733ca3ca9582a807ae7fa7bf6acebcb4b294b1b799237880dc8a727904824761c7eb4252652ab7f88e8219c3e083d69f700615875ce0d735a35d4f2332905954e3701c1ae87717400f3c8a8969a16995a660b9c9a8092541cf5a7dd11e66dc9a4400e06738a9436c8dc00a09ed5957cfc1c0e2b56e1b0b8cd60dec99279a7a92d99b311bb9edd6b434383cfbac90300e4fb5634af86c9153dbea32db44c612aa00c92477ad5276b12dd8f40936c5102b8c74ac3d52746b6656603b8fad734be25bd743bca919e080466b2efb57b897397fa534b5139a48e8748b92249533c6ecfe7cd1593e16579a49e47624b0e327a9145653694851aaac750e46735131041e94e7719f5a85df3ed5f427e6311ad8ea0d2c32b24806e3827d6a266c530b7208e31594e29a699d942a4a9c934cd8dfb591b3d08ad90db941cf6ac089bcc881ef8cd6c44c7ca427d2bc8a91e59347dde1aa7b4a6a5e436e3919151c6c8cb86009a9dc6473dea9491b29256927a1dd466a3a32c88a13967556078e472287b5b12c08b703dc75cfad53f3c8001c820d3926e460f14d4ba1bba54e7a8b71a5d84c84ca67620fcaa4e547e67ad67b6956823263898b1ee4002b567963f257633173d73d3db1557f7b20c0040a1cac42a54d6acc77d2a37383c803001e71f4abda6f86e1595a660c370f9b24fcc3d0fa8fad6a5b5a2821980635a88b851d054f33227c9b45090dbc50461514281d80a5665452c7a0a0bf1c62b3af6e78d80e49e2a19991b4be6ce4e78cd580428cf7aa70feec648c9ef44d720023233481b197938e40ac3b87049249c0e7eb56ae26dc4f35957526148f6aa4aec893d4a53be5881dcf26aa4f292be583c0e5bdfdaa4cb4b2054049270a3d49ab179a5c9681036492324fbd6b74b43393bbb196cc71807155270ce700124d6cadaaecc919a8c40378c01c1145ec4cd595d9b1a15935a5909db39032063803d4d156afe75b6d1963c90cc063f2a2b9e516d9cc9dcb0cf9a61fce99be8dfef5f44d9f04a235b22984103239069cc475a4183c6720d448da09dcd6d3a2df685f1ed5af00cc0bea2a3b3b610e9d18c6491934f81b04a9ec7a579351f336cfbac253f674e2993346700e2a23167b56846a1d00f4a93c94200c73595eda1da95cc57806092bfa5345b29e40c56e1b356e7bd21b20070450996aeb66642db8c720e3e9522c4071802afb5b63ad31a203ad3ba13bf5224014605389e69e5028dc78a8c742c4600a86ee1b0cb894451138c1ac505a594b9c9e781566fa52efb01efcd46a360c0eb4993719239453eb551d8b1c9353c9c939355267014927005091326579c9193918f6ac4bd97276839ed56eeeeb8c03d7a563cacc5875249c015b4636d5917b6acdef0f5834f29bb65f95385e3a9ee6ba2d46d167b4c9c671c67b9aabe1d96296d160c850a318e9f89ad0be25182a83b40c82475fa0ae7949f35cc1c9dee7312c0624208e454da6699f69226601638be66247534fbc06590469c97381cff003ae8a0b11069e913304880e589c6e3df1dcd54a7a5c752575647237b14da9de9450c515b1d3000a2b7eeef6dadd0436c00639e50631f8f5cfbd150ea33251310c8293cdaae5e937d7bdcccf8c502dab83c53ad4137b1c6470c4551690ae181ad9d0221737ab2119f2c67f1acea4ed16cebc1d0e7ad18f43b011e6d801d8565c8c524dc0fb56ca7ddc1ee3d2b22f50a4a4763d2bcc4eecfb571b2d0bf69302a327357c3038c57376b73e5bed638c1ad68ee410306868b8bd0d1070300f14a4922aaacca4024e2a4130c7240a9b15707ce4f271519c29c93492ce00ea3f0aa335c819e69587756269650cf80726abdcce1232a0d5637017273cd539670ec79068b58872e848a32e58f26877001e45566b8545eb81542eb500010a724d095c96ec4f7574ab900f1eb589777ad236d424d2399673c13c9ab31da08812579eb9356928fa90ddd99de5311bdfb0e9552de547be218671903d2afea2e121da3ab1c0acf16ad6f731b01c8c139fd68935622a3b2b1720bc974ad403804c64e703d2ba67d721bf846e65403b93d3eb591756a93c00210cd8ca91dfdab1989846d603e82b2569239f5b9d10d46cadae0bc45ae26049048c22fb9f5a4b8d567bc932ce598f0003803e82b9d42a792c403daae5b5cf904b443731e0123245371560b337a0b4091f9b3b8072309dcf5e7d3ff00d74551b4b979645f38955240c81938f5a2b1698cc96bd20920023e9cd3adaf12738ce083820f6acbf3093d78aedfc2b1693340a5a08da61d4b004e6bdca93e457b5cf3960615572ad199420965f96246727a0504d753e1bd366b2819e742aee7201ea05740a90c49f222a8c7000029a809624f24d7154aee6acb43bb0796ac3cb99bb9301c7154efa0f3632401b855e4e3a8a64ca76e40ce6b04f53d26b5b1c9ce18120121c74f4a647a9b4476be411eb5a9a8599705d47d47a561ca304aba861ee2a9993bc5e86b45aaa11cb0f6e6a55d4411f7bafbd736d0444654b29f63511864cf13b003d79a2c3533a39b5140305bf5aa136a4a4e01cfe3595f667272d331f6a9920553919c8f5a4d039964dcbb0c9c8150bdc15c924e3d287207726aab9c9e793d8524bb9376d84b3bc8700e00ea699140d2b6304e7d6aedad83cc412303deb5a1b1588648e955e83b365286d1510123902a2ba70010315a17122a290302b0af6e000ed9e80d2b5d82b14900bbd51158fc918c9fad58d46d820598004e41c1f4a34288397948c9639fc2b5afedcc96f92b900718ae7a93f7d2309bbb31ed26114822909da4e54e3a54b73644e5c283df38e08aa72212e413c9008ff3f856969f7bbd443312c00c0c9ed49dd6a89b197e55b2cbb4ed1c9e7047f3e95ab6e2c22405ce78e80026a5bed152ed4c9010ad8e00ef588ba75dc5394751819249381ffd7fa5529292bdc56ee68cd2a95691142a7452477eff005a2a4b5b26b9655604201d08efde8a5cc90ac71ac4f207152da5ecd652892272a41e7deab138383c1a612735eec95cc22da7747a3689e2e8ee4ac37242b700127ad76104a92a8646041ee0d784872bc82411deba3d17c5b7360ca93169231ea791fe35c95287547653c47491eb8bc8e39a53d306b134bf10da6a31831caa4f719c11f856b89038c82083e95cce2d6e742927aa22922ce48c7359577a62cb929f2b7707a56c938f714d6008a40f538fb8b09a224b4671ea066ab7960139047e15dab26381c8f43513dbc44e5a1563f4a64b8ab9c7e00e94d0598e11598fb0aeb5ada0ea21518f6a618101e140fa0a41cbd4e5d6caea63ca841ea7ad6959e8c8843382cdea6b596000f4e6a609b476a2cd9692440b0ac6bc01f9556b8902a9c55999f00ff2ac7bd9f00e0d3e80ec8a37b3f0466b0ef1cb058875738fc2adcf2967ea4fbd6787df7c1c8caa600e7a9a35b368ce525146f68b108a4f2cf000ea47b56e5dc48d6e36e436df98638c82738fc307eb9ac6b471e62484601e00fa56e6e0f19000048ea6bcf6eef5dcc7739395364eac402141041e8467a7eb5120db21c6722b56eadc7da54119049538f7e9fad652b1490065e84a939eb8ad2eda04b4342db537846186401e9568eaf6aca4bc64b1f4193599282ea3601923a0a48ecdc8cb8c0ec3b9a4b977158b136b12edf2eda058c13d739268a9ed6d228a459662011d01ed451cebb0591c0f0460f2698d91ce28a2be859c8861a4a28a9291243732c12078a46461d0a9c1aeab49f1c5d5b6d4ba5f35071b8707f2e868a2b3945346919b4f43b4d37c4f63a88012650c472a4e08fc2b5c3ab0cab020fa1a28ae5945267641b6049346ec714515050c739e319cd22af39207f8514522ba0ec003200a8a47001a28a00c9bb9f048cd61ddcd904e68a28259972be01241e01356f4cb685ed518952e4ee618e79e94515b457bacf33309b4a3635cc44050a42818cd5f84ee8c29238e0628a2bc77bb3aa1aa425c42a610c14641e71dea9c9a75bb82420049c920f20d14574444ca3b0da121d0b007a81914bf6d88e4aa9cf6e28a2a1c50c8659589cb32a0eb963cd1451549211fffd9, 'jpg', NULL, 0xffd8ffe000104a46494600010200000100010000ffdb004300080606070605080707070909080a0c140d0c0b0b0c1912130f141d1a1f1e1d1a1c1c20242e2720222c231c1c2837292c30313434341f27393d38323c2e333432ffdb0043010909090c0b0c180d0d1832211c213232323232323232323232323232323232323232323232323232323232323232323232323232323232323232323232323232ffc00011080032003203012200021101031101ffc4001f0000010501010101010100000000000000000102030405060708090a0bffc400b5100002010303020403050504040000017d01020300041105122131410613516107227114328191a1082342b1c11552d1f02433627282090a161718191a25262728292a3435363738393a434445464748494a535455565758595a636465666768696a737475767778797a838485868788898a92939495969798999aa2a3a4a5a6a7a8a9aab2b3b4b5b6b7b8b9bac2c3c4c5c6c7c8c9cad2d3d4d5d6d7d8d9dae1e2e3e4e5e6e7e8e9eaf1f2f3f4f5f6f7f8f9faffc4001f0100030101010101010101010000000000000102030405060708090a0bffc400b51100020102040403040705040400010277000102031104052131061241510761711322328108144291a1b1c109233352f0156272d10a162434e125f11718191a262728292a35363738393a434445464748494a535455565758595a636465666768696a737475767778797a82838485868788898a92939495969798999aa2a3a4a5a6a7a8a9aab2b3b4b5b6b7b8b9bac2c3c4c5c6c7c8c9cad2d3d4d5d6d7d8d9dae2e3e4e5e6e7e8e9eaf2f3f4f5f6f7f8f9faffda000c03010002110311003f00f1b5577908c1dccdd0d7abf83adedf4ab56371346840c1627193debceb50521e19d595b3dd6bb48c797696ed3d9b4b23c61dbe5e0719efd2b9ea3d0e9a513d0ecf52b3bbcac12ab11e95759d557731007a9af39d0ef669efa316f6d2468cdb482318ef5d16b5a8ec8cc4a3720eb5833a96c6ebb2c89b91830f515cd6b6e122703d0d67dadd47b9bc8d4248671d622dd3eaa6a2d42ee7762970013b7865e8dfe149ab0d3b9e79248ed2bb6e3cb13454d2da91338e7ef1a2b6d0c351fa3c326a3aa5bdb4e0796ce010076af647b1b692102423007e55e57e1482e2ef508eed2322187396c719c70057a009a59405270b8e7268a8caa4ac69d9db595bf992c2543e319cf4aa696b1dd48e1cf04f0d54ce9cacc7cb970ae7e60ad56ad6d25b63ccac7030b96ce2b2674ad8ad3f862dde73348a0c87ac9dcd56d4ecc416fb724ede86ba4376be48dd8dddeb97f10df0fb3b2a753c54bd49d0e3df1e637d4d14f16172e0385386e68ad2de64685eb0b29f4fbe81975095a0438f29beee3e838ae92f625bcb38981395238dc403ec715cf33976014f24e07d6babb6b5dc86027e65eb9aebc5423169a3c2c971556b45aa9ad84b48f4c5b31f6ab195660a73e4c9904fe24553fb6b1b81158c574307eecb86047d73c55ffeca74c9dff291eb4a912da213803b935c8da3df692d9b16e6425914e0311c815ca6bd72a1f00e403cd69dddd3a87919b696f5ec2b9db7316a3ad4514adfbace79fe23e950bb99ce7644ebe2d8a340834e560a300eeeb8fc28a24d1ecfcc6c3903278f4a2ab9e065ed46d8f37d0679fde2ff00315da648d538f4a28aebc56e8f1f23f825ea699ff566b12fd8e1f93d45145711f40f6397d658995149383d466b09ff00e3e2efd8263da8a2abec9cd57613ed33ff00cf793fefb34514566731ffd9, 'jpg');

-- --------------------------------------------------------

--
-- Tabellenstruktur für Tabelle `proposition`
--

CREATE TABLE IF NOT EXISTS `proposition` (
  `id_person` bigint(20) NOT NULL,
  `id_proposition` bigint(20) NOT NULL,
  `created` datetime NOT NULL,
  PRIMARY KEY (`id_person`,`id_proposition`),
  KEY `fk_propositionPerson` (`id_person`),
  KEY `fk_propositionProps` (`id_proposition`)
) ENGINE=InnoDB DEFAULT CHARSET=utf8 COLLATE=utf8_unicode_ci;

-- --------------------------------------------------------

--
-- Tabellenstruktur für Tabelle `question`
--

CREATE TABLE IF NOT EXISTS `question` (
  `id_question` bigint(20) NOT NULL AUTO_INCREMENT,
  `created` datetime NOT NULL,
  `author` bigint(20) NOT NULL,
  `question` text COLLATE utf8_unicode_ci NOT NULL,
  `answer_a` text COLLATE utf8_unicode_ci NOT NULL,
  `answer_b` text COLLATE utf8_unicode_ci NOT NULL,
  `answer_c` text COLLATE utf8_unicode_ci,
  `answer_d` text COLLATE utf8_unicode_ci,
  `answer_e` text COLLATE utf8_unicode_ci,
  `char_attrib` int(11) DEFAULT NULL,
  `weight_a` int(11) DEFAULT NULL,
  `weight_b` int(11) DEFAULT NULL,
  `weight_c` int(11) DEFAULT NULL,
  `weight_d` int(11) DEFAULT NULL,
  `weight_e` int(11) DEFAULT NULL,
  PRIMARY KEY (`id_question`),
  KEY `fk_questionAuthor` (`author`),
  KEY `fk_questionCharAttrib` (`char_attrib`)
) ENGINE=InnoDB  DEFAULT CHARSET=utf8 COLLATE=utf8_unicode_ci AUTO_INCREMENT=29 ;

--
-- Daten für Tabelle `question`
--

INSERT INTO `question` (`id_question`, `created`, `author`, `question`, `answer_a`, `answer_b`, `answer_c`, `answer_d`, `answer_e`, `char_attrib`, `weight_a`, `weight_b`, `weight_c`, `weight_d`, `weight_e`) VALUES
(1, '2012-03-22 15:27:04', 1, 'Which ice tea do you prefer?', 'Lipton', 'Migros', 'Greentea-honey ice tea', 'Homemade', NULL, NULL, NULL, NULL, NULL, NULL, NULL),
(2, '2012-05-14 15:45:23', 3, 'hallo', 'nq', 'id', 'iue', 'ueee', NULL, NULL, NULL, NULL, NULL, NULL, NULL),
(3, '2012-05-15 15:41:38', 3, 'the quest', 'antwort1', 'antwort2', 'antwort3', '', NULL, NULL, NULL, NULL, NULL, NULL, NULL),
(4, '2012-05-15 15:42:33', 3, 'tata', 'onldsfiiasidfi', '_', '', '', NULL, NULL, NULL, NULL, NULL, NULL, NULL),
(5, '2012-05-16 11:10:32', 3, 'TEST', 'test', 'test', 'test', 'test', NULL, NULL, NULL, NULL, NULL, NULL, NULL),
(6, '2012-05-16 11:25:01', 3, 'asdf', 'test', 'test', 'test', 'test', NULL, NULL, NULL, NULL, NULL, NULL, NULL),
(7, '2012-05-18 14:22:03', 3, 'hasdf', 'asdf', 'qwert', 'asdf', 'as34', NULL, NULL, NULL, NULL, NULL, NULL, NULL),
(8, '2012-05-22 11:32:15', 3, 'Frage ohne Ende', '1', '2', '3', '4', NULL, NULL, NULL, NULL, NULL, NULL, NULL),
(9, '2012-05-22 12:41:54', 3, 'NANA', '1', '2', '3', '4', NULL, NULL, NULL, NULL, NULL, NULL, NULL),
(10, '2012-05-22 16:13:30', 3, 'doh', 'gah', 'dii', 'eiuu', 'ow', NULL, NULL, NULL, NULL, NULL, NULL, NULL),
(11, '2012-05-22 16:14:28', 3, 'question', 'answerA', 'answerB', 'answerC', 'answerD', NULL, NULL, NULL, NULL, NULL, NULL, NULL),
(12, '2012-05-22 16:14:39', 3, 'question', 'answerA', 'answerB', 'answerC', 'answerD', NULL, NULL, NULL, NULL, NULL, NULL, NULL),
(13, '2012-05-22 16:14:55', 3, 'question', 'answerA', 'answerB', 'answerC', 'answerD', NULL, NULL, NULL, NULL, NULL, NULL, NULL),
(14, '2012-05-22 16:15:04', 3, 'question', 'answerA', 'answerB', 'answerC', 'answerD', NULL, NULL, NULL, NULL, NULL, NULL, NULL),
(15, '2012-05-23 09:40:56', 3, 'question', 'answerA', 'answerB', 'answerC', 'answerD', NULL, NULL, NULL, NULL, NULL, NULL, NULL),
(16, '2012-05-23 09:41:07', 3, 'question', 'answerA', 'answerB', 'answerC', 'answerD', NULL, NULL, NULL, NULL, NULL, NULL, NULL),
(17, '2012-05-23 11:02:26', 3, 'asdf', 'asdf', 'asdf', 'asdf', 'asdfe', NULL, NULL, NULL, NULL, NULL, NULL, NULL),
(18, '2012-05-23 11:02:37', 3, 'asdf', 'asdf', 'asdf', 'asdf', 'asdf', NULL, NULL, NULL, NULL, NULL, NULL, NULL),
(19, '2012-05-23 11:21:39', 3, 'question', 'answerA', 'answerB', 'answerC', 'answerD', NULL, NULL, NULL, NULL, NULL, NULL, NULL),
(20, '2012-05-23 11:47:32', 3, 'dse', 'asdf', 'asdfr', 'wrwe', 'qwe', NULL, NULL, NULL, NULL, NULL, NULL, NULL),
(21, '2012-05-23 11:48:36', 3, 'halo', 'dii', 'ieu', 'uueue', 'uuau', NULL, NULL, NULL, NULL, NULL, NULL, NULL),
(22, '2012-05-23 11:48:47', 3, 'bbb', 'iiiei', 'irewi', 'iioi', 'i', NULL, NULL, NULL, NULL, NULL, NULL, NULL),
(23, '2012-05-23 13:43:37', 3, 'Warum ist der Himmel blau?', 'Weiss ich doch nicht!', 'Darum', 'Frag einen Physiker', '', NULL, NULL, NULL, NULL, NULL, NULL, NULL),
(24, '2012-05-23 13:44:45', 3, 'Asdf', 'blaju', 'blisfjdk', '', '', NULL, NULL, NULL, NULL, NULL, NULL, NULL),
(25, '2012-05-24 14:58:00', 3, 'eeee', 'aaaa', 'ffff', 'eeeaasdf', 'ertttt', NULL, NULL, NULL, NULL, NULL, NULL, NULL),
(26, '2012-06-20 14:27:13', 3, 'Halloe', 'asdf', 'asdf', '', '', NULL, NULL, NULL, NULL, NULL, NULL, NULL),
(27, '2012-07-18 16:26:56', 3, 'schoen', 'nai', 'jo', 'lala', 'huhu', NULL, NULL, NULL, NULL, NULL, NULL, NULL),
(28, '2012-08-13 14:38:53', 5, 'Was für einen Tag hattest du heute?', 'Perfekt', 'Gut', 'Schlech', '', NULL, NULL, NULL, NULL, NULL, NULL, NULL);

-- --------------------------------------------------------

--
-- Tabellenstruktur für Tabelle `questionstatistics`
--

CREATE TABLE IF NOT EXISTS `questionstatistics` (
  `id_question` bigint(20) NOT NULL,
  `total_replies` bigint(20) NOT NULL DEFAULT '0',
  `total_private_replies` bigint(20) NOT NULL DEFAULT '0',
  `total_marked_critical` bigint(20) NOT NULL DEFAULT '0',
  `total_chosen_a` bigint(20) NOT NULL DEFAULT '0',
  `total_chosen_b` bigint(20) NOT NULL DEFAULT '0',
  `total_chosen_c` bigint(20) NOT NULL DEFAULT '0',
  `total_chosen_d` bigint(20) NOT NULL DEFAULT '0',
  `total_chosen_e` bigint(20) NOT NULL DEFAULT '0',
  PRIMARY KEY (`id_question`),
  KEY `fk_questionStatisticsQuestion` (`id_question`)
) ENGINE=InnoDB DEFAULT CHARSET=utf8 COLLATE=utf8_unicode_ci;

-- --------------------------------------------------------

--
-- Tabellenstruktur für Tabelle `religion`
--

CREATE TABLE IF NOT EXISTS `religion` (
  `id_religion` int(11) NOT NULL AUTO_INCREMENT,
  `name` varchar(85) COLLATE utf8_unicode_ci NOT NULL,
  PRIMARY KEY (`id_religion`)
) ENGINE=InnoDB DEFAULT CHARSET=utf8 COLLATE=utf8_unicode_ci AUTO_INCREMENT=1 ;

-- --------------------------------------------------------

--
-- Tabellenstruktur für Tabelle `reply`
--

CREATE TABLE IF NOT EXISTS `reply` (
  `id_person` bigint(20) NOT NULL,
  `id_question` bigint(20) NOT NULL,
  `skipped` tinyint(1) NOT NULL DEFAULT '0',
  `private` tinyint(1) NOT NULL DEFAULT '0',
  `critical` tinyint(1) NOT NULL DEFAULT '0',
  `last_update` datetime NOT NULL,
  `importance` int(11) NOT NULL,
  `explanation` text COLLATE utf8_unicode_ci,
  `answer_a` tinyint(1) NOT NULL DEFAULT '0',
  `answer_b` tinyint(1) NOT NULL DEFAULT '0',
  `answer_c` tinyint(1) NOT NULL DEFAULT '0',
  `answer_d` tinyint(1) NOT NULL DEFAULT '0',
  `answer_e` tinyint(1) NOT NULL DEFAULT '0',
  `expected_a` tinyint(1) NOT NULL DEFAULT '0',
  `expected_b` tinyint(1) NOT NULL DEFAULT '0',
  `expected_c` tinyint(1) NOT NULL DEFAULT '0',
  `expected_d` tinyint(1) NOT NULL DEFAULT '0',
  `expected_e` tinyint(1) NOT NULL DEFAULT '0',
  PRIMARY KEY (`id_person`,`id_question`),
  KEY `fk_replyPerson` (`id_person`),
  KEY `fk_replyQuestion` (`id_question`),
  KEY `fk_replyImportance` (`importance`)
) ENGINE=InnoDB DEFAULT CHARSET=utf8 COLLATE=utf8_unicode_ci;

--
-- Daten für Tabelle `reply`
--

INSERT INTO `reply` (`id_person`, `id_question`, `skipped`, `private`, `critical`, `last_update`, `importance`, `explanation`, `answer_a`, `answer_b`, `answer_c`, `answer_d`, `answer_e`, `expected_a`, `expected_b`, `expected_c`, `expected_d`, `expected_e`) VALUES
(1, 1, 0, 0, 0, '2012-04-17 21:48:30', 10, NULL, 1, 0, 0, 0, 0, 0, 1, 0, 0, 0),
(2, 1, 0, 0, 0, '2012-03-22 16:15:23', 10, NULL, 0, 1, 0, 0, 0, 1, 1, 0, 0, 0),
(3, 1, 1, 0, 0, '2012-06-20 14:26:51', 0, NULL, 0, 0, 0, 0, 0, 0, 0, 0, 0, 0),
(3, 2, 1, 0, 0, '2012-07-18 16:25:54', 0, NULL, 0, 0, 0, 0, 0, 0, 0, 0, 0, 0),
(3, 3, 0, 0, 0, '2012-05-24 16:57:36', 0, NULL, 0, 1, 0, 0, 0, 1, 1, 1, 0, 0),
(3, 4, 0, 0, 0, '2012-05-23 13:42:25', 1, NULL, 0, 1, 0, 0, 0, 1, 0, 0, 0, 0),
(3, 5, 0, 0, 0, '2012-05-23 14:41:17', 0, NULL, 0, 1, 0, 0, 0, 0, 0, 0, 0, 0),
(3, 6, 0, 0, 0, '2012-05-23 13:39:39', 0, NULL, 0, 1, 0, 0, 0, 0, 0, 0, 0, 0),
(3, 7, 0, 0, 0, '2012-06-11 10:18:28', 50, NULL, 0, 0, 0, 1, 0, 1, 0, 1, 1, 0),
(3, 8, 0, 0, 0, '2012-05-23 13:52:01', 10, NULL, 0, 0, 1, 0, 0, 1, 0, 1, 1, 0),
(3, 9, 0, 0, 0, '2012-05-23 13:51:55', 1, NULL, 0, 1, 0, 0, 0, 0, 1, 1, 1, 0),
(3, 10, 0, 0, 0, '2012-05-23 16:57:13', 0, NULL, 1, 0, 0, 0, 0, 0, 0, 0, 0, 0),
(3, 11, 0, 0, 0, '2012-05-23 13:42:51', 1, NULL, 0, 1, 0, 0, 0, 0, 1, 0, 0, 0),
(3, 12, 1, 0, 0, '2012-05-23 14:48:03', 0, NULL, 0, 0, 0, 0, 0, 0, 0, 0, 0, 0),
(3, 13, 0, 0, 0, '2012-05-23 14:10:02', 0, NULL, 1, 0, 0, 0, 0, 0, 0, 0, 0, 0),
(3, 14, 1, 0, 0, '2012-05-23 14:47:33', 0, NULL, 0, 0, 0, 0, 0, 0, 0, 0, 0, 0),
(3, 15, 1, 0, 0, '2012-05-23 14:47:32', 0, NULL, 0, 0, 0, 0, 0, 0, 0, 0, 0, 0),
(3, 16, 1, 0, 0, '2012-05-23 14:47:31', 0, NULL, 0, 0, 0, 0, 0, 0, 0, 0, 0, 0),
(3, 17, 1, 0, 0, '2012-05-23 14:47:30', 0, NULL, 0, 0, 0, 0, 0, 0, 0, 0, 0, 0),
(3, 18, 1, 0, 0, '2012-05-23 14:47:28', 0, NULL, 0, 0, 0, 0, 0, 0, 0, 0, 0, 0),
(3, 19, 1, 0, 0, '2012-05-23 14:47:27', 0, NULL, 0, 0, 0, 0, 0, 0, 0, 0, 0, 0),
(3, 20, 1, 0, 0, '2012-05-23 14:47:26', 0, NULL, 0, 0, 0, 0, 0, 0, 0, 0, 0, 0),
(3, 21, 1, 0, 0, '2012-05-23 14:47:25', 0, NULL, 0, 0, 0, 0, 0, 0, 0, 0, 0, 0),
(3, 22, 1, 0, 0, '2012-05-23 14:47:22', 0, NULL, 0, 0, 0, 0, 0, 0, 0, 0, 0, 0),
(3, 23, 1, 0, 0, '2012-05-24 10:06:23', 0, NULL, 0, 0, 0, 0, 0, 0, 0, 0, 0, 0),
(3, 24, 0, 0, 0, '2012-05-23 16:58:08', 0, NULL, 1, 0, 0, 0, 0, 0, 0, 0, 0, 0),
(3, 25, 0, 1, 0, '2012-06-11 10:23:14', 10, NULL, 0, 1, 0, 0, 0, 0, 1, 1, 0, 0),
(3, 26, 0, 1, 0, '2012-06-20 14:28:27', 10, NULL, 0, 1, 0, 0, 0, 0, 1, 0, 0, 0),
(4, 1, 0, 1, 0, '2012-07-19 10:23:06', 1, NULL, 1, 0, 0, 0, 0, 1, 0, 0, 0, 0),
(4, 2, 0, 1, 0, '2012-07-19 10:23:28', 10, NULL, 0, 1, 0, 0, 0, 0, 1, 0, 0, 0),
(5, 1, 0, 1, 0, '2012-08-13 14:40:39', 0, NULL, 1, 0, 0, 0, 0, 1, 1, 1, 1, 0),
(5, 2, 1, 0, 0, '2012-08-13 15:03:49', 0, NULL, 0, 0, 0, 0, 0, 0, 0, 0, 0, 0);

-- --------------------------------------------------------

--
-- Tabellenstruktur für Tabelle `seriousness`
--

CREATE TABLE IF NOT EXISTS `seriousness` (
  `weight` int(11) NOT NULL,
  `description` varchar(85) COLLATE utf8_unicode_ci NOT NULL,
  PRIMARY KEY (`weight`)
) ENGINE=InnoDB DEFAULT CHARSET=utf8 COLLATE=utf8_unicode_ci;

-- --------------------------------------------------------

--
-- Tabellenstruktur für Tabelle `sign`
--

CREATE TABLE IF NOT EXISTS `sign` (
  `id_sign` tinyint(4) NOT NULL AUTO_INCREMENT,
  `name` varchar(30) COLLATE utf8_unicode_ci NOT NULL,
  `month_from` tinyint(4) NOT NULL,
  `day_from` tinyint(4) NOT NULL,
  `month_to` tinyint(4) NOT NULL,
  `day_to` tinyint(4) NOT NULL,
  PRIMARY KEY (`id_sign`)
) ENGINE=InnoDB DEFAULT CHARSET=utf8 COLLATE=utf8_unicode_ci AUTO_INCREMENT=1 ;

-- --------------------------------------------------------

--
-- Tabellenstruktur für Tabelle `soulmates`
--

CREATE TABLE IF NOT EXISTS `soulmates` (
  `id_requester` bigint(20) NOT NULL,
  `id_requested` bigint(20) NOT NULL,
  `request_pending` tinyint(1) NOT NULL,
  `request_since` datetime DEFAULT NULL,
  `soulmates_since` datetime DEFAULT NULL,
  PRIMARY KEY (`id_requester`,`id_requested`),
  KEY `fk_requesterPerson` (`id_requester`),
  KEY `fk_requestedPerson` (`id_requested`)
) ENGINE=InnoDB DEFAULT CHARSET=utf8 COLLATE=utf8_unicode_ci;

-- --------------------------------------------------------

--
-- Tabellenstruktur für Tabelle `statusupdate`
--

CREATE TABLE IF NOT EXISTS `statusupdate` (
  `id_person` bigint(20) NOT NULL,
  `when` datetime NOT NULL,
  `id_mood` int(11) DEFAULT NULL,
  `description` text COLLATE utf8_unicode_ci,
  PRIMARY KEY (`id_person`,`when`),
  KEY `fk_personmood_person` (`id_person`),
  KEY `fk_personmood_mood` (`id_mood`)
) ENGINE=InnoDB DEFAULT CHARSET=utf8 COLLATE=utf8_unicode_ci;

-- --------------------------------------------------------

--
-- Tabellenstruktur für Tabelle `tag`
--

CREATE TABLE IF NOT EXISTS `tag` (
  `id_tag` bigint(20) NOT NULL AUTO_INCREMENT,
  `category` int(11) NOT NULL,
  `name` varchar(85) COLLATE utf8_unicode_ci NOT NULL,
  PRIMARY KEY (`id_tag`)
) ENGINE=InnoDB  DEFAULT CHARSET=utf8 COLLATE=utf8_unicode_ci AUTO_INCREMENT=10 ;

--
-- Daten für Tabelle `tag`
--

INSERT INTO `tag` (`id_tag`, `category`, `name`) VALUES
(1, 0, 'Aspirin'),
(2, 2, 'Scuba Diving'),
(3, 2, 'Reading'),
(4, 2, 'Movies'),
(5, 1, 'Pain'),
(6, 0, 'Humira'),
(7, 2, 'Programming'),
(8, 1, 'Headache'),
(9, 2, 'Sports');

-- --------------------------------------------------------

--
-- Tabellenstruktur für Tabelle `visit`
--

CREATE TABLE IF NOT EXISTS `visit` (
  `id_visitor` bigint(20) NOT NULL,
  `id_visited` bigint(20) NOT NULL,
  `id_when` datetime NOT NULL,
  PRIMARY KEY (`id_visitor`,`id_visited`,`id_when`),
  KEY `fk_visitVisitor` (`id_visitor`),
  KEY `fk_visitVisited` (`id_visited`)
) ENGINE=InnoDB DEFAULT CHARSET=utf8 COLLATE=utf8_unicode_ci;

--
-- Constraints der exportierten Tabellen
--

--
-- Constraints der Tabelle `lookingfor`
--
ALTER TABLE `lookingfor`
  ADD CONSTRAINT `fk_personLookingFor` FOREIGN KEY (`id_person`) REFERENCES `person` (`id_person`) ON DELETE CASCADE ON UPDATE CASCADE;

--
-- Constraints der Tabelle `matching`
--
ALTER TABLE `matching`
  ADD CONSTRAINT `fk_matchDestination` FOREIGN KEY (`id_destination`) REFERENCES `person` (`id_person`) ON DELETE NO ACTION ON UPDATE NO ACTION,
  ADD CONSTRAINT `fk_matchSource` FOREIGN KEY (`id_source`) REFERENCES `person` (`id_person`) ON DELETE NO ACTION ON UPDATE NO ACTION;

--
-- Constraints der Tabelle `person`
--
ALTER TABLE `person`
  ADD CONSTRAINT `fk_personAccessLevel` FOREIGN KEY (`access_level`) REFERENCES `accesslevel` (`id_access_level`) ON DELETE NO ACTION ON UPDATE NO ACTION,
  ADD CONSTRAINT `fk_personDiet` FOREIGN KEY (`diet`) REFERENCES `diet` (`id_diet`) ON DELETE NO ACTION ON UPDATE NO ACTION,
  ADD CONSTRAINT `fk_personEducation` FOREIGN KEY (`education`) REFERENCES `education` (`id_education`) ON DELETE NO ACTION ON UPDATE NO ACTION,
  ADD CONSTRAINT `fk_personJob` FOREIGN KEY (`job`) REFERENCES `job` (`id_job`) ON DELETE NO ACTION ON UPDATE NO ACTION,
  ADD CONSTRAINT `fk_personLocation` FOREIGN KEY (`location`) REFERENCES `location` (`id_location`) ON DELETE NO ACTION ON UPDATE NO ACTION,
  ADD CONSTRAINT `fk_personReligion` FOREIGN KEY (`religion`) REFERENCES `religion` (`id_religion`) ON DELETE NO ACTION ON UPDATE NO ACTION,
  ADD CONSTRAINT `fk_personReligionSerious` FOREIGN KEY (`religion_serious`) REFERENCES `seriousness` (`weight`) ON DELETE NO ACTION ON UPDATE NO ACTION,
  ADD CONSTRAINT `fk_personSign` FOREIGN KEY (`sign`) REFERENCES `sign` (`id_sign`) ON DELETE NO ACTION ON UPDATE NO ACTION,
  ADD CONSTRAINT `fk_personSignSerious` FOREIGN KEY (`sign_serious`) REFERENCES `seriousness` (`weight`) ON DELETE NO ACTION ON UPDATE NO ACTION;

--
-- Constraints der Tabelle `personabout`
--
ALTER TABLE `personabout`
  ADD CONSTRAINT `fk_personAboutAbout` FOREIGN KEY (`id_about`) REFERENCES `about` (`id_about`) ON DELETE NO ACTION ON UPDATE NO ACTION,
  ADD CONSTRAINT `fk_personAboutPerson` FOREIGN KEY (`id_person`) REFERENCES `person` (`id_person`) ON DELETE NO ACTION ON UPDATE NO ACTION;

--
-- Constraints der Tabelle `personblocked`
--
ALTER TABLE `personblocked`
  ADD CONSTRAINT `fk_blockedPerson` FOREIGN KEY (`id_blocked`) REFERENCES `person` (`id_person`) ON DELETE NO ACTION ON UPDATE NO ACTION,
  ADD CONSTRAINT `fk_blockerPerson` FOREIGN KEY (`id_blocker`) REFERENCES `person` (`id_person`) ON DELETE NO ACTION ON UPDATE NO ACTION;

--
-- Constraints der Tabelle `personfacebookgroup`
--
ALTER TABLE `personfacebookgroup`
  ADD CONSTRAINT `fk_personGroupGroup` FOREIGN KEY (`id_group`) REFERENCES `facebookgroup` (`id_group`) ON DELETE NO ACTION ON UPDATE NO ACTION,
  ADD CONSTRAINT `fk_personGroupPerson` FOREIGN KEY (`id_person`) REFERENCES `person` (`id_person`) ON DELETE NO ACTION ON UPDATE NO ACTION;

--
-- Constraints der Tabelle `personfacebookpage`
--
ALTER TABLE `personfacebookpage`
  ADD CONSTRAINT `fk_personFacebookPageFacebookPage` FOREIGN KEY (`id_page`) REFERENCES `facebookpage` (`id_page`) ON DELETE NO ACTION ON UPDATE NO ACTION,
  ADD CONSTRAINT `fk_personFacebookPagePerson` FOREIGN KEY (`id_person`) REFERENCES `person` (`id_person`) ON DELETE NO ACTION ON UPDATE NO ACTION;

--
-- Constraints der Tabelle `personfriendshiptype`
--
ALTER TABLE `personfriendshiptype`
  ADD CONSTRAINT `fk_friendTypeFriendship` FOREIGN KEY (`id_friendship`) REFERENCES `friendshiptype` (`id_friendship`) ON DELETE NO ACTION ON UPDATE NO ACTION,
  ADD CONSTRAINT `fk_friendTypePerson` FOREIGN KEY (`id_person`) REFERENCES `person` (`id_person`) ON DELETE NO ACTION ON UPDATE NO ACTION;

--
-- Constraints der Tabelle `personlanguage`
--
ALTER TABLE `personlanguage`
  ADD CONSTRAINT `fk_personLanguageLanguage` FOREIGN KEY (`id_language`) REFERENCES `language` (`id_language`) ON DELETE NO ACTION ON UPDATE NO ACTION,
  ADD CONSTRAINT `fk_personLanguageLevel` FOREIGN KEY (`id_level`) REFERENCES `languagelevel` (`id_languageLevel`) ON DELETE NO ACTION ON UPDATE NO ACTION,
  ADD CONSTRAINT `fk_personLanguagePerson` FOREIGN KEY (`id_person`) REFERENCES `person` (`id_person`) ON DELETE NO ACTION ON UPDATE NO ACTION;

--
-- Constraints der Tabelle `personrating`
--
ALTER TABLE `personrating`
  ADD CONSTRAINT `fk_personRatingRated` FOREIGN KEY (`id_rated`) REFERENCES `person` (`id_person`) ON DELETE NO ACTION ON UPDATE NO ACTION,
  ADD CONSTRAINT `fk_personRatingRator` FOREIGN KEY (`id_rater`) REFERENCES `person` (`id_person`) ON DELETE NO ACTION ON UPDATE NO ACTION;

--
-- Constraints der Tabelle `persontag`
--
ALTER TABLE `persontag`
  ADD CONSTRAINT `fk_person` FOREIGN KEY (`id_person`) REFERENCES `person` (`id_person`) ON DELETE NO ACTION ON UPDATE NO ACTION,
  ADD CONSTRAINT `fk_tag` FOREIGN KEY (`id_tag`) REFERENCES `tag` (`id_tag`) ON DELETE NO ACTION ON UPDATE NO ACTION;

--
-- Constraints der Tabelle `picture`
--
ALTER TABLE `picture`
  ADD CONSTRAINT `fk_picture_mood` FOREIGN KEY (`mood`) REFERENCES `mood` (`id_mood`) ON DELETE NO ACTION ON UPDATE NO ACTION,
  ADD CONSTRAINT `fk_picture_person` FOREIGN KEY (`id_person`) REFERENCES `person` (`id_person`) ON DELETE NO ACTION ON UPDATE NO ACTION;

--
-- Constraints der Tabelle `proposition`
--
ALTER TABLE `proposition`
  ADD CONSTRAINT `fk_propositionPerson` FOREIGN KEY (`id_person`) REFERENCES `person` (`id_person`) ON DELETE NO ACTION ON UPDATE NO ACTION,
  ADD CONSTRAINT `fk_propositionProps` FOREIGN KEY (`id_proposition`) REFERENCES `person` (`id_person`) ON DELETE NO ACTION ON UPDATE NO ACTION;

--
-- Constraints der Tabelle `question`
--
ALTER TABLE `question`
  ADD CONSTRAINT `fk_questionAuthor` FOREIGN KEY (`author`) REFERENCES `person` (`id_person`) ON DELETE NO ACTION ON UPDATE NO ACTION,
  ADD CONSTRAINT `fk_questionCharAttrib` FOREIGN KEY (`char_attrib`) REFERENCES `characterattribute` (`id_character_attribute`) ON DELETE NO ACTION ON UPDATE NO ACTION;

--
-- Constraints der Tabelle `questionstatistics`
--
ALTER TABLE `questionstatistics`
  ADD CONSTRAINT `fk_questionStatisticsQuestion` FOREIGN KEY (`id_question`) REFERENCES `question` (`id_question`) ON DELETE NO ACTION ON UPDATE NO ACTION;

--
-- Constraints der Tabelle `reply`
--
ALTER TABLE `reply`
  ADD CONSTRAINT `fk_replyImportance` FOREIGN KEY (`importance`) REFERENCES `importance` (`weight`) ON DELETE NO ACTION ON UPDATE NO ACTION,
  ADD CONSTRAINT `fk_replyPerson` FOREIGN KEY (`id_person`) REFERENCES `person` (`id_person`) ON DELETE NO ACTION ON UPDATE NO ACTION,
  ADD CONSTRAINT `fk_replyQuestion` FOREIGN KEY (`id_question`) REFERENCES `question` (`id_question`) ON DELETE NO ACTION ON UPDATE NO ACTION;

--
-- Constraints der Tabelle `soulmates`
--
ALTER TABLE `soulmates`
  ADD CONSTRAINT `fk_requestedPerson` FOREIGN KEY (`id_requested`) REFERENCES `person` (`id_person`) ON DELETE NO ACTION ON UPDATE NO ACTION,
  ADD CONSTRAINT `fk_requesterPerson` FOREIGN KEY (`id_requester`) REFERENCES `person` (`id_person`) ON DELETE NO ACTION ON UPDATE NO ACTION;

--
-- Constraints der Tabelle `statusupdate`
--
ALTER TABLE `statusupdate`
  ADD CONSTRAINT `fk_personmood_mood` FOREIGN KEY (`id_mood`) REFERENCES `mood` (`id_mood`) ON DELETE NO ACTION ON UPDATE NO ACTION,
  ADD CONSTRAINT `fk_personmood_person` FOREIGN KEY (`id_person`) REFERENCES `person` (`id_person`) ON DELETE NO ACTION ON UPDATE NO ACTION;

--
-- Constraints der Tabelle `visit`
--
ALTER TABLE `visit`
  ADD CONSTRAINT `fk_visitVisited` FOREIGN KEY (`id_visited`) REFERENCES `person` (`id_person`) ON DELETE NO ACTION ON UPDATE NO ACTION,
  ADD CONSTRAINT `fk_visitVisitor` FOREIGN KEY (`id_visitor`) REFERENCES `person` (`id_person`) ON DELETE NO ACTION ON UPDATE NO ACTION;

/*!40101 SET CHARACTER_SET_CLIENT=@OLD_CHARACTER_SET_CLIENT */;
/*!40101 SET CHARACTER_SET_RESULTS=@OLD_CHARACTER_SET_RESULTS */;
/*!40101 SET COLLATION_CONNECTION=@OLD_COLLATION_CONNECTION */;
